Date,Price,,
1/2/2018,111.7,,
1/3/2018,112.22,,
1/4/2018,112.17,,
1/5/2018,112.4,,
1/8/2018,112.17,,
1/9/2018,111.64,,
1/10/2018,111.18,,
1/11/2018,111.69,,
1/12/2018,111.96,,
1/15/2018,111.88,,
1/16/2018,111.46,,
1/17/2018,111.05,,
1/18/2018,110.51,,
1/19/2018,109.9,,
1/22/2018,109.88,,
1/23/2018,110.2,,
1/24/2018,109.82,,
1/25/2018,110.12,,
1/26/2018,110.33,,
1/29/2018,110,,
1/30/2018,109.47,,
1/31/2018,109.91,,
2/1/2018,110.13,,
2/2/2018,108.88,,
2/5/2018,108.26,,
2/6/2018,108.03,,
2/7/2018,108.43,,
2/8/2018,106.98,,
2/9/2018,106.13,,
2/12/2018,106.04,,
2/13/2018,105.71,,
2/14/2018,104.92,,
2/15/2018,105.41,,
2/16/2018,106.33,,
2/19/2018,106.73,,
2/20/2018,105.81,,
2/21/2018,106.05,,
2/22/2018,105.45,,
2/23/2018,105.26,,
2/26/2018,105.82,,
2/27/2018,105.61,,
2/28/2018,105.45,,
3/1/2018,105.18,,
3/2/2018,105,,
3/5/2018,105,,
3/6/2018,105.14,,
3/7/2018,105,,
3/8/2018,105,,
3/9/2018,105,,
3/12/2018,105,,
3/13/2018,104.12,,
3/14/2018,104.45,,
3/15/2018,104.31,,
3/16/2018,104.06,,
3/19/2018,103.62,,
3/20/2018,103.44,,
3/21/2018,103.57,,
3/22/2018,103.88,,
3/23/2018,103.56,,
3/26/2018,103.3,,
3/27/2018,103.49,,
3/28/2018,103.39,,
3/29/2018,103.61,,
4/3/2018,103.66,,
4/4/2018,103.65,,
4/5/2018,103.5,,
4/6/2018,103.89,,
4/9/2018,103.5,,
4/10/2018,103.5,,
4/11/2018,102.83,,
4/12/2018,102.98,,
4/13/2018,103.2,,
4/16/2018,102.65,,
4/17/2018,102.61,,
4/18/2018,103.52,,
4/19/2018,103.43,,
4/20/2018,102.86,,
4/23/2018,102.61,,
4/24/2018,102.91,,
4/25/2018,102.8,,
4/26/2018,102.93,,
4/27/2018,102.62,,
4/30/2018,102.57,,
5/2/2018,101.15,,
5/3/2018,100.8,,
5/4/2018,100.12,,
5/7/2018,99.37,,
5/8/2018,98.29,,
5/9/2018,97.94,,
5/10/2018,97.97,,
5/11/2018,97.98,,
5/14/2018,97.5,,
5/15/2018,94.1,,
5/16/2018,94.23,,
5/17/2018,93.79,,
5/18/2018,93.53,,
5/22/2018,92.24,,
5/23/2018,93.45,,
5/24/2018,94.99,,
5/25/2018,96.34,,
5/28/2018,96.3,,
5/29/2018,97.74,,
5/30/2018,98,,
5/31/2018,96.68,,
6/1/2018,94.47,,
6/4/2018,94.68,,
6/5/2018,94.49,,
6/6/2018,94.18,,
6/7/2018,95.22,,
6/8/2018,94.94,,
6/11/2018,94.29,,
6/12/2018,93.21,,
6/13/2018,92.5,,
6/14/2018,93.09,,
6/15/2018,92.5,,
6/18/2018,90.65,,
6/19/2018,89.33,,
6/20/2018,91.1,,
6/21/2018,92.3,,
6/22/2018,94.81,,
6/25/2018,93.28,,
6/26/2018,92.4,,
6/27/2018,92.74,,
6/28/2018,93.22,,
6/29/2018,94.01,,
7/2/2018,93.35,,
7/3/2018,93.49,,
7/4/2018,93.58,,
7/5/2018,94.14,,
7/6/2018,94.75,,
7/9/2018,96.01,,
7/10/2018,92.61,,
7/11/2018,91.29,,
7/12/2018,90.34,,
7/13/2018,91.17,,
7/16/2018,91.32,,
7/17/2018,92.15,,
7/18/2018,92.46,,
7/19/2018,93.19,,
7/20/2018,93.73,,
7/23/2018,93.82,,
7/24/2018,91.68,,
7/25/2018,92.76,,
7/26/2018,93.5,,
7/27/2018,92.51,,
7/30/2018,91.88,,
7/31/2018,91.6,,
8/1/2018,91.25,,
8/2/2018,89.62,,
8/3/2018,90.55,,
8/6/2018,90.43,,
8/7/2018,90.17,,
8/8/2018,89.68,,
8/9/2018,89.1,,
8/10/2018,83.15,,
8/13/2018,79.87,,
8/14/2018,82,,
8/15/2018,82.86,,
8/16/2018,86.31,,
8/17/2018,84.99,,
8/20/2018,84.36,,
8/21/2018,85.73,,
8/22/2018,87.18,,
8/23/2018,87.39,,
8/24/2018,86.13,,
8/27/2018,86.28,,
8/28/2018,87,,
8/29/2018,83.77,,
8/30/2018,81.67,,
8/31/2018,81,,
9/3/2018,81,,
9/4/2018,80.75,,
9/5/2018,80.82,,
9/6/2018,82.82,,
9/7/2018,82.93,,
9/10/2018,82.46,,
9/11/2018,82.61,,
9/12/2018,84.5,,
9/13/2018,88.02,,
9/14/2018,89.01,,
9/17/2018,87.98,,
9/18/2018,87.04,,
9/19/2018,88.19,,
9/20/2018,89,,
9/21/2018,88.32,,
9/24/2018,89.24,,
9/25/2018,89.85,,
9/26/2018,89.91,,
9/27/2018,90.61,,
9/28/2018,90.61,,
10/1/2018,90.34,,
10/2/2018,88.98,,
10/4/2018,87.22,,
10/5/2018,86.28,,
10/8/2018,86.1,,
10/9/2018,86.54,,
10/10/2018,86.95,,
10/11/2018,87.74,,
10/12/2018,87.85,,
10/15/2018,88.17,,
10/16/2018,87.71,,
10/17/2018,88.39,,
10/18/2018,88.16,,
10/19/2018,88,,
10/22/2018,88,,
10/23/2018,88,,
10/24/2018,88,,
10/25/2018,88.11,,
10/26/2018,88.36,,
10/29/2018,88.4,,
10/30/2018,88.5,,
10/31/2018,88,,
11/1/2018,88,,
11/2/2018,90,,
11/5/2018,90,,
11/6/2018,90,,
11/7/2018,90.05,,
11/8/2018,90,,
11/9/2018,90,,
11/12/2018,90,,
11/13/2018,90,,
11/14/2018,90,,
11/15/2018,90,,
11/16/2018,90,,
11/19/2018,88.03,,
11/20/2018,85.95,,
11/21/2018,86.07,,
11/22/2018,86.17,,
11/23/2018,85.95,,
11/26/2018,86,,
11/27/2018,84.76,,
11/28/2018,84.93,,
11/29/2018,86.61,,
11/30/2018,86.59,,
12/3/2018,87.5,,
12/4/2018,87.06,,
12/5/2018,87.12,,
12/6/2018,86.97,,
12/7/2018,87.7,,
12/10/2018,87.71,,
12/11/2018,88.15,,
12/12/2018,89.3,,
12/13/2018,89.43,,
12/14/2018,89.8,,
12/17/2018,89.94,,
12/18/2018,90.36,,
12/19/2018,92.38,,
12/20/2018,93.44,,
12/21/2018,92.87,,
12/27/2018,93.13,,
12/28/2018,93.13,,
1/2/2019,92.49,,
1/3/2019,92.13,,
1/4/2019,92.48,,
1/7/2019,92.58,,
1/8/2019,91.03,,
1/9/2019,91.08,,
1/10/2019,91.3,,
1/11/2019,90.98,,
1/14/2019,90.16,,
1/15/2019,90.87,,
1/16/2019,91.83,,
1/17/2019,92.71,,
1/18/2019,94.36,,
1/21/2019,94.41,,
1/22/2019,93.94,,
1/23/2019,95.35,,
1/24/2019,96.34,,
1/25/2019,96.05,,
1/28/2019,94.61,,
1/29/2019,94.86,,
1/30/2019,95.52,,
1/31/2019,97.69,,
2/1/2019,96.81,,
2/4/2019,96.29,,
2/5/2019,97.93,,
2/6/2019,96.82,,
2/7/2019,96.14,,
2/8/2019,95.82,,
2/11/2019,94.8,,
2/12/2019,95.4,,
2/13/2019,95.86,,
2/14/2019,95.44,,
2/15/2019,95.42,,
2/18/2019,95.39,,
2/19/2019,95.22,,
2/20/2019,94.77,,
2/21/2019,94.61,,
2/22/2019,94.41,,
2/25/2019,94.91,,
2/26/2019,95.34,,
2/27/2019,95.52,,
2/28/2019,95.23,,
3/1/2019,94.27,,
3/4/2019,94.18,,
3/5/2019,93.98,,
3/6/2019,94.01,,
3/7/2019,93.31,,
3/8/2019,92.9,,
3/11/2019,93.07,,
3/12/2019,94.09,,
3/13/2019,94.38,,
3/14/2019,94.27,,
3/15/2019,94.69,,
3/18/2019,94.85,,
3/19/2019,94.27,,
3/20/2019,93.75,,
3/21/2019,94.74,,
3/22/2019,90.52,,
3/25/2019,89.66,,
3/26/2019,90.5,,
3/27/2019,88.45,,
3/28/2019,89.22,,
3/29/2019,90.42,,
4/1/2019,92,,
4/2/2019,90.81,,
4/3/2019,90.86,,
4/4/2019,92,,
4/5/2019,91.77,,
4/8/2019,90.67,,
4/9/2019,90.13,,
4/10/2019,90.11,,
4/11/2019,88.33,,
4/12/2019,87.5,,
4/15/2019,86.51,,
4/16/2019,88,,
4/17/2019,88.45,,
4/18/2019,87.64,,
4/23/2019,87.72,,
4/24/2019,88.2,,
4/25/2019,86.91,,
4/26/2019,87.49,,
4/29/2019,88.44,,
4/30/2019,89.11,,
5/2/2019,90.66,,
5/3/2019,90.77,,
5/6/2019,90.77,,
5/7/2019,89.9,,
5/8/2019,89,,
5/9/2019,87.77,,
5/10/2019,88.13,,
5/13/2019,87.17,,
5/14/2019,88.59,,
5/15/2019,88.72,,
5/16/2019,89.32,,
5/17/2019,89.46,,
5/20/2019,90,,
5/21/2019,89.52,,
5/22/2019,89.21,,
5/23/2019,87.59,,
5/24/2019,87.39,,
5/27/2019,86.84,,
5/28/2019,87.8,,
5/29/2019,87.8,,
5/30/2019,88.63,,
5/31/2019,88.84,,
6/3/2019,88.97,,
6/4/2019,89.5,,
6/5/2019,89.92,,
6/6/2019,89.71,,
6/7/2019,89.69,,
6/11/2019,89.5,,
6/12/2019,89.71,,
6/13/2019,89.5,,
6/14/2019,88.5,,
6/17/2019,88.1,,
6/18/2019,90,,
6/19/2019,90,,
6/20/2019,91.96,,
6/21/2019,91.27,,
6/24/2019,92.15,,
6/25/2019,93.63,,
6/26/2019,93.5,,
6/27/2019,94.91,,
6/28/2019,95.57,,
7/1/2019,97.56,,
7/2/2019,97.29,,
7/3/2019,97.18,,
7/4/2019,97.47,,
7/5/2019,96.3,,
7/8/2019,94.21,,
7/9/2019,94.21,,
7/10/2019,94.21,,
7/11/2019,94.21,,
7/12/2019,93,,
7/15/2019,93.3,,
7/16/2019,93.85,,
7/17/2019,94.63,,
7/18/2019,94.68,,
7/19/2019,95.8,,
7/22/2019,96,,
7/23/2019,96.36,,
7/24/2019,97,,
7/25/2019,97.8,,
7/26/2019,97.8,,
7/29/2019,97.96,,
7/30/2019,99,,
7/31/2019,98,,
8/1/2019,96.82,,
8/2/2019,96.08,,
8/5/2019,95.17,,
8/6/2019,95.1,,
8/7/2019,96.28,,
8/8/2019,96.36,,
8/9/2019,96.5,,
8/12/2019,96,,
8/13/2019,95.25,,
8/14/2019,94.55,,
8/15/2019,94.15,,
8/16/2019,95.02,,
8/19/2019,95.09,,
8/20/2019,94.03,,
8/21/2019,94.34,,
8/22/2019,93.82,,
8/23/2019,93.78,,
8/26/2019,94.41,,
8/27/2019,93.79,,
8/28/2019,94.23,,
8/29/2019,94.01,,
8/30/2019,94.68,,
9/2/2019,95.24,,
9/3/2019,95.45,,
9/4/2019,96.73,,
9/5/2019,96.74,,
9/6/2019,96.22,,
9/9/2019,95.24,,
9/10/2019,94.27,,
9/11/2019,93.77,,
9/12/2019,95.69,,
9/13/2019,95.04,,
9/16/2019,97.6,,
9/17/2019,95.12,,
9/18/2019,95.86,,
9/19/2019,96.28,,
9/20/2019,96.59,,
9/23/2019,96.85,,
9/24/2019,97.19,,
9/25/2019,97.36,,
9/26/2019,97.57,,
9/27/2019,98.36,,
9/30/2019,98.47,,
10/1/2019,98.11,,
10/2/2019,97.52,,
10/4/2019,98.92,,
10/7/2019,98.41,,
10/8/2019,97.52,,
10/9/2019,96.46,,
10/10/2019,94.7,,
10/11/2019,95.69,,
10/14/2019,93.66,,
10/15/2019,94.81,,
10/16/2019,94.03,,
10/17/2019,94.4,,
10/18/2019,95.98,,
10/21/2019,95.08,,
10/22/2019,96,,
10/23/2019,96.86,,
10/24/2019,98.45,,
10/25/2019,99.62,,
10/28/2019,99.81,,
10/29/2019,99.42,,
10/30/2019,99,,
10/31/2019,99,,
11/1/2019,98.58,,
11/4/2019,98.95,,
11/5/2019,98.51,,
11/6/2019,98.86,,
11/7/2019,100.22,,
11/8/2019,100.16,,
11/11/2019,100,,
11/12/2019,100.28,,
11/13/2019,100.68,,
11/14/2019,101.53,,
11/15/2019,101.95,,
11/18/2019,102.63,,
11/19/2019,102.01,,
11/20/2019,101.8,,
11/21/2019,101.62,,
11/22/2019,101.68,,
11/25/2019,101.09,,
11/26/2019,100.94,,
11/27/2019,100.05,,
11/28/2019,99.77,,
11/29/2019,99.76,,
12/2/2019,99.75,,
12/3/2019,99.65,,
12/4/2019,100.44,,
12/5/2019,101.14,,
12/6/2019,101.02,,
12/9/2019,101.09,,
12/10/2019,101.21,,
12/11/2019,101.37,,
12/12/2019,101.67,,
12/13/2019,102.34,,
12/16/2019,102.23,,
12/17/2019,102.81,,
12/18/2019,103.87,,
12/19/2019,102.67,,
12/20/2019,102.76,,
12/23/2019,102.74,,
12/27/2019,103.09,,
12/30/2019,103.03,,
1/2/2020,104.03,,
1/3/2020,103.46,,
1/6/2020,103.36,,
1/7/2020,103.77,,
1/8/2020,104.25,,
1/9/2020,104.51,,
1/10/2020,104.99,,
1/13/2020,105.27,,
1/14/2020,105.86,,
1/15/2020,107.34,,
1/16/2020,107.35,,
1/17/2020,106.95,,
1/20/2020,107.09,,
1/21/2020,106.97,,
1/22/2020,107.97,,
1/23/2020,108.73,,
1/24/2020,109.16,,
1/27/2020,109.17,,
1/28/2020,109.84,,
1/29/2020,110.45,,
1/30/2020,110.6,,
1/31/2020,110.85,,
2/3/2020,110.79,,
2/4/2020,110.57,,
2/5/2020,110.41,,
2/6/2020,110.66,,
2/7/2020,109,,
2/10/2020,106.09,,
2/11/2020,107.32,,
2/12/2020,107.48,,
2/13/2020,106.95,,
2/14/2020,107.69,,
2/17/2020,107.68,,
2/18/2020,108.09,,
2/19/2020,107.36,,
2/20/2020,105.97,,
2/21/2020,106.28,,
2/24/2020,105.2,,
2/25/2020,105.05,,
2/26/2020,104.77,,
2/27/2020,102.54,,
2/28/2020,97.44,,
3/2/2020,100.81,,
3/3/2020,104.09,,
3/4/2020,106.44,,
3/5/2020,105.53,,
3/6/2020,103.21,,
3/9/2020,97.63,,
3/10/2020,100.01,,
3/11/2020,101.31,,
3/12/2020,94,,
3/13/2020,91.31,,
3/16/2020,89.5,,
3/17/2020,87.58,,
3/18/2020,81.88,,
3/19/2020,81,,
3/20/2020,81,,
3/23/2020,81,,
3/24/2020,83.11,,
3/25/2020,90.82,,
3/26/2020,93.5,,
3/27/2020,89.75,,
3/30/2020,91,,
3/31/2020,87.16,,
4/1/2020,87.95,,
4/2/2020,83.54,,
4/3/2020,82.4,,
4/6/2020,81.6,,
4/7/2020,85,,
4/8/2020,84.97,,
4/9/2020,88.88,,
4/14/2020,87.85,,
4/15/2020,88.41,,
4/16/2020,85.66,,
4/17/2020,86.02,,
4/20/2020,88.2,,
4/21/2020,87.45,,
4/22/2020,87.43,,
4/23/2020,87.78,,
4/24/2020,88.49,,
4/27/2020,89.88,,
4/28/2020,89.68,,
4/29/2020,90,,
4/30/2020,89.77,,
5/4/2020,89.1,,
5/5/2020,89.8,,
5/6/2020,87.79,,
5/7/2020,87.11,,
5/8/2020,87.02,,
5/11/2020,88.5,,
5/12/2020,90.45,,
5/13/2020,90.54,,
5/14/2020,88.5,,
5/15/2020,88.69,,
5/18/2020,90.38,,
5/19/2020,90.62,,
5/20/2020,92.66,,
5/21/2020,91.63,,
5/22/2020,90.52,,
5/25/2020,90.25,,
5/26/2020,92.1,,
5/27/2020,92.1,,
5/28/2020,93,,
5/29/2020,92.1,,
6/2/2020,95,,
6/3/2020,97.62,,
6/4/2020,97.61,,
6/5/2020,100,,
6/8/2020,100,,
6/9/2020,100,,
6/10/2020,98.09,,
6/11/2020,98.08,,
6/12/2020,96.48,,
6/15/2020,95.41,,
6/16/2020,97.4,,
6/17/2020,98.1,,
6/18/2020,98.01,,
6/19/2020,98.14,,
6/22/2020,97.59,,
6/23/2020,98.01,,
6/24/2020,97.21,,
6/25/2020,96.75,,
6/26/2020,97.76,,
6/29/2020,97.54,,
6/30/2020,97.48,,
7/1/2020,97.58,,
7/2/2020,98.78,,
7/3/2020,98.83,,
7/6/2020,99.39,,
7/7/2020,97.66,,
7/8/2020,97.15,,
7/9/2020,97.08,,
7/10/2020,95.83,,
7/13/2020,96.08,,
7/14/2020,95.93,,
7/15/2020,95.9,,
7/16/2020,96.12,,
7/17/2020,96.48,,
7/20/2020,96.58,,
7/21/2020,97.97,,
7/22/2020,98.5,,
7/23/2020,99.67,,
7/24/2020,98.51,,
7/27/2020,98.71,,
7/28/2020,96.08,,
7/29/2020,95.03,,
7/30/2020,91.72,,
7/31/2020,92.29,,
8/3/2020,93.46,,
8/4/2020,92.21,,
8/5/2020,91.66,,
8/6/2020,90.04,,
8/7/2020,91.36,,
8/10/2020,92.31,,
8/11/2020,94.35,,
8/12/2020,94.67,,
8/13/2020,94.81,,
8/14/2020,94,,
8/17/2020,92.95,,
8/18/2020,93.11,,
8/19/2020,94.44,,
8/20/2020,93.98,,
8/21/2020,94.86,,
8/24/2020,95.39,,
8/25/2020,95.33,,
8/26/2020,95.21,,
8/27/2020,95.8,,
8/28/2020,95.74,,
8/31/2020,96.27,,
9/1/2020,96.65,,
9/2/2020,97.87,,
9/3/2020,97.16,,
9/4/2020,96.67,,
9/7/2020,96.62,,
9/8/2020,96.72,,
9/9/2020,96.25,,
9/10/2020,96.46,,
9/11/2020,96.52,,
9/14/2020,95.51,,
9/15/2020,97.35,,
9/16/2020,95.95,,
9/17/2020,95.19,,
9/21/2020,92.23,,
9/22/2020,92.25,,
9/23/2020,92.81,,
9/24/2020,91.9,,
9/25/2020,94.95,,
9/28/2020,93.09,,
10/1/2020,94.37,,
10/2/2020,94.28,,
10/5/2020,95.06,,
10/6/2020,95.2,,
10/7/2020,94.22,,
10/8/2020,93,,
10/9/2020,94.18,,
10/12/2020,94.54,,
10/13/2020,94.84,,
10/14/2020,94.05,,
10/15/2020,93.68,,
10/16/2020,94.2,,
10/19/2020,94.7,,
10/20/2020,94.96,,
10/21/2020,95.63,,
10/22/2020,94.27,,
10/23/2020,94.2,,
10/26/2020,94.2,,
10/28/2020,93,,
11/2/2020,91.1,,
11/3/2020,90.68,,
11/4/2020,92.61,,
11/5/2020,94.91,,
11/6/2020,93.9,,
11/9/2020,98.62,,
11/10/2020,98.54,,
11/11/2020,102.41,,
11/12/2020,102.47,,
11/13/2020,103.03,,
11/16/2020,103.13,,
11/17/2020,102.24,,
11/18/2020,103.23,,
11/19/2020,104.5,,
11/20/2020,103.79,,
11/23/2020,103.03,,
11/24/2020,102.74,,
11/25/2020,102.36,,
11/26/2020,102.58,,
11/27/2020,103.61,,
11/30/2020,103.66,,
12/1/2020,103.72,,
12/2/2020,103.84,,
12/3/2020,104.79,,
12/4/2020,105.13,,
12/7/2020,105.02,,
12/8/2020,104.57,,
12/9/2020,104.1,,
12/10/2020,103.51,,
12/11/2020,103.2,,
12/14/2020,103.65,,
12/15/2020,104.82,,
12/16/2020,105.77,,
12/17/2020,107.5,,
12/18/2020,107.34,,
12/21/2020,106.32,,
12/22/2020,106.8,,
12/23/2020,107.06,,
12/28/2020,107.5,,
12/29/2020,108.28,,
12/30/2020,108.62,,
1/4/2021,108.83,,
1/5/2021,107.79,,
1/6/2021,107.36,,
1/7/2021,107.38,,
1/8/2021,107.12,,
1/11/2021,106.07,,
1/12/2021,104.49,,
1/13/2021,105.79,,
1/14/2021,105.54,,
1/15/2021,104.11,,
1/18/2021,104.11,,
1/19/2021,104.52,,
1/20/2021,104.64,,
1/21/2021,105.29,,
1/22/2021,105.01,,
1/25/2021,105.07,,
1/26/2021,105.36,,
1/27/2021,105.14,,
1/28/2021,105.58,,
1/29/2021,106.17,,
2/1/2021,106.65,,
2/2/2021,106.85,,
2/3/2021,106.79,,
2/4/2021,107.05,,
2/5/2021,107.84,,
2/8/2021,107.35,,
2/9/2021,107.28,,
2/10/2021,107.47,,
2/11/2021,107.88,,
2/12/2021,107.86,,
2/15/2021,107.58,,
2/16/2021,107.01,,
2/17/2021,106.62,,
2/18/2021,107.05,,
2/19/2021,107.05,,
2/22/2021,106.17,,
2/23/2021,105.64,,
2/24/2021,104.72,,
2/25/2021,104.37,,
2/26/2021,102.81,,
3/1/2021,104.27,,
3/2/2021,104.18,,
3/3/2021,103.03,,
3/4/2021,102.5,,
3/5/2021,101.26,,
3/8/2021,99.8,,
3/9/2021,100.68,,
3/10/2021,101.72,,
3/11/2021,103.47,,
3/12/2021,102.13,,
3/15/2021,102.74,,
3/16/2021,103.37,,
3/17/2021,102.21,,
3/18/2021,102.81,,
3/19/2021,103.15,,
3/22/2021,93.6,,
3/23/2021,93.1,,
3/24/2021,94.06,,
3/25/2021,95.2,,
3/26/2021,94.3,,
3/29/2021,94.3,,
3/30/2021,93.47,,
3/31/2021,94.49,,
4/1/2021,96.54,,
4/6/2021,97.6,,
4/7/2021,96.91,,
4/8/2021,97.5,,
4/9/2021,97.07,,
4/12/2021,97.3,,
4/13/2021,97.22,,
4/14/2021,98.07,,
4/15/2021,99.03,,
4/16/2021,99.67,,
4/19/2021,100,,
4/20/2021,99.34,,
4/21/2021,99,,
4/22/2021,98.3,,
4/23/2021,97.67,,
4/26/2021,97.5,,
4/27/2021,97.72,,
4/28/2021,97.5,,
4/29/2021,97.5,,
4/30/2021,97.95,,
5/3/2021,97.95,,
5/4/2021,98.05,,
5/5/2021,98.51,,
5/6/2021,99.03,,
5/7/2021,100.2,,
5/10/2021,99.81,,
5/11/2021,99.76,,
5/12/2021,98.5,,
5/13/2021,99,,
5/14/2021,99.65,,
5/17/2021,100.34,,
5/18/2021,100.37,,
5/19/2021,99.9,,
5/20/2021,99.94,,
5/21/2021,100.14,,
5/25/2021,99.94,,
5/26/2021,100.15,,
5/27/2021,99.95,,
5/28/2021,99.45,,
5/31/2021,99.42,,
6/1/2021,99.2,,
6/2/2021,99.44,,
6/3/2021,98.76,,
6/4/2021,98.98,,
6/7/2021,99,,
6/8/2021,100.05,,
6/9/2021,101.53,,
6/10/2021,101.84,,
6/11/2021,102.55,,
6/14/2021,102.05,,
6/15/2021,101.13,,
6/16/2021,101.22,,
6/17/2021,100.85,,
6/18/2021,101.29,,
6/21/2021,101.08,,
6/22/2021,101.14,,
6/23/2021,101.42,,
6/24/2021,101.4,,
6/25/2021,101.33,,
6/28/2021,101.5,,
6/29/2021,101.07,,
6/30/2021,100.95,,
7/1/2021,100.47,,
7/2/2021,100.05,,
7/5/2021,100.05,,
7/6/2021,100.27,,
7/7/2021,100.45,,
7/8/2021,100.22,,
7/9/2021,100.82,,
7/12/2021,100.61,,
7/13/2021,101.1,,
7/14/2021,101.1,,
7/15/2021,101.96,,
7/16/2021,102.02,,
7/19/2021,101.68,,
7/20/2021,101.65,,
7/21/2021,101.7,,
7/22/2021,101.57,,
7/23/2021,101.48,,
7/26/2021,101.43,,
7/27/2021,101.55,,
7/28/2021,102.32,,
7/29/2021,102,,
7/30/2021,102,,
8/2/2021,102.45,,
8/3/2021,102.01,,
8/4/2021,101.88,,
8/5/2021,101.53,,
8/6/2021,100.76,,
8/9/2021,100.31,,
8/10/2021,100.27,,
8/11/2021,99.84,,
8/12/2021,100.82,,
8/13/2021,101.32,,
8/16/2021,101.82,,
8/17/2021,101.86,,
8/18/2021,101.75,,
8/19/2021,101.37,,
8/20/2021,101.55,,
8/23/2021,101.85,,
8/24/2021,102.3,,
8/25/2021,102.83,,
8/26/2021,103.09,,
8/27/2021,103.02,,
8/30/2021,102.95,,
8/31/2021,103.65,,
9/1/2021,103.37,,
9/2/2021,103.24,,
9/3/2021,102.79,,
9/6/2021,103.14,,
9/7/2021,102.88,,
9/8/2021,102.63,,
9/9/2021,102.55,,
9/10/2021,102.66,,
9/13/2021,102.11,,
9/14/2021,101.98,,
9/15/2021,101.85,,
9/16/2021,100.82,,
9/17/2021,100.21,,
9/20/2021,99.67,,
9/21/2021,100.51,,
9/22/2021,100.06,,
9/23/2021,98.74,,
9/24/2021,97.4,,
9/27/2021,96.76,,
9/28/2021,95.87,,
9/29/2021,97.2,,
9/30/2021,96.89,,
10/1/2021,96.81,,
10/4/2021,96.8,,
10/5/2021,96.78,,
10/6/2021,96.7,,
10/7/2021,97.08,,
10/8/2021,96.15,,
10/11/2021,96.05,,
10/12/2021,95.86,,
10/13/2021,96.57,,
10/14/2021,96.15,,
10/15/2021,96.02,,
10/18/2021,95.38,,
10/19/2021,96,,
10/20/2021,95.92,,
10/21/2021,94.95,,
10/22/2021,94.79,,
10/25/2021,94.41,,
10/26/2021,95.97,,
10/27/2021,97.06,,
10/28/2021,97.5,,
10/29/2021,96.72,,
11/1/2021,97.26,,
11/2/2021,97.79,,
11/3/2021,98.28,,
11/4/2021,99.19,,
11/5/2021,100.08,,
11/8/2021,100.54,,
11/9/2021,100.3,,
11/10/2021,99.38,,
11/11/2021,98.66,,
11/12/2021,98.56,,
11/15/2021,98.78,,
11/16/2021,97.8,,
11/17/2021,97.8,,
11/18/2021,95.51,,
11/19/2021,96.02,,
11/22/2021,97.4,,
11/23/2021,94.03,,
11/24/2021,94.47,,
11/25/2021,94.5,,
11/26/2021,94.4,,
11/29/2021,92.8,,
11/30/2021,92.85,,
12/1/2021,92.66,,
12/2/2021,92.8,,
12/3/2021,91.83,,
12/6/2021,92.27,,
12/7/2021,94.86,,
12/8/2021,95.85,,
12/9/2021,95.71,,
12/10/2021,94.84,,
12/13/2021,93.7,,
12/14/2021,93.3,,
12/15/2021,93.72,,
12/16/2021,93.14,,
12/17/2021,91,,
12/20/2021,88.01,,
12/21/2021,89.25,,
12/22/2021,88.01,,
12/23/2021,90.36,,
12/27/2021,93.04,,
12/28/2021,92.31,,
12/29/2021,93.2,,
12/30/2021,93.2,,
1/3/2022,93.2,,
1/4/2022,93.2,,
1/5/2022,93.2,,
1/6/2022,91.72,,
1/7/2022,91.1,,
1/10/2022,89.29,,
1/11/2022,89.73,,
1/12/2022,91.25,,
1/13/2022,92.02,,
1/14/2022,91.75,,
1/17/2022,90.32,,
1/18/2022,89.22,,
1/19/2022,89.78,,
1/20/2022,91.08,,
1/21/2022,91.51,,
1/24/2022,91,,
1/25/2022,91,,
1/26/2022,91,,
1/27/2022,91.05,,
1/28/2022,91,,
1/31/2022,91,,
2/1/2022,91,,
2/2/2022,91,,
2/3/2022,91,,
2/4/2022,90,,
2/7/2022,90,,
2/8/2022,90,,
2/9/2022,90,,
2/10/2022,90.94,,
2/11/2022,90.65,,
2/14/2022,90.19,,
2/15/2022,90,,
2/16/2022,90,,
2/17/2022,90,,
2/18/2022,90,,
2/21/2022,90,,
2/22/2022,90,,
2/23/2022,89,,
2/24/2022,84.93,,
2/25/2022,88.87,,
2/28/2022,86.87,,
3/1/2022,87.47,,
3/2/2022,86.57,,
3/3/2022,85.31,,
3/4/2022,83.77,,
3/7/2022,80.52,,
3/8/2022,80.82,,
3/9/2022,82.43,,
3/10/2022,83.26,,
3/11/2022,83.93,,
3/14/2022,83.68,,
3/15/2022,85.52,,
3/16/2022,88.53,,
3/17/2022,87.56,,
3/18/2022,87.07,,
3/21/2022,87.75,,
3/22/2022,87.75,,
3/23/2022,87,,
3/24/2022,87,,
3/25/2022,86.36,,
3/28/2022,86.6,,
3/29/2022,88.46,,
3/30/2022,88.5,,
3/31/2022,89.02,,
4/1/2022,88.53,,
4/4/2022,88.43,,
4/5/2022,87.96,,
4/6/2022,86.51,,
4/7/2022,86.69,,
4/8/2022,86.17,,
4/11/2022,85.77,,
4/12/2022,85.77,,
4/13/2022,86.42,,
4/14/2022,86.7,,
4/19/2022,86.67,,
4/20/2022,87.02,,
4/21/2022,87.26,,
4/22/2022,86.75,,
4/25/2022,86.38,,
4/26/2022,86.67,,
4/27/2022,86.27,,
4/28/2022,86.24,,
4/29/2022,85.87,,
5/2/2022,85.61,,
5/3/2022,84.56,,
5/4/2022,85.4,,
5/5/2022,84.42,,
5/6/2022,82.89,,
5/9/2022,81.56,,
5/10/2022,81.26,,
5/11/2022,82,,
5/12/2022,81.23,,
5/13/2022,80.35,,
5/16/2022,79.87,,
5/17/2022,80.84,,
5/18/2022,80.72,,
5/19/2022,79.85,,
5/20/2022,80.53,,
5/23/2022,82.03,,
5/24/2022,81,,
5/25/2022,81,,
5/26/2022,81.24,,
5/27/2022,82.19,,
5/30/2022,82.39,,
5/31/2022,81.94,,
6/1/2022,81.91,,
6/2/2022,82.5,,
6/3/2022,82.5,,
6/6/2022,82.5,,
6/7/2022,80.58,,
6/8/2022,77.97,,
6/9/2022,76.72,,
6/10/2022,74.75,,
6/13/2022,72.8,,
6/14/2022,73.95,,
6/15/2022,75.31,,
6/16/2022,75,,
6/17/2022,75,,
6/20/2022,75.02,,
6/21/2022,75.73,,
6/22/2022,76.11,,
6/23/2022,76.86,,
6/24/2022,77.28,,
6/27/2022,78.1,,
6/28/2022,76.34,,
6/29/2022,75,,
6/30/2022,72.89,,
7/1/2022,73.42,,
7/4/2022,73.18,,
7/5/2022,72.93,,
7/6/2022,72.41,,
7/7/2022,71.8,,
7/8/2022,71.34,,
7/11/2022,70.48,,
7/12/2022,69.45,,
7/13/2022,68.95,,
7/14/2022,68.38,,
7/15/2022,68,,
7/18/2022,68.89,,
7/19/2022,69.98,,
7/20/2022,72.23,,
7/21/2022,72.37,,
7/22/2022,72.38,,
7/25/2022,71.77,,
7/26/2022,70.44,,
7/27/2022,70.2,,
7/28/2022,72.17,,
7/29/2022,74.79,,
8/1/2022,76.23,,
8/2/2022,76.38,,
8/3/2022,75.91,,
8/4/2022,78.62,,
8/5/2022,77.95,,
8/8/2022,79.06,,
8/9/2022,79.44,,
8/10/2022,79.7,,
8/11/2022,81.75,,
8/12/2022,81.14,,
8/15/2022,80.26,,
8/16/2022,78.63,,
8/17/2022,77.89,,
8/18/2022,75.97,,
8/19/2022,74.37,,
8/22/2022,74,,
8/23/2022,74.71,,
8/24/2022,76.31,,
8/25/2022,77.39,,
8/26/2022,77.1,,
8/29/2022,77.11,,
8/30/2022,76,,
8/31/2022,76,,
9/1/2022,73.54,,
9/2/2022,74.89,,
9/5/2022,74.72,,
9/6/2022,74.44,,
9/7/2022,74.6,,
9/8/2022,75.49,,
9/9/2022,77.58,,
9/12/2022,78.62,,
9/13/2022,76.7,,
9/14/2022,76.24,,
9/15/2022,75.33,,
9/16/2022,74.23,,
9/19/2022,74.88,,
9/20/2022,74,,
9/21/2022,75.04,,
9/22/2022,74,,
9/23/2022,74,,
9/26/2022,71.75,,
9/27/2022,72.02,,
9/28/2022,71.09,,
9/29/2022,71.21,,
9/30/2022,72.17,,
10/3/2022,72.24,,
10/4/2022,73.71,,
10/5/2022,72.54,,
10/6/2022,72.43,,
10/7/2022,71.64,,
10/10/2022,71.64,,
10/11/2022,71.81,,
10/12/2022,72.04,,
10/13/2022,70.66,,
10/14/2022,71.32,,
10/17/2022,71.82,,
10/18/2022,72.43,,
10/19/2022,72.13,,
10/20/2022,71.74,,
10/21/2022,72.78,,
10/24/2022,72.78,,
10/25/2022,74.34,,
10/26/2022,75.27,,
10/27/2022,75.54,,
10/28/2022,75.53,,
10/31/2022,75.45,,
11/1/2022,75.3,,
11/2/2022,75.7,,
11/3/2022,75.23,,
11/4/2022,77.37,,
11/7/2022,77.86,,
11/8/2022,77.88,,
11/9/2022,77.47,,
11/10/2022,79.76,,
11/11/2022,81.1,,
11/14/2022,79.4,,
11/15/2022,80.64,,
11/16/2022,79.6,,
11/17/2022,78.1,,
11/18/2022,78.5,,
11/21/2022,78.5,,
11/22/2022,79.38,,
11/23/2022,81.9,,
11/24/2022,82.3,,
11/25/2022,82.27,,
11/28/2022,82.21,,
11/29/2022,82.52,,
11/30/2022,82.71,,
12/1/2022,83.89,,
12/2/2022,84.55,,
12/5/2022,84.98,,
12/6/2022,84.7,,
12/7/2022,83.73,,
12/8/2022,84.56,,
12/9/2022,84.91,,
12/12/2022,84.87,,
12/13/2022,85.81,,
12/14/2022,86.3,,
12/15/2022,85.8,,
12/16/2022,85.8,,
12/19/2022,85.1,,
12/20/2022,84,,
12/21/2022,84.04,,
12/22/2022,84.39,,
12/23/2022,84.32,,
12/27/2022,84.36,,
12/28/2022,84.14,,
12/29/2022,84.14,,
12/30/2022,84.14,,
1/2/2023,83.6,,
1/3/2023,84.24,,
1/4/2023,84.44,,
1/5/2023,83.3,,
1/6/2023,83.24,,
1/9/2023,85.2,,
1/10/2023,84,,
1/11/2023,82.32,,
1/12/2023,83.48,,
1/13/2023,82.49,,
1/16/2023,82.08,,
1/17/2023,82.42,,
1/18/2023,83.05,,
1/19/2023,81.97,,
1/20/2023,81.68,,
1/23/2023,82.13,,
1/24/2023,82.7,,
1/25/2023,82.67,,
1/26/2023,83.2,,
1/27/2023,82.14,,
1/30/2023,81.87,,
1/31/2023,82.48,,
2/1/2023,83.01,,
2/2/2023,85.24,,
2/3/2023,83.47,,
2/6/2023,81.84,,
2/7/2023,82,,
2/8/2023,82,,
2/9/2023,82,,
2/10/2023,82,,
2/13/2023,79.84,,
2/14/2023,80,,
2/15/2023,80.03,,
2/16/2023,80.12,,
2/17/2023,80,,
2/20/2023,80,,
2/21/2023,78.48,,
2/22/2023,78.7,,
2/23/2023,80.35,,
2/24/2023,79.25,,
2/27/2023,80.27,,
2/28/2023,80.67,,
3/1/2023,81.37,,
3/2/2023,80.58,,
3/3/2023,80.68,,
3/6/2023,83.15,,
3/7/2023,83.18,,
3/8/2023,83.55,,
3/9/2023,83.02,,
3/10/2023,83.73,,
3/13/2023,84.1,,
3/14/2023,84.2,,
3/15/2023,83.93,,
3/16/2023,85.64,,
3/17/2023,85.03,,
3/20/2023,84.65,,
3/21/2023,85.24,,
3/22/2023,84.97,,
3/23/2023,86.19,,
3/24/2023,86.44,,
3/27/2023,86.27,,
3/28/2023,85.4,,
3/29/2023,85.7,,
3/30/2023,85.7,,
3/31/2023,85.7,,
4/3/2023,85.7,,
4/4/2023,85.7,,
4/5/2023,84.5,,
4/6/2023,83.86,,
4/11/2023,85.1,,
4/12/2023,85,,
4/13/2023,84.83,,
4/14/2023,84.91,,
4/17/2023,85.1,,
4/18/2023,83.9,,
4/19/2023,83.6,,
4/20/2023,83.6,,
4/21/2023,83.6,,
4/24/2023,81.98,,
4/25/2023,83.09,,
4/26/2023,83.69,,
4/27/2023,84.3,,
4/28/2023,84.99,,
5/2/2023,84.8,,
5/3/2023,84.8,,
5/4/2023,85.06,,
5/5/2023,84.8,,
5/8/2023,84.8,,
5/9/2023,84.8,,
5/10/2023,85.85,,
5/11/2023,88.9,,
5/12/2023,87.98,,
5/15/2023,81.55,,
5/16/2023,79.6,,
5/17/2023,76.5,,
5/18/2023,76.09,,
5/19/2023,76.75,,
5/22/2023,75.02,,
5/23/2023,75.85,,
5/24/2023,77.65,,
5/25/2023,77.1,,
5/26/2023,77.35,,
5/29/2023,77.35,,
5/30/2023,79.55,,
5/31/2023,80.17,,
6/1/2023,80.53,,
6/2/2023,82.4,,
6/5/2023,84.95,,
6/6/2023,84.71,,
6/7/2023,84.6,,
6/8/2023,82.77,,
6/9/2023,84.6,,
6/12/2023,84.31,,
6/13/2023,84.87,,
6/14/2023,85.3,,
6/15/2023,85.35,,
6/16/2023,85.09,,
6/19/2023,84.23,,
6/20/2023,83.66,,
6/21/2023,84.14,,
6/22/2023,83.29,,
6/23/2023,83.42,,
6/26/2023,85,,
6/27/2023,84.75,,
6/28/2023,84.32,,
6/29/2023,84.3,,
6/30/2023,84.13,,
7/3/2023,84.54,,
7/4/2023,85,,
7/5/2023,83.71,,
7/6/2023,82.25,,
7/7/2023,82.7,,
7/10/2023,83.14,,
7/11/2023,84.28,,
7/12/2023,85.66,,
7/13/2023,86.2,,
7/14/2023,86.18,,
7/17/2023,86.36,,
7/18/2023,86.9,,
7/19/2023,86.63,,
7/20/2023,87.11,,
7/21/2023,87.39,,
7/24/2023,87.46,,
7/25/2023,86.93,,
7/26/2023,86.91,,
7/27/2023,87.25,,
7/28/2023,87.9,,
7/31/2023,89.29,,
8/1/2023,87.7,,
8/2/2023,86.48,,
8/3/2023,86.87,,
8/4/2023,87.8,,
8/7/2023,87.42,,
8/8/2023,87.81,,
8/9/2023,87.64,,
8/10/2023,87.85,,
8/11/2023,87.57,,
8/14/2023,86.5,,
8/15/2023,85.8,,
8/16/2023,85.87,,
8/17/2023,85.8,,
8/18/2023,85.8,,
8/21/2023,85.8,,
8/22/2023,85.8,,
8/23/2023,85.8,,
8/24/2023,87.2,,
8/25/2023,86.82,,
8/28/2023,86.89,,
8/29/2023,87.63,,
8/30/2023,88.1,,
8/31/2023,87.2,,
9/1/2023,86.92,,
9/4/2023,86.85,,
9/5/2023,86.55,,
9/6/2023,86.03,,
9/7/2023,85.99,,
9/8/2023,86.64,,
9/11/2023,86.25,,
9/12/2023,86.05,,
9/13/2023,86.35,,
9/14/2023,86.35,,
9/15/2023,86.25,,
9/18/2023,84.58,,
9/19/2023,84.77,,
9/20/2023,85.9,,
9/21/2023,85.32,,
9/22/2023,85.95,,
9/25/2023,85.74,,
9/26/2023,86,,
9/27/2023,85.45,,
9/28/2023,83.28,,
9/29/2023,84.25,,
10/2/2023,83.25,,
10/3/2023,82,,
10/4/2023,82.11,,
10/5/2023,82.76,,
10/6/2023,81.66,,
10/9/2023,81.64,,
10/10/2023,83.14,,
10/11/2023,83.67,,
10/12/2023,83.18,,
10/13/2023,83.35,,
10/16/2023,82.44,,
10/17/2023,82.14,,
10/18/2023,81.19,,
10/19/2023,80.18,,
10/20/2023,80.76,,
10/23/2023,80.92,,
10/24/2023,81.98,,
10/25/2023,81.57,,
10/26/2023,81.14,,
10/27/2023,81.51,,
10/30/2023,81.77,,
10/31/2023,82.59,,
11/1/2023,83.29,,
11/2/2023,85.05,,
11/3/2023,86.15,,
11/6/2023,86.26,,
11/7/2023,85.34,,
11/8/2023,85.44,,
11/9/2023,84.93,,
11/10/2023,83.97,,
11/13/2023,83.32,,
11/14/2023,85.25,,
11/15/2023,85.42,,
11/16/2023,86.12,,
11/17/2023,86.73,,
11/20/2023,86.96,,
11/21/2023,87.52,,
11/22/2023,87.12,,
11/23/2023,87.43,,
11/24/2023,87.24,,
11/27/2023,88,,
11/28/2023,86.85,,
11/29/2023,88.37,,
11/30/2023,87.99,,
12/1/2023,88.6,,
12/4/2023,88.91,,
12/5/2023,89.19,,
12/6/2023,89.75,,
12/7/2023,89.77,,
12/8/2023,90.25,,
12/11/2023,89.7,,
12/12/2023,90.23,,
12/13/2023,91.01,,
12/14/2023,94.23,,
12/15/2023,94.92,,
12/18/2023,94.71,,
12/19/2023,94.87,,
12/20/2023,95.01,,
12/21/2023,94.95,,
12/22/2023,95.15,,
12/27/2023,95.3,,
12/28/2023,95.43,,
12/29/2023,95.26,,
1/2/2024,94.62,,
1/3/2024,92.88,,
1/4/2024,92.13,,
1/5/2024,92.29,,
1/8/2024,91.84,,
1/9/2024,91.25,,
1/10/2024,91.82,,
1/11/2024,92.04,,
1/12/2024,92.75,,
1/15/2024,92.42,,
1/16/2024,91.4,,
1/17/2024,91.25,,
1/18/2024,91.25,,
1/19/2024,91.25,,
1/22/2024,90.4,,
1/23/2024,90.17,,
1/24/2024,91.22,,
1/25/2024,91.11,,
1/26/2024,91.16,,
1/29/2024,91.26,,
1/30/2024,91.25,,
1/31/2024,90.65,,
2/1/2024,91.2,,
2/2/2024,90.75,,
2/5/2024,90.3,,
2/6/2024,90.58,,
2/7/2024,91.5,,
2/8/2024,91.9,,
2/9/2024,92.02,,
2/12/2024,92.71,,
2/13/2024,91.76,,
2/14/2024,91.85,,
2/15/2024,92.51,,
2/16/2024,92.29,,
2/19/2024,92.42,,
2/20/2024,92.42,,
2/21/2024,92.36,,
2/22/2024,92.49,,
2/23/2024,92.9,,
2/26/2024,93.24,,
2/27/2024,92.85,,
2/28/2024,92.85,,
2/29/2024,93.54,,
3/1/2024,92.03,,
3/4/2024,91.33,,
3/5/2024,90.91,,
3/6/2024,91.84,,
3/7/2024,92.62,,
3/8/2024,92.64,,
3/11/2024,93.25,,
3/12/2024,92.96,,
3/13/2024,92.88,,
3/14/2024,92.16,,
3/15/2024,91.62,,
3/18/2024,91.68,,
3/19/2024,91.73,,
3/20/2024,91.6,,
3/21/2024,93.59,,
3/22/2024,93.86,,
3/25/2024,93.54,,
3/26/2024,94,,
3/27/2024,94,,
3/28/2024,94.35,,
4/2/2024,93.22,,
4/3/2024,93.85,,
4/4/2024,94.22,,
4/5/2024,93.92,,
4/8/2024,93.72,,
4/9/2024,94.04,,
4/10/2024,94.31,,
4/11/2024,92.51,,
4/12/2024,92.29,,
4/15/2024,91.49,,
4/16/2024,90.88,,
4/17/2024,91.79,,
4/18/2024,91.38,,
4/19/2024,91.42,,
4/22/2024,91.59,,
4/23/2024,92.15,,
4/24/2024,92.15,,
4/25/2024,91.36,,
4/26/2024,91.9,,
4/29/2024,92.65,,
4/30/2024,92.39,,
5/2/2024,92.5,,
5/3/2024,93.24,,
5/6/2024,93.42,,
5/7/2024,94.16,,
5/8/2024,93.76,,
5/9/2024,93.61,,
5/10/2024,93.61,,
5/13/2024,93.74,,
5/14/2024,93.57,,
5/15/2024,94.01,,
5/16/2024,94.46,,
5/17/2024,94.05,,
5/20/2024,93.93,,
5/21/2024,94.02,,
5/22/2024,94.15,,
5/23/2024,93.7,,
5/24/2024,93.75,,
5/27/2024,93.89,,
5/28/2024,93.92,,
5/29/2024,93.27,,
5/30/2024,93.52,,
5/31/2024,93.76,,
6/3/2024,94.31,,
6/4/2024,94.26,,
6/5/2024,94.75,,
6/6/2024,94.62,,
6/7/2024,94.06,,
6/10/2024,93.9,,
6/11/2024,93.99,,
6/12/2024,95.23,,
6/13/2024,95.14,,
6/14/2024,94.38,,
6/17/2024,93.88,,
6/18/2024,94.65,,
6/19/2024,94.95,,
6/20/2024,94.9,,
6/21/2024,95,,
6/24/2024,95,,
6/25/2024,95.2,,
6/26/2024,95.2,,
6/27/2024,94.31,,
6/28/2024,94.35,,
7/1/2024,93.68,,
7/2/2024,93.99,,
7/3/2024,95,,
7/4/2024,95.37,,
7/5/2024,95.65,,
7/8/2024,95.75,,
7/9/2024,95.35,,
7/10/2024,95.55,,
7/11/2024,95.9,,
7/12/2024,96,,
7/15/2024,95.85,,
7/16/2024,95.9,,
7/17/2024,95.75,,
7/18/2024,95.75,,
7/19/2024,95.25,,
7/22/2024,95.65,,
7/23/2024,96,,
7/24/2024,95.8,,
7/25/2024,95.55,,
7/26/2024,95.9,,
7/29/2024,95.9,,
7/30/2024,95.85,,
7/31/2024,96,,
8/1/2024,96,,
8/2/2024,96.54,,
8/5/2024,94.92,,
8/6/2024,95.11,,
8/7/2024,95.14,,
8/8/2024,95.25,,
8/9/2024,95.77,,
8/12/2024,95.97,,
8/13/2024,96.26,,
8/14/2024,96.8,,
8/15/2024,96.9,,
8/16/2024,97.5,,
8/19/2024,97.8,,
8/20/2024,98.05,,
8/21/2024,98.05,,
8/22/2024,97.74,,
8/23/2024,98.02,,
8/26/2024,98.33,,
8/27/2024,98.9,,
8/28/2024,98.16,,
8/29/2024,97.91,,
8/30/2024,97.09,,
9/2/2024,97.1,,
9/3/2024,96.57,,
9/4/2024,97,,
9/5/2024,97.39,,
9/6/2024,97.61,,
9/9/2024,97.52,,
9/10/2024,97.62,,
9/11/2024,97.36,,
9/12/2024,98.18,,
9/13/2024,98.45,,
9/16/2024,98.93,,
9/17/2024,100.4,,
9/18/2024,99.65,,
9/19/2024,99.91,,
9/20/2024,99.97,,
9/23/2024,99.38,,
9/24/2024,99.65,,
9/25/2024,99.64,,
9/26/2024,99.71,,
9/27/2024,99.79,,
9/30/2024,99.71,,
10/1/2024,99.95,,
10/2/2024,99.64,,
10/3/2024,98.5,,
10/4/2024,98.5,,
10/7/2024,98.5,,
10/8/2024,97.32,,
10/9/2024,97.42,,
10/10/2024,97.28,,
10/11/2024,97.44,,
10/14/2024,97.34,,
10/15/2024,98.03,,
10/16/2024,98.13,,
10/17/2024,97.87,,
10/18/2024,97.43,,
10/21/2024,96.4,,
10/22/2024,96.13,,
10/23/2024,95.9,,
10/24/2024,96.2,,
10/25/2024,96.55,,
10/28/2024,96.19,,
10/29/2024,96.36,,
10/30/2024,96.98,,
10/31/2024,96.5,,
11/1/2024,96.49,,
11/4/2024,96.72,,
11/5/2024,97,,
11/6/2024,96.38,,
11/7/2024,97.71,,
11/8/2024,98.27,,
11/11/2024,97.75,,
11/12/2024,96.85,,
11/13/2024,96.83,,
11/14/2024,96.78,,
11/15/2024,96.38,,
11/18/2024,96.38,,
11/19/2024,96.75,,
11/20/2024,96.25,,
11/21/2024,96.66,,
11/22/2024,96.64,,
11/25/2024,97.05,,
11/26/2024,97.45,,
11/27/2024,97.38,,
11/28/2024,97.42,,
11/29/2024,98.26,,
12/2/2024,98.08,,
12/3/2024,98.6,,
12/4/2024,98.18,,
12/5/2024,98.07,,
12/6/2024,98.42,,
12/9/2024,98.2,,
12/10/2024,98.42,,
12/11/2024,98.9,,
12/12/2024,98.08,,
12/13/2024,97.72,,
12/16/2024,97.14,,
12/17/2024,96.92,,
12/18/2024,96.87,,
12/19/2024,96.5,,
12/20/2024,95.81,,
12/23/2024,95.24,,
12/27/2024,94.96,,
12/30/2024,95.51,,
1/2/2025,95.53,,
1/3/2025,95.17,,
1/6/2025,95.5,,
1/7/2025,95.18,,
1/8/2025,94.13,,
1/9/2025,94.41,,
1/10/2025,93.66,,
1/13/2025,93.28,,
1/14/2025,93.3,,
1/15/2025,93.98,,
1/16/2025,94.3,,
1/17/2025,93.96,,
1/20/2025,93.83,,
1/21/2025,94.22,,
1/22/2025,94.82,,
1/23/2025,94.8,,
1/24/2025,95.38,,
1/27/2025,95.61,,
1/28/2025,95.61,,
1/29/2025,95.7,,
1/30/2025,95.93,,
1/31/2025,96.3,,
2/3/2025,95.57,,
2/4/2025,95.95,,
2/5/2025,96.44,,
2/6/2025,97,,
2/7/2025,97,,
2/10/2025,96.55,,
2/11/2025,96.55,,
2/12/2025,95.21,,
2/13/2025,95.96,,
2/14/2025,96.39,,
2/17/2025,96.7,,
2/18/2025,96.7,,
2/19/2025,96.07,,
2/20/2025,96.11,,
2/21/2025,96.01,,
2/24/2025,95.97,,
2/25/2025,96.53,,
2/26/2025,96.88,,
2/27/2025,96.58,,
2/28/2025,97.25,,
3/3/2025,97.18,,
3/4/2025,96.98,,
3/5/2025,96.57,,
3/6/2025,95.89,,
3/7/2025,96.17,,
3/10/2025,96.4,,
3/11/2025,96.32,,
3/12/2025,96.6,,
3/13/2025,96.6,,
3/14/2025,96.4,,
3/17/2025,97,,
3/18/2025,97.45,,
3/19/2025,95.79,,
3/20/2025,95.49,,
3/21/2025,93.74,,
3/24/2025,94.21,,
3/25/2025,95.05,,
3/26/2025,94.7,,
3/27/2025,93.67,,
3/28/2025,94.6,,
3/31/2025,94.37,,
4/1/2025,94.9,,
4/2/2025,95.5,,
4/3/2025,95.5,,
4/4/2025,94.29,,
4/7/2025,93.1,,
4/8/2025,93.7,,
4/9/2025,91.13,,
4/10/2025,92.82,,
4/11/2025,91.17,,
4/14/2025,92.7,,
4/15/2025,93.22,,
4/16/2025,93.27,,
4/17/2025,93.69,,
4/22/2025,94,,
4/23/2025,94.6,,
4/24/2025,94.12,,
4/25/2025,93.85,,
4/28/2025,92.92,,
4/29/2025,93.12,,
4/30/2025,92.8,,
5/2/2025,93.5,,
5/5/2025,93.69,,
5/6/2025,93.54,,
5/7/2025,94.63,,
5/8/2025,93.95,,
5/9/2025,94.21,,
5/12/2025,94.77,,
5/13/2025,94.63,,
5/14/2025,94.63,,
5/15/2025,94.52,,
5/16/2025,95.34,,
5/19/2025,95,,
5/20/2025,95,,
5/21/2025,94.6,,
5/22/2025,93.91,,
5/23/2025,93.53,,
5/26/2025,94.22,,
5/27/2025,94.19,,
5/28/2025,93.9,,
5/29/2025,93.67,,
5/30/2025,92.9,,
6/2/2025,93.42,,
6/3/2025,94.31,,
6/4/2025,94.42,,
6/5/2025,94.73,,
6/6/2025,94.16,,
6/9/2025,94.06,,
6/10/2025,95,,
6/11/2025,95.36,,
6/12/2025,94.5,,
6/13/2025,94.09,,
6/16/2025,94.52,,
6/17/2025,94.65,,
6/18/2025,94.79,,
6/19/2025,94.23,,
6/20/2025,94.87,,
6/23/2025,95.1,,
6/24/2025,95.45,,
6/25/2025,95.49,,
6/26/2025,95.94,,
6/27/2025,96.27,,
6/30/2025,96.73,,
7/1/2025,97.41,,
7/2/2025,97.74,,
7/3/2025,97.87,,
7/4/2025,97.62,,
7/7/2025,97.04,,
7/8/2025,96.81,,
7/9/2025,96.98,,
7/10/2025,97.11,,
7/11/2025,96.76,,
7/14/2025,96.76,,
7/15/2025,96.48,,
7/16/2025,96.09,,
7/17/2025,96.11,,
7/18/2025,96.44,,
7/21/2025,97.56,,
7/22/2025,97.18,,
7/23/2025,97.44,,
7/24/2025,97.3,,
7/25/2025,97.64,,
7/28/2025,98.03,,
7/29/2025,98.01,,
7/30/2025,97.86,,
7/31/2025,98.49,,
8/1/2025,98.36,,
8/4/2025,98.77,,
8/5/2025,98.96,,
8/6/2025,98.94,,
8/7/2025,99.14,,
8/8/2025,98.96,,
8/11/2025,100,,
8/12/2025,99.58,,
8/13/2025,100.5,,
8/14/2025,99.92,,
8/15/2025,99.64,,
8/18/2025,99.94,,
8/19/2025,99.9,,
8/20/2025,99.36,,
8/21/2025,99.44,,
8/22/2025,99.89,,
8/25/2025,99.54,,
8/26/2025,99.54,,
8/27/2025,99.54,,
8/28/2025,99.56,,
8/29/2025,99.56,,
9/1/2025,99.54,,
9/2/2025,99.45,,
9/3/2025,99.45,,
9/4/2025,99.54,,
9/5/2025,100.29,,
9/8/2025,99.84,,
9/9/2025,99.94,,
9/10/2025,99.95,,
9/11/2025,100.61,,
9/12/2025,100.28,,
9/15/2025,101.13,,
9/16/2025,101.48,,
9/17/2025,101.63,,
9/18/2025,101.53,,
9/19/2025,101.39,,
9/22/2025,101.29,,
9/23/2025,101.01,,
9/24/2025,100.77,,
9/25/2025,100.94,,
9/26/2025,100.94,,
9/29/2025,100.94,,
9/30/2025,101.19,,
10/1/2025,100.94,,
10/2/2025,100.94,,
10/3/2025,101.14,,
10/6/2025,100.4,,
10/7/2025,100.94,,
10/8/2025,100.94,,
10/9/2025,100.94,,
10/10/2025,100.41,,
10/13/2025,100.05,,
10/14/2025,100.45,,
10/15/2025,100.66,,
10/16/2025,100.51,,
10/17/2025,100.54,,
10/20/2025,101.21,,
10/21/2025,101.56,,
10/22/2025,101.59,,
10/23/2025,101.23,,
10/24/2025,101.75,,
10/27/2025,101.85,,
10/28/2025,102.16,,
10/29/2025,101.64,,
10/30/2025,101.61,,
10/31/2025,101.47,,
11/3/2025,101.46,,
11/4/2025,101.11,,
11/5/2025,101.11,,
11/6/2025,101.2,,
11/7/2025,101.03,,
11/10/2025,100.84,,
11/11/2025,100.71,,
11/12/2025,100.94,,
11/13/2025,101.15,,
11/14/2025,101.03,,
11/17/2025,101.17,,
11/18/2025,101.09,,
11/19/2025,101.19,,
11/20/2025,101.29,,
11/21/2025,101.24,,
11/24/2025,101.51,,
11/25/2025,101.9,,
11/26/2025,102.13,,
11/27/2025,102.12,,
11/28/2025,102.29,,
12/1/2025,102.3,,
12/2/2025,102.35,,
12/3/2025,102.74,,
12/4/2025,102.68,,
12/5/2025,102.65,,
12/8/2025,101.64,,
12/9/2025,102.01,,
12/10/2025,102,,
12/11/2025,102.3,,
12/12/2025,102.35,,
12/15/2025,102.53,,
12/16/2025,102.59,,
12/17/2025,102.69,,
12/18/2025,102.88,,
12/19/2025,102.77,,
12/22/2025,102.75,,
12/23/2025,102.65,,
12/29/2025,102.7,,
12/30/2025,102.76,,
1/2/2026,102.7,,
1/5/2026,102.67,,
1/6/2026,101.98,,
1/7/2026,102.12,,
1/8/2026,101.65,,
1/9/2026,101.6,,
1/12/2026,101.54,,
1/13/2026,101.37,,
1/14/2026,101.3,,
1/15/2026,101.59,,
1/16/2026,101.6,,
1/19/2026,101.26,,
1/20/2026,100.98,,
1/21/2026,101.33,,
1/22/2026,101.58,,
1/23/2026,101.51,,
1/26/2026,101.64,,
1/27/2026,101.59,,
1/28/2026,101.47,,
1/29/2026,101.19,,
1/30/2026,101.16,,
2/2/2026,101.26,,
2/3/2026,101.29,,
2/4/2026,101.36,,
2/5/2026,101.37,,
2/6/2026,101.65,,
2/9/2026,101.92,,
2/10/2026,102.37,,
2/11/2026,102.23,,
2/12/2026,102.48,,
2/13/2026,102.61,,
2/16/2026,102.79,,
2/17/2026,102.77,,
2/18/2026,102.66,,
2/19/2026,102.14,,
2/20/2026,102.14,,
2/23/2026,102.22,,
2/24/2026,102.34,,
2/25/2026,102.32,,
2/26/2026,102.06,,
2/27/2026,102.06,,
3/2/2026,101,,
3/3/2026,99.96,,
3/4/2026,100.87,,
3/5/2026,100.51,,
3/6/2026,99.33,,
3/9/2026,99.16,,
3/10/2026,100.12,,
3/11/2026,99.95,,
3/12/2026,98.95,,
3/13/2026,98.07,,
3/16/2026,97.65,,
3/17/2026,97.9,,
3/18/2026,98.45,,
3/19/2026,96.95,,
3/20/2026,95.33,,
3/23/2026,97.35,,
3/24/2026,96.4,,
3/25/2026,97.33,,
3/26/2026,96.5,,
3/27/2026,95.04,,
3/30/2026,95.08,,
3/31/2026,95.86,,
4/1/2026,97.17,,
4/2/2026,97.04,,
4/7/2026,96.66,,
4/8/2026,99.22,,
4/9/2026,99.13,,
4/10/2026,99.83,,
4/13/2026,99.44,,
4/14/2026,100.07,,
4/15/2026,99.91,,
4/16/2026,99.51,,
4/17/2026,100.37,,
4/20/2026,100.2,,
4/21/2026,99.9,,
4/22/2026,99.78,,
4/23/2026,99.44,,
4/24/2026,99.02,,
4/27/2026,98.87,,
4/28/2026,98.3,,
4/29/2026,98.05,,
4/30/2026,97.94,,
5/4/2026,97.92,,
5/5/2026,97.8,,
5/6/2026,98.98,,
5/7/2026,99.22,,
5/8/2026,99,,
