Date,Price,,,
1/2/2018,88.20%,,,
1/3/2018,88.50%,,,
1/4/2018,88.45%,,,
1/5/2018,88.81%,,,
1/8/2018,88.65%,,,
1/9/2018,88.35%,,,
1/10/2018,87.16%,,,
1/11/2018,87.35%,,,
1/12/2018,87.43%,,,
1/15/2018,87.50%,,,
1/16/2018,87.24%,,,
1/17/2018,86.94%,,,
1/18/2018,86.66%,,,
1/19/2018,86.18%,,,
1/22/2018,85.54%,,,
1/23/2018,86.25%,,,
1/24/2018,86.19%,,,
1/25/2018,86.03%,,,
1/26/2018,86.24%,,,
1/29/2018,85.90%,,,
1/30/2018,85.38%,,,
1/31/2018,86.10%,,,
2/1/2018,85.99%,,,
2/2/2018,85.74%,,,
2/5/2018,84.59%,,,
2/6/2018,84.07%,,,
2/7/2018,84.44%,,,
2/8/2018,83.89%,,,
2/9/2018,82.29%,,,
2/12/2018,81.96%,,,
2/13/2018,82.21%,,,
2/14/2018,81.75%,,,
2/15/2018,81.69%,,,
2/16/2018,82.95%,,,
2/19/2018,83.15%,,,
2/20/2018,82.95%,,,
2/21/2018,82.28%,,,
2/22/2018,81.68%,,,
2/23/2018,81.75%,,,
2/26/2018,82.20%,,,
2/27/2018,82.25%,,,
2/28/2018,81.70%,,,
3/1/2018,82.01%,,,
3/2/2018,81.61%,,,
3/5/2018,81.52%,,,
3/6/2018,81.80%,,,
3/7/2018,81.74%,,,
3/8/2018,81.36%,,,
3/9/2018,81.21%,,,
3/12/2018,81.16%,,,
3/13/2018,80.55%,,,
3/14/2018,80.96%,,,
3/15/2018,80.96%,,,
3/16/2018,80.79%,,,
3/19/2018,80.57%,,,
3/20/2018,80.11%,,,
3/21/2018,80.19%,,,
3/22/2018,80.80%,,,
3/23/2018,80.40%,,,
3/26/2018,80.41%,,,
3/27/2018,80.15%,,,
3/28/2018,80.15%,,,
3/29/2018,80.74%,,,
4/3/2018,80.80%,,,
4/4/2018,80.78%,,,
4/5/2018,80.62%,,,
4/6/2018,81.06%,,,
4/9/2018,81.01%,,,
4/10/2018,80.14%,,,
4/11/2018,79.96%,,,
4/12/2018,80.33%,,,
4/13/2018,81.01%,,,
4/16/2018,80.99%,,,
4/17/2018,80.54%,,,
4/18/2018,81.15%,,,
4/19/2018,81.25%,,,
4/20/2018,80.79%,,,
4/23/2018,80.46%,,,
4/24/2018,80.39%,,,
4/25/2018,80.10%,,,
4/26/2018,80.08%,,,
4/27/2018,80.02%,,,
4/30/2018,79.64%,,,
5/2/2018,78.22%,,,
5/3/2018,77.44%,,,
5/4/2018,76.75%,,,
5/7/2018,76.41%,,,
5/8/2018,76.44%,,,
5/9/2018,74.71%,,,
5/10/2018,76.69%,,,
5/11/2018,77.09%,,,
5/14/2018,76.84%,,,
5/15/2018,75.39%,,,
5/16/2018,73.93%,,,
5/17/2018,73.59%,,,
5/18/2018,73.43%,,,
5/22/2018,72.94%,,,
5/23/2018,74.53%,,,
5/24/2018,75.97%,,,
5/25/2018,76.42%,,,
5/28/2018,76.86%,,,
5/29/2018,77.94%,,,
5/30/2018,77.99%,,,
5/31/2018,77.44%,,,
6/1/2018,75.48%,,,
6/4/2018,74.40%,,,
6/5/2018,74.44%,,,
6/6/2018,73.74%,,,
6/7/2018,75.02%,,,
6/8/2018,74.56%,,,
6/11/2018,74.33%,,,
6/12/2018,73.67%,,,
6/13/2018,72.44%,,,
6/14/2018,73.45%,,,
6/15/2018,72.55%,,,
6/18/2018,71.96%,,,
6/19/2018,70.74%,,,
6/20/2018,72.09%,,,
6/21/2018,72.92%,,,
6/22/2018,75.13%,,,
6/25/2018,75.90%,,,
6/26/2018,72.95%,,,
6/27/2018,73.39%,,,
6/28/2018,73.98%,,,
6/29/2018,74.33%,,,
7/2/2018,74.47%,,,
7/3/2018,73.93%,,,
7/4/2018,74.24%,,,
7/5/2018,74.41%,,,
7/6/2018,75.34%,,,
7/9/2018,75.67%,,,
7/10/2018,73.57%,,,
7/11/2018,72.17%,,,
7/12/2018,70.68%,,,
7/13/2018,72.27%,,,
7/16/2018,72.10%,,,
7/17/2018,72.83%,,,
7/18/2018,73.73%,,,
7/19/2018,73.93%,,,
7/20/2018,74.38%,,,
7/23/2018,74.53%,,,
7/24/2018,74.28%,,,
7/25/2018,73.38%,,,
7/26/2018,73.75%,,,
7/27/2018,73.33%,,,
7/30/2018,72.98%,,,
7/31/2018,72.53%,,,
8/1/2018,72.33%,,,
8/2/2018,70.88%,,,
8/3/2018,71.93%,,,
8/6/2018,71.98%,,,
8/7/2018,72.08%,,,
8/8/2018,72.18%,,,
8/9/2018,71.19%,,,
8/10/2018,68.38%,,,
8/14/2018,68.79%,,,
8/15/2018,68.68%,,,
8/16/2018,71.33%,,,
8/17/2018,71.18%,,,
8/20/2018,69.18%,,,
8/21/2018,68.88%,,,
8/22/2018,71.38%,,,
8/23/2018,71.58%,,,
8/24/2018,70.68%,,,
8/27/2018,69.88%,,,
8/28/2018,69.68%,,,
8/29/2018,68.53%,,,
8/30/2018,67.83%,,,
8/31/2018,67.28%,,,
9/3/2018,66.13%,,,
9/4/2018,66.13%,,,
9/5/2018,67.08%,,,
9/6/2018,68.53%,,,
9/7/2018,69.78%,,,
9/10/2018,68.83%,,,
9/11/2018,68.78%,,,
9/12/2018,69.18%,,,
9/13/2018,72.18%,,,
9/14/2018,73.53%,,,
9/17/2018,71.88%,,,
9/18/2018,71.28%,,,
9/19/2018,71.33%,,,
9/20/2018,71.78%,,,
9/21/2018,71.73%,,,
9/24/2018,71.70%,,,
9/25/2018,72.28%,,,
9/26/2018,72.03%,,,
9/27/2018,73.13%,,,
9/28/2018,73.28%,,,
10/1/2018,73.37%,,,
10/2/2018,72.18%,,,
10/4/2018,69.78%,,,
10/5/2018,69.53%,,,
10/8/2018,69.53%,,,
10/9/2018,69.68%,,,
10/10/2018,70.38%,,,
10/11/2018,70.93%,,,
10/12/2018,72.23%,,,
10/15/2018,72.48%,,,
10/16/2018,72.08%,,,
10/17/2018,72.38%,,,
10/18/2018,72.43%,,,
10/19/2018,71.73%,,,
10/22/2018,71.73%,,,
10/23/2018,71.13%,,,
10/24/2018,71.58%,,,
10/25/2018,71.78%,,,
10/26/2018,71.98%,,,
10/29/2018,72.18%,,,
10/30/2018,72.03%,,,
10/31/2018,71.83%,,,
11/1/2018,70.98%,,,
11/2/2018,71.88%,,,
11/5/2018,72.43%,,,
11/6/2018,72.68%,,,
11/7/2018,72.88%,,,
11/8/2018,72.48%,,,
11/9/2018,71.93%,,,
11/12/2018,71.78%,,,
11/13/2018,71.75%,,,
11/14/2018,71.73%,,,
11/15/2018,71.70%,,,
11/16/2018,71.43%,,,
11/19/2018,70.83%,,,
11/20/2018,70.35%,,,
11/21/2018,69.73%,,,
11/22/2018,69.88%,,,
11/23/2018,69.78%,,,
11/26/2018,69.58%,,,
11/27/2018,69.28%,,,
11/28/2018,68.83%,,,
11/29/2018,70.38%,,,
11/30/2018,70.33%,,,
12/3/2018,71.18%,,,
12/4/2018,71.08%,,,
12/5/2018,70.53%,,,
12/6/2018,70.48%,,,
12/7/2018,70.78%,,,
12/10/2018,71.18%,,,
12/11/2018,71.33%,,,
12/12/2018,71.28%,,,
12/13/2018,71.58%,,,
12/14/2018,71.98%,,,
12/17/2018,72.18%,,,
12/18/2018,72.38%,,,
12/19/2018,73.68%,,,
12/20/2018,74.83%,,,
12/21/2018,74.28%,,,
12/27/2018,74.13%,,,
12/28/2018,73.78%,,,
1/2/2019,73.93%,,,
1/3/2019,73.43%,,,
1/4/2019,73.78%,,,
1/7/2019,73.88%,,,
1/8/2019,73.43%,,,
1/9/2019,72.88%,,,
1/10/2019,72.93%,,,
1/11/2019,73.00%,,,
1/14/2019,71.92%,,,
1/15/2019,72.71%,,,
1/16/2019,73.56%,,,
1/17/2019,74.34%,,,
1/18/2019,75.25%,,,
1/21/2019,75.77%,,,
1/22/2019,75.14%,,,
1/23/2019,75.96%,,,
1/24/2019,77.19%,,,
1/25/2019,77.12%,,,
1/28/2019,76.07%,,,
1/29/2019,76.08%,,,
1/30/2019,76.69%,,,
1/31/2019,78.31%,,,
2/1/2019,78.18%,,,
2/4/2019,76.96%,,,
2/5/2019,78.51%,,,
2/6/2019,78.22%,,,
2/7/2019,76.88%,,,
2/8/2019,76.78%,,,
2/11/2019,76.41%,,,
2/12/2019,76.22%,,,
2/13/2019,76.60%,,,
2/14/2019,76.22%,,,
2/15/2019,76.36%,,,
2/18/2019,76.19%,,,
2/19/2019,75.86%,,,
2/20/2019,76.23%,,,
2/21/2019,75.71%,,,
2/22/2019,75.51%,,,
2/25/2019,75.58%,,,
2/26/2019,76.00%,,,
2/27/2019,76.29%,,,
2/28/2019,76.14%,,,
3/1/2019,75.72%,,,
3/4/2019,74.73%,,,
3/5/2019,74.46%,,,
3/6/2019,74.43%,,,
3/7/2019,74.25%,,,
3/8/2019,73.40%,,,
3/11/2019,73.96%,,,
3/12/2019,75.30%,,,
3/13/2019,75.75%,,,
3/14/2019,75.95%,,,
3/15/2019,76.03%,,,
3/18/2019,76.13%,,,
3/19/2019,76.12%,,,
3/20/2019,75.36%,,,
3/21/2019,75.52%,,,
3/22/2019,73.58%,,,
3/25/2019,72.04%,,,
3/26/2019,72.79%,,,
3/27/2019,72.21%,,,
3/28/2019,72.61%,,,
3/29/2019,74.08%,,,
4/1/2019,75.02%,,,
4/2/2019,74.98%,,,
4/3/2019,74.23%,,,
4/4/2019,75.39%,,,
4/5/2019,75.39%,,,
4/8/2019,75.08%,,,
4/9/2019,74.57%,,,
4/10/2019,74.81%,,,
4/11/2019,74.24%,,,
4/12/2019,73.15%,,,
4/15/2019,72.49%,,,
4/16/2019,72.20%,,,
4/17/2019,73.70%,,,
4/18/2019,73.36%,,,
4/23/2019,73.01%,,,
4/24/2019,73.34%,,,
4/25/2019,73.06%,,,
4/26/2019,72.74%,,,
4/29/2019,73.03%,,,
4/30/2019,73.44%,,,
5/2/2019,74.78%,,,
5/3/2019,74.09%,,,
5/6/2019,74.26%,,,
5/7/2019,72.80%,,,
5/8/2019,72.06%,,,
5/9/2019,71.40%,,,
5/10/2019,71.50%,,,
5/13/2019,71.35%,,,
5/14/2019,72.90%,,,
5/15/2019,73.10%,,,
5/16/2019,73.55%,,,
5/17/2019,73.65%,,,
5/20/2019,73.85%,,,
5/21/2019,73.90%,,,
5/22/2019,73.90%,,,
5/23/2019,72.20%,,,
5/24/2019,71.40%,,,
5/27/2019,70.85%,,,
5/28/2019,71.80%,,,
5/29/2019,71.90%,,,
5/30/2019,73.15%,,,
5/31/2019,73.30%,,,
6/3/2019,72.90%,,,
6/4/2019,73.10%,,,
6/5/2019,74.05%,,,
6/6/2019,73.25%,,,
6/7/2019,72.89%,,,
6/11/2019,73.85%,,,
6/12/2019,73.48%,,,
6/13/2019,73.33%,,,
6/14/2019,72.97%,,,
6/17/2019,72.16%,,,
6/18/2019,73.95%,,,
6/19/2019,73.66%,,,
6/20/2019,76.15%,,,
6/21/2019,75.30%,,,
6/24/2019,76.37%,,,
6/25/2019,77.25%,,,
6/26/2019,77.30%,,,
6/27/2019,77.80%,,,
6/28/2019,78.20%,,,
7/1/2019,79.40%,,,
7/2/2019,78.85%,,,
7/3/2019,79.20%,,,
7/4/2019,78.94%,,,
7/5/2019,78.85%,,,
7/8/2019,76.25%,,,
7/9/2019,76.22%,,,
7/10/2019,76.66%,,,
7/11/2019,76.74%,,,
7/12/2019,75.76%,,,
7/15/2019,76.17%,,,
7/16/2019,76.90%,,,
7/17/2019,77.66%,,,
7/18/2019,77.45%,,,
7/19/2019,77.84%,,,
7/22/2019,77.80%,,,
7/23/2019,77.94%,,,
7/24/2019,78.70%,,,
7/25/2019,78.80%,,,
7/26/2019,79.06%,,,
7/29/2019,78.96%,,,
7/30/2019,78.96%,,,
7/31/2019,78.91%,,,
8/1/2019,77.05%,,,
8/2/2019,77.85%,,,
8/5/2019,78.00%,,,
8/6/2019,77.03%,,,
8/7/2019,77.87%,,,
8/8/2019,78.35%,,,
8/9/2019,78.89%,,,
8/12/2019,78.48%,,,
8/13/2019,77.33%,,,
8/14/2019,77.48%,,,
8/15/2019,77.14%,,,
8/16/2019,77.33%,,,
8/19/2019,77.68%,,,
8/20/2019,77.23%,,,
8/21/2019,76.57%,,,
8/22/2019,76.31%,,,
8/23/2019,75.87%,,,
8/26/2019,76.50%,,,
8/27/2019,76.22%,,,
8/28/2019,76.27%,,,
8/29/2019,76.00%,,,
8/30/2019,76.48%,,,
9/2/2019,76.80%,,,
9/3/2019,77.75%,,,
9/4/2019,78.82%,,,
9/5/2019,78.97%,,,
9/6/2019,78.61%,,,
9/9/2019,78.00%,,,
9/10/2019,76.81%,,,
9/11/2019,76.36%,,,
9/12/2019,77.35%,,,
9/13/2019,77.21%,,,
9/16/2019,76.42%,,,
9/17/2019,76.58%,,,
9/18/2019,77.12%,,,
9/19/2019,77.34%,,,
9/20/2019,77.89%,,,
9/23/2019,78.32%,,,
9/24/2019,78.88%,,,
9/25/2019,78.76%,,,
9/26/2019,79.40%,,,
9/27/2019,80.32%,,,
9/30/2019,80.08%,,,
10/1/2019,80.05%,,,
10/2/2019,79.61%,,,
10/4/2019,80.35%,,,
10/7/2019,80.33%,,,
10/8/2019,79.01%,,,
10/9/2019,78.88%,,,
10/10/2019,77.17%,,,
10/11/2019,77.58%,,,
10/14/2019,77.32%,,,
10/15/2019,77.37%,,,
10/16/2019,77.42%,,,
10/17/2019,77.87%,,,
10/18/2019,79.50%,,,
10/21/2019,78.83%,,,
10/22/2019,77.84%,,,
10/23/2019,79.23%,,,
10/24/2019,80.12%,,,
10/25/2019,80.90%,,,
10/28/2019,80.90%,,,
10/29/2019,80.82%,,,
10/30/2019,79.91%,,,
10/31/2019,79.85%,,,
11/1/2019,79.38%,,,
11/4/2019,79.51%,,,
11/5/2019,79.50%,,,
11/6/2019,79.50%,,,
11/7/2019,80.19%,,,
11/8/2019,80.21%,,,
11/11/2019,80.10%,,,
11/12/2019,80.21%,,,
11/13/2019,80.45%,,,
11/14/2019,80.80%,,,
11/15/2019,81.05%,,,
11/18/2019,81.55%,,,
11/19/2019,81.45%,,,
11/20/2019,81.00%,,,
11/21/2019,80.60%,,,
11/22/2019,80.58%,,,
11/25/2019,80.51%,,,
11/26/2019,79.97%,,,
11/27/2019,79.52%,,,
11/28/2019,78.94%,,,
11/29/2019,78.85%,,,
12/2/2019,78.75%,,,
12/3/2019,78.69%,,,
12/4/2019,79.48%,,,
12/5/2019,80.33%,,,
12/6/2019,80.70%,,,
12/9/2019,80.48%,,,
12/10/2019,80.82%,,,
12/11/2019,80.85%,,,
12/12/2019,81.27%,,,
12/13/2019,81.73%,,,
12/16/2019,81.81%,,,
12/17/2019,82.16%,,,
12/18/2019,82.23%,,,
12/19/2019,82.19%,,,
12/20/2019,81.99%,,,
12/23/2019,81.92%,,,
12/27/2019,82.47%,,,
12/30/2019,82.37%,,,
1/2/2020,83.45%,,,
1/3/2020,83.09%,,,
1/6/2020,82.50%,,,
1/7/2020,82.77%,,,
1/8/2020,83.05%,,,
1/9/2020,83.43%,,,
1/10/2020,83.45%,,,
1/13/2020,83.49%,,,
1/14/2020,84.17%,,,
1/15/2020,85.55%,,,
1/16/2020,85.53%,,,
1/17/2020,85.29%,,,
1/20/2020,84.98%,,,
1/21/2020,85.15%,,,
1/22/2020,86.45%,,,
1/23/2020,86.95%,,,
1/24/2020,87.35%,,,
1/27/2020,87.38%,,,
1/28/2020,88.06%,,,
1/29/2020,88.80%,,,
1/30/2020,88.90%,,,
1/31/2020,89.39%,,,
2/3/2020,89.55%,,,
2/4/2020,88.86%,,,
2/5/2020,88.65%,,,
2/6/2020,88.60%,,,
2/7/2020,88.60%,,,
2/10/2020,86.72%,,,
2/11/2020,86.66%,,,
2/12/2020,86.65%,,,
2/13/2020,86.64%,,,
2/14/2020,86.89%,,,
2/17/2020,86.66%,,,
2/18/2020,86.84%,,,
2/19/2020,86.80%,,,
2/20/2020,85.50%,,,
2/21/2020,85.92%,,,
2/24/2020,85.73%,,,
2/25/2020,85.13%,,,
2/26/2020,84.64%,,,
2/27/2020,84.48%,,,
2/28/2020,79.50%,,,
3/2/2020,81.67%,,,
3/3/2020,84.97%,,,
3/4/2020,86.73%,,,
3/5/2020,86.85%,,,
3/6/2020,84.61%,,,
3/9/2020,78.61%,,,
3/10/2020,83.38%,,,
3/11/2020,81.93%,,,
3/12/2020,75.77%,,,
3/13/2020,75.52%,,,
3/16/2020,68.29%,,,
3/17/2020,67.20%,,,
3/18/2020,64.29%,,,
3/19/2020,63.85%,,,
3/20/2020,66.01%,,,
3/23/2020,65.02%,,,
3/24/2020,67.48%,,,
3/25/2020,72.49%,,,
3/26/2020,72.99%,,,
3/27/2020,73.19%,,,
3/30/2020,70.04%,,,
3/31/2020,68.00%,,,
4/1/2020,67.39%,,,
4/2/2020,65.61%,,,
4/3/2020,66.57%,,,
4/6/2020,65.80%,,,
4/7/2020,67.71%,,,
4/8/2020,68.91%,,,
4/9/2020,72.89%,,,
4/14/2020,72.79%,,,
4/15/2020,72.69%,,,
4/16/2020,70.13%,,,
4/17/2020,70.72%,,,
4/20/2020,71.88%,,,
4/21/2020,71.92%,,,
4/22/2020,71.32%,,,
4/23/2020,71.07%,,,
4/24/2020,72.09%,,,
4/27/2020,73.41%,,,
4/28/2020,72.70%,,,
4/29/2020,72.36%,,,
4/30/2020,72.51%,,,
5/4/2020,70.97%,,,
5/5/2020,71.49%,,,
5/6/2020,71.21%,,,
5/7/2020,69.52%,,,
5/8/2020,69.51%,,,
5/11/2020,70.88%,,,
5/12/2020,72.35%,,,
5/13/2020,72.17%,,,
5/14/2020,71.10%,,,
5/15/2020,71.58%,,,
5/18/2020,72.64%,,,
5/19/2020,73.02%,,,
5/20/2020,74.80%,,,
5/21/2020,75.00%,,,
5/22/2020,74.77%,,,
5/25/2020,74.12%,,,
5/26/2020,74.26%,,,
5/27/2020,74.40%,,,
5/28/2020,73.45%,,,
5/29/2020,72.64%,,,
6/2/2020,74.95%,,,
6/3/2020,77.55%,,,
6/4/2020,77.80%,,,
6/5/2020,78.80%,,,
6/8/2020,79.35%,,,
6/9/2020,79.15%,,,
6/10/2020,77.80%,,,
6/11/2020,77.25%,,,
6/12/2020,76.99%,,,
6/15/2020,75.85%,,,
6/16/2020,77.86%,,,
6/17/2020,78.39%,,,
6/18/2020,78.20%,,,
6/19/2020,78.45%,,,
6/22/2020,78.24%,,,
6/23/2020,77.75%,,,
6/24/2020,77.66%,,,
6/25/2020,76.41%,,,
6/26/2020,77.42%,,,
6/29/2020,77.02%,,,
6/30/2020,76.96%,,,
7/1/2020,76.98%,,,
7/2/2020,77.96%,,,
7/3/2020,77.94%,,,
7/6/2020,77.61%,,,
7/7/2020,77.30%,,,
7/8/2020,77.00%,,,
7/9/2020,76.73%,,,
7/10/2020,76.23%,,,
7/13/2020,75.77%,,,
7/14/2020,75.85%,,,
7/15/2020,75.78%,,,
7/16/2020,75.74%,,,
7/17/2020,75.76%,,,
7/20/2020,76.00%,,,
7/21/2020,77.23%,,,
7/22/2020,78.15%,,,
7/23/2020,78.48%,,,
7/24/2020,77.65%,,,
7/27/2020,78.00%,,,
7/28/2020,77.69%,,,
7/29/2020,75.14%,,,
7/30/2020,73.78%,,,
7/31/2020,75.26%,,,
8/3/2020,77.09%,,,
8/4/2020,76.85%,,,
8/5/2020,75.60%,,,
8/6/2020,74.74%,,,
8/7/2020,75.26%,,,
8/10/2020,76.58%,,,
8/11/2020,77.89%,,,
8/12/2020,77.55%,,,
8/13/2020,77.90%,,,
8/14/2020,77.15%,,,
8/17/2020,75.43%,,,
8/18/2020,75.05%,,,
8/19/2020,77.20%,,,
8/20/2020,77.15%,,,
8/21/2020,77.25%,,,
8/24/2020,77.18%,,,
8/25/2020,77.32%,,,
8/26/2020,77.00%,,,
8/27/2020,77.30%,,,
8/28/2020,77.34%,,,
8/31/2020,77.58%,,,
9/1/2020,77.95%,,,
9/2/2020,79.40%,,,
9/3/2020,79.30%,,,
9/4/2020,78.11%,,,
9/7/2020,78.22%,,,
9/8/2020,78.21%,,,
9/9/2020,76.75%,,,
9/10/2020,77.29%,,,
9/11/2020,77.39%,,,
9/14/2020,77.10%,,,
9/15/2020,76.70%,,,
9/16/2020,76.79%,,,
9/17/2020,76.27%,,,
9/18/2020,75.75%,,,
9/21/2020,74.71%,,,
9/22/2020,72.76%,,,
9/23/2020,72.75%,,,
9/24/2020,72.62%,,,
9/25/2020,74.20%,,,
9/28/2020,74.21%,,,
9/29/2020,73.54%,,,
9/30/2020,74.27%,,,
10/1/2020,75.17%,,,
10/2/2020,75.01%,,,
10/5/2020,75.86%,,,
10/6/2020,76.10%,,,
10/7/2020,75.65%,,,
10/8/2020,74.93%,,,
10/9/2020,74.99%,,,
10/12/2020,75.45%,,,
10/13/2020,75.56%,,,
10/14/2020,75.13%,,,
10/15/2020,74.77%,,,
10/16/2020,74.54%,,,
10/19/2020,75.25%,,,
10/20/2020,75.33%,,,
10/21/2020,75.86%,,,
10/22/2020,76.04%,,,
10/23/2020,74.74%,,,
10/26/2020,73.93%,,,
10/27/2020,73.91%,,,
10/28/2020,73.68%,,,
10/29/2020,72.99%,,,
10/30/2020,72.93%,,,
11/2/2020,72.88%,,,
11/3/2020,72.25%,,,
11/4/2020,73.31%,,,
11/5/2020,76.17%,,,
11/6/2020,75.82%,,,
11/9/2020,78.75%,,,
11/10/2020,78.39%,,,
11/11/2020,81.74%,,,
11/12/2020,82.32%,,,
11/13/2020,83.00%,,,
11/16/2020,83.75%,,,
11/17/2020,83.61%,,,
11/18/2020,83.74%,,,
11/19/2020,85.22%,,,
11/20/2020,84.50%,,,
11/23/2020,83.59%,,,
11/24/2020,82.90%,,,
11/25/2020,82.57%,,,
11/26/2020,82.18%,,,
11/27/2020,83.22%,,,
11/30/2020,83.27%,,,
12/1/2020,83.19%,,,
12/2/2020,83.28%,,,
12/3/2020,83.85%,,,
12/4/2020,84.24%,,,
12/7/2020,84.23%,,,
12/8/2020,83.94%,,,
12/9/2020,83.29%,,,
12/10/2020,83.02%,,,
12/11/2020,82.62%,,,
12/14/2020,82.66%,,,
12/15/2020,83.64%,,,
12/16/2020,84.80%,,,
12/17/2020,85.60%,,,
12/18/2020,86.37%,,,
12/21/2020,86.47%,,,
12/22/2020,85.81%,,,
12/23/2020,86.02%,,,
12/28/2020,85.97%,,,
12/29/2020,87.17%,,,
12/30/2020,87.43%,,,
1/4/2021,88.49%,,,
1/5/2021,87.77%,,,
1/6/2021,86.83%,,,
1/7/2021,86.72%,,,
1/8/2021,86.52%,,,
1/11/2021,86.52%,,,
1/12/2021,84.72%,,,
1/13/2021,84.23%,,,
1/14/2021,84.24%,,,
1/15/2021,83.83%,,,
1/18/2021,82.85%,,,
1/19/2021,83.03%,,,
1/20/2021,83.23%,,,
1/21/2021,84.02%,,,
1/22/2021,83.72%,,,
1/25/2021,83.72%,,,
1/26/2021,83.77%,,,
1/27/2021,83.87%,,,
1/28/2021,83.89%,,,
1/29/2021,84.69%,,,
2/1/2021,85.14%,,,
2/2/2021,85.26%,,,
2/3/2021,85.25%,,,
2/4/2021,85.17%,,,
2/5/2021,86.12%,,,
2/8/2021,86.34%,,,
2/9/2021,85.89%,,,
2/10/2021,85.82%,,,
2/11/2021,85.77%,,,
2/12/2021,85.84%,,,
2/15/2021,85.63%,,,
2/16/2021,85.44%,,,
2/17/2021,84.03%,,,
2/18/2021,85.25%,,,
2/19/2021,84.62%,,,
2/22/2021,83.96%,,,
2/23/2021,83.39%,,,
2/24/2021,82.98%,,,
2/25/2021,81.80%,,,
2/26/2021,80.51%,,,
3/1/2021,82.00%,,,
3/2/2021,82.20%,,,
3/3/2021,81.96%,,,
3/4/2021,80.74%,,,
3/5/2021,79.22%,,,
3/8/2021,79.02%,,,
3/9/2021,78.88%,,,
3/10/2021,79.80%,,,
3/11/2021,81.85%,,,
3/12/2021,80.69%,,,
3/15/2021,80.61%,,,
3/16/2021,81.62%,,,
3/17/2021,81.37%,,,
3/18/2021,81.00%,,,
3/19/2021,81.30%,,,
3/22/2021,73.66%,,,
3/23/2021,75.26%,,,
3/24/2021,75.89%,,,
3/25/2021,76.53%,,,
3/26/2021,76.05%,,,
3/29/2021,75.80%,,,
3/30/2021,74.94%,,,
3/31/2021,76.32%,,,
4/1/2021,77.71%,,,
4/6/2021,78.69%,,,
4/7/2021,78.77%,,,
4/8/2021,78.08%,,,
4/9/2021,77.39%,,,
4/12/2021,77.23%,,,
4/13/2021,77.23%,,,
4/14/2021,78.01%,,,
4/15/2021,79.06%,,,
4/16/2021,79.38%,,,
4/19/2021,79.82%,,,
4/20/2021,79.26%,,,
4/21/2021,78.47%,,,
4/22/2021,78.16%,,,
4/23/2021,77.48%,,,
4/26/2021,76.82%,,,
4/27/2021,77.30%,,,
4/28/2021,77.06%,,,
4/29/2021,77.31%,,,
4/30/2021,77.03%,,,
5/3/2021,77.16%,,,
5/4/2021,77.31%,,,
5/5/2021,77.75%,,,
5/6/2021,78.23%,,,
5/7/2021,78.99%,,,
5/10/2021,79.33%,,,
5/11/2021,79.20%,,,
5/12/2021,78.73%,,,
5/13/2021,77.53%,,,
5/14/2021,77.99%,,,
5/17/2021,78.83%,,,
5/18/2021,78.78%,,,
5/19/2021,78.60%,,,
5/20/2021,78.35%,,,
5/21/2021,78.53%,,,
5/25/2021,78.76%,,,
5/26/2021,78.52%,,,
5/27/2021,78.61%,,,
5/28/2021,78.31%,,,
5/31/2021,77.85%,,,
6/1/2021,77.87%,,,
6/2/2021,77.84%,,,
6/3/2021,77.78%,,,
6/4/2021,77.93%,,,
6/7/2021,77.94%,,,
6/8/2021,78.56%,,,
6/9/2021,80.01%,,,
6/10/2021,80.55%,,,
6/11/2021,81.14%,,,
6/14/2021,81.44%,,,
6/15/2021,80.03%,,,
6/16/2021,79.60%,,,
6/17/2021,79.32%,,,
6/18/2021,79.93%,,,
6/21/2021,79.74%,,,
6/22/2021,79.69%,,,
6/23/2021,80.00%,,,
6/24/2021,80.04%,,,
6/25/2021,80.04%,,,
6/28/2021,80.02%,,,
6/29/2021,80.05%,,,
6/30/2021,79.74%,,,
7/1/2021,79.43%,,,
7/2/2021,78.85%,,,
7/5/2021,78.97%,,,
7/6/2021,79.02%,,,
7/7/2021,78.89%,,,
7/8/2021,78.83%,,,
7/9/2021,78.98%,,,
7/12/2021,79.22%,,,
7/13/2021,79.29%,,,
7/14/2021,79.65%,,,
7/15/2021,80.45%,,,
7/16/2021,80.65%,,,
7/19/2021,80.57%,,,
7/20/2021,80.19%,,,
7/21/2021,80.15%,,,
7/22/2021,80.15%,,,
7/23/2021,80.10%,,,
7/26/2021,80.10%,,,
7/27/2021,80.07%,,,
7/28/2021,79.95%,,,
7/29/2021,80.31%,,,
7/30/2021,80.27%,,,
8/2/2021,80.83%,,,
8/3/2021,80.87%,,,
8/4/2021,80.46%,,,
8/5/2021,79.89%,,,
8/6/2021,79.83%,,,
8/9/2021,78.91%,,,
8/10/2021,78.88%,,,
8/11/2021,78.62%,,,
8/12/2021,79.25%,,,
8/13/2021,80.10%,,,
8/16/2021,80.52%,,,
8/17/2021,80.64%,,,
8/18/2021,80.40%,,,
8/19/2021,80.14%,,,
8/20/2021,80.25%,,,
8/23/2021,80.31%,,,
8/24/2021,80.95%,,,
8/25/2021,81.28%,,,
8/26/2021,81.25%,,,
8/27/2021,81.37%,,,
8/30/2021,81.60%,,,
8/31/2021,82.47%,,,
9/1/2021,82.11%,,,
9/2/2021,81.62%,,,
9/3/2021,81.70%,,,
9/6/2021,81.51%,,,
9/7/2021,81.46%,,,
9/8/2021,81.15%,,,
9/9/2021,80.89%,,,
9/10/2021,81.15%,,,
9/13/2021,80.97%,,,
9/14/2021,80.74%,,,
9/15/2021,80.41%,,,
9/16/2021,79.90%,,,
9/17/2021,79.08%,,,
9/20/2021,78.75%,,,
9/21/2021,79.49%,,,
9/22/2021,79.48%,,,
9/23/2021,79.35%,,,
9/24/2021,77.79%,,,
9/27/2021,77.43%,,,
9/28/2021,76.47%,,,
9/29/2021,77.93%,,,
9/30/2021,78.25%,,,
10/1/2021,77.50%,,,
10/4/2021,77.33%,,,
10/5/2021,77.15%,,,
10/6/2021,76.79%,,,
10/7/2021,77.62%,,,
10/8/2021,77.14%,,,
10/11/2021,76.91%,,,
10/12/2021,76.44%,,,
10/13/2021,76.94%,,,
10/14/2021,76.30%,,,
10/15/2021,76.66%,,,
10/18/2021,76.36%,,,
10/19/2021,76.40%,,,
10/20/2021,76.82%,,,
10/21/2021,76.98%,,,
10/22/2021,76.65%,,,
10/25/2021,76.25%,,,
10/26/2021,77.90%,,,
10/27/2021,78.17%,,,
10/28/2021,77.91%,,,
10/29/2021,77.90%,,,
11/1/2021,77.73%,,,
11/2/2021,78.23%,,,
11/3/2021,78.67%,,,
11/4/2021,79.39%,,,
11/5/2021,80.00%,,,
11/8/2021,80.25%,,,
11/9/2021,80.15%,,,
11/10/2021,79.74%,,,
11/11/2021,78.75%,,,
11/12/2021,78.47%,,,
11/15/2021,78.81%,,,
11/16/2021,78.29%,,,
11/17/2021,77.81%,,,
11/18/2021,77.17%,,,
11/19/2021,76.84%,,,
11/22/2021,77.39%,,,
11/23/2021,76.11%,,,
11/24/2021,75.90%,,,
11/25/2021,75.25%,,,
11/26/2021,75.16%,,,
11/29/2021,74.48%,,,
11/30/2021,75.00%,,,
12/1/2021,74.60%,,,
12/2/2021,74.75%,,,
12/3/2021,75.20%,,,
12/6/2021,74.95%,,,
12/7/2021,77.70%,,,
12/8/2021,78.70%,,,
12/9/2021,77.89%,,,
12/10/2021,77.78%,,,
12/13/2021,76.50%,,,
12/14/2021,76.46%,,,
12/15/2021,76.27%,,,
12/16/2021,76.30%,,,
12/17/2021,76.16%,,,
12/20/2021,71.57%,,,
12/21/2021,73.70%,,,
12/22/2021,73.50%,,,
12/23/2021,76.45%,,,
12/27/2021,75.40%,,,
12/28/2021,75.40%,,,
12/29/2021,75.95%,,,
12/30/2021,75.45%,,,
1/3/2022,75.05%,,,
1/4/2022,76.45%,,,
1/5/2022,76.08%,,,
1/6/2022,75.19%,,,
1/7/2022,74.25%,,,
1/10/2022,74.13%,,,
1/11/2022,73.63%,,,
1/12/2022,73.98%,,,
1/13/2022,74.98%,,,
1/14/2022,74.90%,,,
1/17/2022,74.05%,,,
1/18/2022,73.81%,,,
1/19/2022,72.72%,,,
1/20/2022,73.79%,,,
1/21/2022,74.25%,,,
1/24/2022,74.22%,,,
1/25/2022,73.21%,,,
1/26/2022,72.97%,,,
1/27/2022,72.83%,,,
1/28/2022,72.66%,,,
1/31/2022,72.05%,,,
2/1/2022,72.05%,,,
2/2/2022,72.41%,,,
2/3/2022,72.42%,,,
2/4/2022,71.99%,,,
2/7/2022,71.23%,,,
2/8/2022,71.11%,,,
2/9/2022,72.08%,,,
2/10/2022,73.00%,,,
2/11/2022,72.81%,,,
2/14/2022,72.57%,,,
2/15/2022,72.32%,,,
2/16/2022,72.06%,,,
2/17/2022,71.86%,,,
2/18/2022,71.47%,,,
2/21/2022,71.48%,,,
2/22/2022,70.98%,,,
2/23/2022,70.89%,,,
2/24/2022,66.61%,,,
2/25/2022,69.16%,,,
2/28/2022,68.67%,,,
3/1/2022,69.18%,,,
3/2/2022,69.60%,,,
3/3/2022,68.59%,,,
3/4/2022,67.81%,,,
3/7/2022,64.62%,,,
3/8/2022,65.56%,,,
3/9/2022,67.11%,,,
3/10/2022,68.00%,,,
3/11/2022,67.64%,,,
3/14/2022,67.81%,,,
3/15/2022,68.43%,,,
3/16/2022,71.07%,,,
3/17/2022,71.71%,,,
3/18/2022,70.41%,,,
3/21/2022,69.94%,,,
3/22/2022,69.53%,,,
3/23/2022,69.44%,,,
3/24/2022,69.38%,,,
3/25/2022,69.29%,,,
3/28/2022,69.33%,,,
3/29/2022,70.94%,,,
3/30/2022,70.82%,,,
3/31/2022,70.84%,,,
4/1/2022,70.16%,,,
4/4/2022,69.83%,,,
4/5/2022,69.77%,,,
4/6/2022,68.75%,,,
4/7/2022,68.02%,,,
4/8/2022,67.82%,,,
4/11/2022,67.52%,,,
4/12/2022,67.25%,,,
4/13/2022,68.05%,,,
4/14/2022,68.59%,,,
4/19/2022,68.00%,,,
4/20/2022,69.28%,,,
4/21/2022,69.23%,,,
4/22/2022,68.92%,,,
4/25/2022,68.53%,,,
4/26/2022,68.79%,,,
4/27/2022,68.62%,,,
4/28/2022,68.40%,,,
4/29/2022,68.40%,,,
5/2/2022,67.32%,,,
5/3/2022,66.88%,,,
5/4/2022,66.89%,,,
5/5/2022,67.35%,,,
5/6/2022,65.64%,,,
5/9/2022,64.45%,,,
5/10/2022,64.19%,,,
5/11/2022,64.67%,,,
5/12/2022,64.75%,,,
5/13/2022,64.06%,,,
5/16/2022,63.34%,,,
5/17/2022,63.64%,,,
5/18/2022,63.48%,,,
5/19/2022,63.14%,,,
5/20/2022,63.56%,,,
5/23/2022,64.76%,,,
5/24/2022,64.70%,,,
5/25/2022,63.78%,,,
5/26/2022,64.20%,,,
5/27/2022,64.93%,,,
5/30/2022,65.03%,,,
5/31/2022,65.15%,,,
6/1/2022,64.61%,,,
6/2/2022,64.53%,,,
6/3/2022,64.60%,,,
6/6/2022,64.70%,,,
6/7/2022,64.23%,,,
6/8/2022,62.26%,,,
6/9/2022,61.29%,,,
6/10/2022,60.70%,,,
6/13/2022,60.03%,,,
6/14/2022,60.62%,,,
6/15/2022,61.66%,,,
6/16/2022,61.66%,,,
6/17/2022,61.37%,,,
6/20/2022,61.73%,,,
6/21/2022,61.91%,,,
6/22/2022,62.14%,,,
6/23/2022,62.74%,,,
6/24/2022,63.23%,,,
6/27/2022,64.24%,,,
6/28/2022,63.42%,,,
6/29/2022,60.77%,,,
6/30/2022,59.75%,,,
7/1/2022,59.86%,,,
7/4/2022,59.67%,,,
7/5/2022,59.54%,,,
7/6/2022,58.66%,,,
7/7/2022,58.30%,,,
7/8/2022,57.98%,,,
7/11/2022,57.33%,,,
7/12/2022,55.96%,,,
7/13/2022,55.54%,,,
7/14/2022,55.28%,,,
7/15/2022,55.30%,,,
7/18/2022,56.70%,,,
7/19/2022,56.99%,,,
7/20/2022,58.55%,,,
7/21/2022,58.69%,,,
7/22/2022,58.56%,,,
7/25/2022,58.09%,,,
7/26/2022,57.33%,,,
7/27/2022,55.79%,,,
7/28/2022,57.31%,,,
7/29/2022,59.56%,,,
8/1/2022,60.70%,,,
8/2/2022,60.80%,,,
8/3/2022,60.21%,,,
8/4/2022,61.60%,,,
8/5/2022,61.97%,,,
8/8/2022,61.72%,,,
8/9/2022,61.98%,,,
8/10/2022,62.06%,,,
8/11/2022,63.15%,,,
8/12/2022,63.08%,,,
8/15/2022,62.55%,,,
8/16/2022,61.56%,,,
8/17/2022,60.14%,,,
8/18/2022,59.05%,,,
8/19/2022,57.49%,,,
8/22/2022,55.42%,,,
8/23/2022,57.17%,,,
8/24/2022,58.74%,,,
8/25/2022,59.33%,,,
8/26/2022,59.55%,,,
8/29/2022,59.33%,,,
8/30/2022,59.10%,,,
8/31/2022,57.39%,,,
9/1/2022,56.77%,,,
9/2/2022,53.60%,,,
9/5/2022,57.84%,,,
9/6/2022,57.79%,,,
9/7/2022,57.68%,,,
9/8/2022,58.54%,,,
9/9/2022,60.43%,,,
9/12/2022,61.52%,,,
9/13/2022,61.40%,,,
9/14/2022,58.84%,,,
9/15/2022,59.07%,,,
9/16/2022,57.61%,,,
9/19/2022,57.58%,,,
9/20/2022,57.59%,,,
9/21/2022,57.83%,,,
9/22/2022,57.89%,,,
9/23/2022,57.14%,,,
9/26/2022,55.60%,,,
9/27/2022,55.84%,,,
9/28/2022,54.62%,,,
9/29/2022,55.45%,,,
9/30/2022,56.66%,,,
10/3/2022,56.21%,,,
10/4/2022,57.59%,,,
10/5/2022,56.85%,,,
10/6/2022,55.96%,,,
10/7/2022,55.63%,,,
10/10/2022,54.96%,,,
10/11/2022,55.24%,,,
10/12/2022,55.62%,,,
10/13/2022,55.21%,,,
10/14/2022,55.43%,,,
10/17/2022,54.83%,,,
10/18/2022,55.79%,,,
10/19/2022,55.75%,,,
10/20/2022,55.71%,,,
10/21/2022,55.35%,,,
10/24/2022,56.03%,,,
10/25/2022,57.60%,,,
10/26/2022,58.46%,,,
10/27/2022,58.60%,,,
10/28/2022,58.71%,,,
10/31/2022,58.68%,,,
11/1/2022,59.06%,,,
11/2/2022,59.18%,,,
11/3/2022,58.83%,,,
11/4/2022,59.69%,,,
11/7/2022,60.25%,,,
11/8/2022,60.06%,,,
11/9/2022,60.35%,,,
11/10/2022,60.51%,,,
11/11/2022,62.50%,,,
11/14/2022,62.59%,,,
11/15/2022,62.37%,,,
11/16/2022,62.38%,,,
11/17/2022,61.40%,,,
11/18/2022,60.17%,,,
11/21/2022,60.21%,,,
11/22/2022,60.93%,,,
11/23/2022,62.19%,,,
11/24/2022,63.72%,,,
11/25/2022,63.98%,,,
11/28/2022,64.09%,,,
11/29/2022,64.66%,,,
11/30/2022,65.33%,,,
12/1/2022,66.23%,,,
12/2/2022,66.99%,,,
12/5/2022,67.13%,,,
12/6/2022,66.81%,,,
12/7/2022,65.40%,,,
12/8/2022,65.96%,,,
12/9/2022,66.52%,,,
12/12/2022,66.20%,,,
12/13/2022,67.65%,,,
12/14/2022,67.36%,,,
12/15/2022,66.75%,,,
12/16/2022,65.77%,,,
12/19/2022,65.32%,,,
12/20/2022,64.93%,,,
12/21/2022,65.20%,,,
12/22/2022,65.69%,,,
12/23/2022,65.86%,,,
12/27/2022,65.71%,,,
12/28/2022,65.73%,,,
12/29/2022,65.22%,,,
12/30/2022,64.80%,,,
1/2/2023,65.01%,,,
1/3/2023,65.56%,,,
1/4/2023,66.14%,,,
1/5/2023,66.06%,,,
1/6/2023,64.89%,,,
1/9/2023,65.53%,,,
1/10/2023,65.68%,,,
1/11/2023,64.50%,,,
1/12/2023,64.14%,,,
1/13/2023,64.31%,,,
1/16/2023,64.12%,,,
1/17/2023,63.58%,,,
1/18/2023,64.19%,,,
1/19/2023,63.79%,,,
1/20/2023,63.01%,,,
1/23/2023,62.97%,,,
1/24/2023,63.33%,,,
1/25/2023,63.55%,,,
1/26/2023,63.45%,,,
1/27/2023,63.52%,,,
1/30/2023,63.27%,,,
1/31/2023,62.97%,,,
2/1/2023,63.92%,,,
2/2/2023,65.55%,,,
2/3/2023,65.70%,,,
2/6/2023,64.06%,,,
2/7/2023,62.60%,,,
2/8/2023,62.93%,,,
2/9/2023,62.65%,,,
2/10/2023,62.60%,,,
2/13/2023,62.01%,,,
2/14/2023,61.37%,,,
2/15/2023,61.18%,,,
2/16/2023,61.40%,,,
2/17/2023,61.44%,,,
2/20/2023,61.34%,,,
2/21/2023,61.08%,,,
2/22/2023,60.82%,,,
2/23/2023,62.85%,,,
2/24/2023,63.04%,,,
2/27/2023,62.90%,,,
2/28/2023,63.31%,,,
3/1/2023,64.14%,,,
3/2/2023,63.70%,,,
3/3/2023,64.35%,,,
3/6/2023,65.50%,,,
3/7/2023,65.89%,,,
3/8/2023,65.62%,,,
3/9/2023,65.35%,,,
3/10/2023,65.79%,,,
3/13/2023,66.30%,,,
3/14/2023,66.12%,,,
3/15/2023,66.02%,,,
3/16/2023,66.21%,,,
3/17/2023,66.60%,,,
3/20/2023,65.88%,,,
3/21/2023,66.42%,,,
3/22/2023,66.33%,,,
3/23/2023,67.19%,,,
3/24/2023,67.47%,,,
3/27/2023,67.86%,,,
3/28/2023,67.36%,,,
3/29/2023,67.01%,,,
3/30/2023,66.95%,,,
3/31/2023,66.16%,,,
4/3/2023,66.25%,,,
4/4/2023,66.26%,,,
4/5/2023,66.04%,,,
4/6/2023,65.24%,,,
4/11/2023,65.01%,,,
4/12/2023,65.39%,,,
4/13/2023,65.86%,,,
4/14/2023,66.38%,,,
4/17/2023,66.28%,,,
4/18/2023,65.70%,,,
4/19/2023,65.00%,,,
4/20/2023,64.39%,,,
4/21/2023,64.05%,,,
4/24/2023,63.93%,,,
4/25/2023,64.68%,,,
4/26/2023,65.38%,,,
4/27/2023,66.11%,,,
4/28/2023,66.66%,,,
5/2/2023,66.31%,,,
5/3/2023,66.55%,,,
5/4/2023,67.04%,,,
5/5/2023,67.04%,,,
5/8/2023,66.26%,,,
5/9/2023,66.13%,,,
5/10/2023,67.52%,,,
5/11/2023,70.21%,,,
5/12/2023,70.41%,,,
5/15/2023,63.97%,,,
5/16/2023,62.14%,,,
5/17/2023,59.66%,,,
5/18/2023,58.84%,,,
5/19/2023,59.99%,,,
5/22/2023,59.92%,,,
5/23/2023,58.84%,,,
5/24/2023,60.10%,,,
5/25/2023,60.15%,,,
5/26/2023,59.19%,,,
5/29/2023,59.77%,,,
5/30/2023,61.17%,,,
5/31/2023,61.71%,,,
6/1/2023,61.98%,,,
6/2/2023,62.26%,,,
6/5/2023,64.65%,,,
6/6/2023,65.49%,,,
6/7/2023,64.83%,,,
6/8/2023,64.59%,,,
6/9/2023,64.24%,,,
6/12/2023,64.57%,,,
6/13/2023,65.00%,,,
6/14/2023,65.45%,,,
6/15/2023,65.46%,,,
6/16/2023,65.58%,,,
6/19/2023,65.24%,,,
6/20/2023,64.22%,,,
6/21/2023,64.16%,,,
6/22/2023,64.49%,,,
6/23/2023,63.62%,,,
6/26/2023,63.80%,,,
6/27/2023,64.28%,,,
6/28/2023,64.24%,,,
6/29/2023,64.21%,,,
6/30/2023,64.07%,,,
7/3/2023,64.04%,,,
7/4/2023,63.78%,,,
7/5/2023,63.75%,,,
7/6/2023,63.19%,,,
7/7/2023,62.01%,,,
7/10/2023,62.21%,,,
7/11/2023,63.86%,,,
7/12/2023,64.76%,,,
7/13/2023,65.23%,,,
7/14/2023,65.34%,,,
7/17/2023,65.46%,,,
7/18/2023,65.92%,,,
7/19/2023,65.91%,,,
7/20/2023,66.22%,,,
7/21/2023,66.38%,,,
7/24/2023,66.30%,,,
7/25/2023,66.45%,,,
7/26/2023,66.05%,,,
7/27/2023,66.34%,,,
7/28/2023,67.78%,,,
7/31/2023,68.44%,,,
8/1/2023,68.36%,,,
8/2/2023,66.21%,,,
8/3/2023,65.87%,,,
8/4/2023,66.67%,,,
8/7/2023,66.83%,,,
8/8/2023,66.86%,,,
8/9/2023,66.66%,,,
8/10/2023,66.85%,,,
8/11/2023,66.65%,,,
8/14/2023,66.17%,,,
8/15/2023,65.23%,,,
8/16/2023,64.59%,,,
8/17/2023,64.52%,,,
8/18/2023,64.20%,,,
8/21/2023,63.97%,,,
8/22/2023,64.00%,,,
8/23/2023,64.55%,,,
8/24/2023,66.39%,,,
8/25/2023,66.14%,,,
8/28/2023,66.04%,,,
8/29/2023,66.99%,,,
8/30/2023,67.43%,,,
8/31/2023,67.44%,,,
9/1/2023,66.11%,,,
9/4/2023,65.84%,,,
9/5/2023,65.70%,,,
9/6/2023,65.39%,,,
9/7/2023,64.82%,,,
9/8/2023,65.41%,,,
9/11/2023,65.35%,,,
9/12/2023,65.15%,,,
9/13/2023,64.83%,,,
9/14/2023,64.58%,,,
9/15/2023,64.35%,,,
9/18/2023,63.91%,,,
9/19/2023,63.86%,,,
9/20/2023,65.25%,,,
9/21/2023,65.13%,,,
9/22/2023,64.75%,,,
9/25/2023,64.78%,,,
9/26/2023,64.38%,,,
9/27/2023,64.16%,,,
9/28/2023,63.69%,,,
9/29/2023,63.22%,,,
10/2/2023,62.94%,,,
10/3/2023,62.19%,,,
10/4/2023,61.34%,,,
10/5/2023,61.70%,,,
10/6/2023,61.40%,,,
10/9/2023,61.12%,,,
10/10/2023,62.22%,,,
10/11/2023,63.08%,,,
10/12/2023,63.10%,,,
10/13/2023,62.38%,,,
10/16/2023,61.94%,,,
10/17/2023,61.66%,,,
10/18/2023,61.02%,,,
10/19/2023,59.82%,,,
10/20/2023,59.85%,,,
10/23/2023,59.99%,,,
10/24/2023,61.00%,,,
10/25/2023,61.01%,,,
10/26/2023,60.25%,,,
10/27/2023,60.51%,,,
10/30/2023,60.58%,,,
10/31/2023,61.09%,,,
11/1/2023,61.86%,,,
11/2/2023,63.37%,,,
11/3/2023,64.80%,,,
11/6/2023,64.79%,,,
11/7/2023,63.96%,,,
11/8/2023,63.98%,,,
11/9/2023,63.91%,,,
11/10/2023,63.27%,,,
11/13/2023,61.96%,,,
11/14/2023,63.30%,,,
11/15/2023,63.71%,,,
11/16/2023,64.39%,,,
11/17/2023,65.00%,,,
11/20/2023,65.05%,,,
11/21/2023,65.72%,,,
11/22/2023,65.40%,,,
11/23/2023,65.32%,,,
11/24/2023,65.25%,,,
11/27/2023,65.01%,,,
11/28/2023,65.07%,,,
11/29/2023,66.13%,,,
11/30/2023,66.14%,,,
12/1/2023,65.73%,,,
12/4/2023,66.07%,,,
12/5/2023,66.53%,,,
12/6/2023,66.92%,,,
12/7/2023,67.27%,,,
12/8/2023,67.51%,,,
12/11/2023,67.26%,,,
12/12/2023,68.00%,,,
12/13/2023,68.69%,,,
12/14/2023,72.43%,,,
12/15/2023,73.06%,,,
12/18/2023,73.00%,,,
12/19/2023,73.05%,,,
12/20/2023,73.04%,,,
12/21/2023,72.94%,,,
12/22/2023,73.07%,,,
12/27/2023,73.22%,,,
12/28/2023,73.33%,,,
12/29/2023,72.91%,,,
1/2/2024,72.38%,,,
1/3/2024,70.50%,,,
1/4/2024,69.24%,,,
1/5/2024,68.82%,,,
1/8/2024,68.60%,,,
1/9/2024,68.54%,,,
1/10/2024,68.17%,,,
1/11/2024,68.85%,,,
1/12/2024,69.00%,,,
1/15/2024,68.90%,,,
1/16/2024,68.57%,,,
1/17/2024,67.48%,,,
1/18/2024,68.00%,,,
1/19/2024,67.50%,,,
1/22/2024,67.34%,,,
1/23/2024,66.85%,,,
1/24/2024,67.75%,,,
1/25/2024,67.85%,,,
1/26/2024,67.95%,,,
1/29/2024,68.00%,,,
1/30/2024,68.00%,,,
1/31/2024,67.40%,,,
2/1/2024,67.95%,,,
2/2/2024,68.35%,,,
2/5/2024,67.11%,,,
2/6/2024,67.37%,,,
2/7/2024,68.15%,,,
2/8/2024,68.45%,,,
2/9/2024,68.50%,,,
2/12/2024,69.30%,,,
2/13/2024,69.15%,,,
2/14/2024,68.30%,,,
2/15/2024,69.10%,,,
2/16/2024,69.05%,,,
2/19/2024,68.85%,,,
2/20/2024,68.88%,,,
2/21/2024,68.94%,,,
2/22/2024,69.00%,,,
2/23/2024,69.30%,,,
2/26/2024,69.70%,,,
2/27/2024,69.30%,,,
2/28/2024,68.90%,,,
2/29/2024,69.00%,,,
3/1/2024,68.59%,,,
3/4/2024,68.03%,,,
3/5/2024,67.03%,,,
3/6/2024,67.98%,,,
3/7/2024,68.83%,,,
3/8/2024,68.61%,,,
3/11/2024,68.85%,,,
3/12/2024,69.43%,,,
3/13/2024,69.35%,,,
3/14/2024,69.12%,,,
3/15/2024,68.09%,,,
3/18/2024,67.82%,,,
3/19/2024,67.48%,,,
3/20/2024,67.56%,,,
3/21/2024,69.95%,,,
3/22/2024,69.67%,,,
3/25/2024,69.62%,,,
3/26/2024,69.16%,,,
3/27/2024,69.51%,,,
3/28/2024,70.09%,,,
4/2/2024,69.83%,,,
4/3/2024,69.44%,,,
4/4/2024,70.44%,,,
4/5/2024,70.17%,,,
4/8/2024,69.96%,,,
4/9/2024,70.31%,,,
4/10/2024,70.71%,,,
4/11/2024,69.10%,,,
4/12/2024,68.68%,,,
4/15/2024,68.48%,,,
4/16/2024,67.30%,,,
4/17/2024,68.02%,,,
4/18/2024,67.94%,,,
4/19/2024,67.66%,,,
4/22/2024,67.84%,,,
4/23/2024,68.08%,,,
4/24/2024,68.12%,,,
4/25/2024,67.52%,,,
4/26/2024,67.83%,,,
4/29/2024,68.70%,,,
4/30/2024,68.71%,,,
5/2/2024,68.62%,,,
5/3/2024,69.45%,,,
5/6/2024,69.58%,,,
5/7/2024,70.14%,,,
5/8/2024,69.84%,,,
5/9/2024,69.50%,,,
5/10/2024,69.82%,,,
5/13/2024,69.74%,,,
5/14/2024,69.66%,,,
5/15/2024,69.96%,,,
5/16/2024,70.67%,,,
5/17/2024,70.41%,,,
5/20/2024,70.22%,,,
5/21/2024,70.41%,,,
5/22/2024,70.27%,,,
5/23/2024,70.35%,,,
5/24/2024,70.17%,,,
5/27/2024,70.27%,,,
5/28/2024,70.53%,,,
5/29/2024,69.75%,,,
5/30/2024,70.10%,,,
5/31/2024,70.36%,,,
6/3/2024,70.98%,,,
6/4/2024,70.78%,,,
6/5/2024,70.68%,,,
6/6/2024,71.21%,,,
6/7/2024,71.11%,,,
6/10/2024,70.32%,,,
6/11/2024,70.64%,,,
6/12/2024,71.76%,,,
6/13/2024,71.60%,,,
6/14/2024,71.12%,,,
6/17/2024,70.83%,,,
6/18/2024,70.92%,,,
6/19/2024,71.28%,,,
6/20/2024,71.21%,,,
6/21/2024,71.07%,,,
6/24/2024,71.19%,,,
6/25/2024,71.28%,,,
6/26/2024,71.06%,,,
6/27/2024,70.69%,,,
6/28/2024,70.91%,,,
7/1/2024,70.36%,,,
7/2/2024,70.36%,,,
7/3/2024,71.42%,,,
7/4/2024,71.79%,,,
7/5/2024,71.90%,,,
7/8/2024,72.04%,,,
7/9/2024,71.95%,,,
7/10/2024,71.97%,,,
7/11/2024,72.39%,,,
7/12/2024,72.33%,,,
7/15/2024,72.16%,,,
7/16/2024,72.00%,,,
7/17/2024,72.11%,,,
7/18/2024,71.88%,,,
7/19/2024,71.69%,,,
7/22/2024,71.77%,,,
7/23/2024,71.83%,,,
7/24/2024,71.53%,,,
7/25/2024,71.18%,,,
7/26/2024,71.65%,,,
7/29/2024,71.67%,,,
7/30/2024,71.60%,,,
7/31/2024,71.67%,,,
8/1/2024,71.72%,,,
8/2/2024,69.92%,,,
8/5/2024,69.75%,,,
8/6/2024,69.82%,,,
8/7/2024,69.63%,,,
8/8/2024,69.68%,,,
8/9/2024,70.44%,,,
8/12/2024,70.57%,,,
8/13/2024,70.81%,,,
8/14/2024,71.13%,,,
8/15/2024,71.60%,,,
8/16/2024,71.71%,,,
8/19/2024,72.17%,,,
8/20/2024,72.47%,,,
8/21/2024,72.38%,,,
8/22/2024,72.37%,,,
8/23/2024,72.40%,,,
8/26/2024,72.73%,,,
8/27/2024,72.48%,,,
8/28/2024,72.49%,,,
8/29/2024,72.29%,,,
8/30/2024,72.07%,,,
9/2/2024,73.25%,,,
9/3/2024,73.25%,,,
9/4/2024,72.70%,,,
9/5/2024,73.80%,,,
9/6/2024,73.83%,,,
9/9/2024,73.61%,,,
9/10/2024,73.75%,,,
9/11/2024,74.17%,,,
9/12/2024,73.94%,,,
9/13/2024,74.19%,,,
9/16/2024,74.87%,,,
9/17/2024,75.87%,,,
9/18/2024,75.67%,,,
9/19/2024,75.66%,,,
9/20/2024,75.68%,,,
9/23/2024,75.40%,,,
9/24/2024,75.16%,,,
9/25/2024,75.24%,,,
9/26/2024,75.48%,,,
9/27/2024,75.27%,,,
9/30/2024,75.23%,,,
10/1/2024,75.37%,,,
10/2/2024,74.97%,,,
10/3/2024,74.41%,,,
10/4/2024,73.88%,,,
10/7/2024,73.18%,,,
10/8/2024,72.82%,,,
10/9/2024,72.79%,,,
10/10/2024,72.68%,,,
10/11/2024,72.61%,,,
10/14/2024,72.62%,,,
10/15/2024,73.43%,,,
10/16/2024,73.59%,,,
10/17/2024,73.52%,,,
10/18/2024,72.86%,,,
10/21/2024,72.42%,,,
10/22/2024,71.15%,,,
10/23/2024,71.47%,,,
10/24/2024,71.78%,,,
10/25/2024,71.89%,,,
10/28/2024,71.45%,,,
10/29/2024,71.63%,,,
10/30/2024,72.35%,,,
10/31/2024,72.25%,,,
11/1/2024,71.83%,,,
11/4/2024,72.01%,,,
11/5/2024,71.63%,,,
11/6/2024,71.38%,,,
11/7/2024,72.29%,,,
11/8/2024,73.23%,,,
11/11/2024,72.77%,,,
11/12/2024,72.01%,,,
11/13/2024,71.86%,,,
11/14/2024,71.80%,,,
11/15/2024,71.55%,,,
11/18/2024,71.42%,,,
11/19/2024,71.57%,,,
11/20/2024,71.66%,,,
11/21/2024,71.61%,,,
11/22/2024,71.74%,,,
11/25/2024,72.29%,,,
11/26/2024,72.03%,,,
11/27/2024,72.16%,,,
11/28/2024,72.12%,,,
11/29/2024,72.62%,,,
12/2/2024,72.48%,,,
12/3/2024,72.56%,,,
12/4/2024,72.91%,,,
12/5/2024,73.19%,,,
12/6/2024,73.47%,,,
12/9/2024,73.40%,,,
12/10/2024,73.21%,,,
12/11/2024,72.82%,,,
12/12/2024,72.59%,,,
12/13/2024,72.26%,,,
12/16/2024,71.97%,,,
12/17/2024,71.72%,,,
12/18/2024,71.56%,,,
12/19/2024,70.37%,,,
12/20/2024,69.99%,,,
12/23/2024,69.86%,,,
12/27/2024,69.50%,,,
12/30/2024,69.34%,,,
1/2/2025,69.64%,,,
1/3/2025,69.74%,,,
1/6/2025,69.61%,,,
1/7/2025,69.40%,,,
1/8/2025,68.87%,,,
1/9/2025,69.06%,,,
1/10/2025,68.94%,,,
1/13/2025,67.90%,,,
1/14/2025,68.18%,,,
1/15/2025,68.82%,,,
1/16/2025,68.80%,,,
1/17/2025,68.92%,,,
1/20/2025,68.53%,,,
1/21/2025,69.16%,,,
1/22/2025,69.72%,,,
1/23/2025,69.79%,,,
1/24/2025,70.09%,,,
1/27/2025,70.28%,,,
1/28/2025,70.34%,,,
1/29/2025,70.72%,,,
1/30/2025,71.11%,,,
1/31/2025,71.27%,,,
2/3/2025,70.81%,,,
2/4/2025,71.25%,,,
2/5/2025,71.82%,,,
2/6/2025,71.65%,,,
2/7/2025,71.36%,,,
2/10/2025,71.24%,,,
2/11/2025,70.92%,,,
2/12/2025,70.78%,,,
2/13/2025,70.84%,,,
2/14/2025,71.35%,,,
2/17/2025,71.33%,,,
2/18/2025,71.29%,,,
2/19/2025,71.09%,,,
2/20/2025,71.09%,,,
2/21/2025,71.24%,,,
2/24/2025,71.28%,,,
2/25/2025,71.76%,,,
2/26/2025,71.95%,,,
2/27/2025,72.07%,,,
2/28/2025,72.13%,,,
3/3/2025,72.36%,,,
3/4/2025,72.82%,,,
3/5/2025,72.06%,,,
3/6/2025,71.04%,,,
3/7/2025,71.18%,,,
3/10/2025,71.58%,,,
3/11/2025,72.10%,,,
3/12/2025,71.71%,,,
3/13/2025,71.50%,,,
3/14/2025,71.28%,,,
3/17/2025,71.53%,,,
3/18/2025,71.58%,,,
3/19/2025,70.48%,,,
3/20/2025,71.26%,,,
3/21/2025,68.77%,,,
3/24/2025,69.28%,,,
3/25/2025,70.45%,,,
3/26/2025,70.44%,,,
3/27/2025,69.48%,,,
3/28/2025,69.29%,,,
3/31/2025,69.65%,,,
4/1/2025,70.12%,,,
4/2/2025,70.52%,,,
4/3/2025,70.45%,,,
4/4/2025,70.20%,,,
4/7/2025,67.64%,,,
4/8/2025,68.55%,,,
4/9/2025,66.32%,,,
4/10/2025,68.77%,,,
4/11/2025,66.86%,,,
4/14/2025,67.75%,,,
4/15/2025,67.92%,,,
4/16/2025,68.22%,,,
4/17/2025,68.53%,,,
4/22/2025,67.83%,,,
4/23/2025,68.79%,,,
4/24/2025,68.50%,,,
4/25/2025,68.59%,,,
4/28/2025,67.84%,,,
4/29/2025,67.26%,,,
4/30/2025,67.41%,,,
5/2/2025,67.61%,,,
5/5/2025,67.61%,,,
5/6/2025,67.68%,,,
5/7/2025,68.39%,,,
5/8/2025,68.15%,,,
5/9/2025,68.10%,,,
5/12/2025,69.10%,,,
5/13/2025,68.58%,,,
5/14/2025,68.70%,,,
5/15/2025,68.39%,,,
5/16/2025,69.13%,,,
5/19/2025,68.49%,,,
5/20/2025,69.09%,,,
5/21/2025,68.95%,,,
5/22/2025,68.21%,,,
5/23/2025,68.38%,,,
5/26/2025,68.40%,,,
5/27/2025,68.64%,,,
5/28/2025,68.22%,,,
5/29/2025,67.89%,,,
5/30/2025,67.42%,,,
6/2/2025,67.73%,,,
6/3/2025,68.18%,,,
6/4/2025,68.68%,,,
6/5/2025,68.46%,,,
6/6/2025,68.75%,,,
6/9/2025,68.71%,,,
6/10/2025,69.25%,,,
6/11/2025,69.61%,,,
6/12/2025,69.39%,,,
6/13/2025,68.74%,,,
6/16/2025,68.95%,,,
6/17/2025,69.14%,,,
6/18/2025,68.89%,,,
6/19/2025,68.87%,,,
6/20/2025,68.48%,,,
6/23/2025,68.99%,,,
6/24/2025,69.72%,,,
6/25/2025,69.89%,,,
6/26/2025,69.24%,,,
6/27/2025,69.54%,,,
6/30/2025,70.48%,,,
7/1/2025,71.41%,,,
7/2/2025,71.53%,,,
7/3/2025,71.94%,,,
7/4/2025,71.75%,,,
7/7/2025,71.26%,,,
7/8/2025,70.81%,,,
7/9/2025,70.81%,,,
7/10/2025,71.14%,,,
7/11/2025,71.03%,,,
7/14/2025,70.40%,,,
7/15/2025,70.35%,,,
7/16/2025,69.95%,,,
7/17/2025,69.72%,,,
7/18/2025,70.34%,,,
7/21/2025,70.96%,,,
7/22/2025,71.15%,,,
7/23/2025,71.40%,,,
7/24/2025,71.60%,,,
7/25/2025,71.18%,,,
7/28/2025,71.73%,,,
7/29/2025,71.47%,,,
7/30/2025,71.56%,,,
7/31/2025,71.76%,,,
8/1/2025,71.50%,,,
8/4/2025,72.13%,,,
8/5/2025,72.48%,,,
8/6/2025,72.26%,,,
8/7/2025,72.49%,,,
8/8/2025,72.53%,,,
8/11/2025,72.95%,,,
8/12/2025,72.88%,,,
8/13/2025,73.46%,,,
8/14/2025,73.53%,,,
8/15/2025,73.21%,,,
8/18/2025,73.24%,,,
8/19/2025,73.21%,,,
8/20/2025,72.89%,,,
8/21/2025,72.91%,,,
8/22/2025,72.80%,,,
8/25/2025,72.57%,,,
8/26/2025,72.86%,,,
8/27/2025,72.72%,,,
8/28/2025,72.83%,,,
8/29/2025,72.90%,,,
9/1/2025,72.80%,,,
9/2/2025,72.67%,,,
9/3/2025,72.42%,,,
9/4/2025,72.52%,,,
9/5/2025,73.39%,,,
9/8/2025,73.22%,,,
9/9/2025,72.82%,,,
9/10/2025,72.77%,,,
9/11/2025,73.62%,,,
9/12/2025,73.59%,,,
9/15/2025,74.31%,,,
9/16/2025,74.65%,,,
9/17/2025,75.17%,,,
9/18/2025,74.90%,,,
9/19/2025,74.17%,,,
9/22/2025,74.29%,,,
9/23/2025,74.20%,,,
9/24/2025,74.15%,,,
9/25/2025,73.83%,,,
9/26/2025,73.56%,,,
9/29/2025,73.89%,,,
9/30/2025,73.98%,,,
10/1/2025,74.34%,,,
10/2/2025,74.66%,,,
10/3/2025,74.55%,,,
10/6/2025,74.43%,,,
10/7/2025,74.20%,,,
10/8/2025,74.36%,,,
10/9/2025,74.29%,,,
10/10/2025,74.22%,,,
10/13/2025,73.80%,,,
10/14/2025,73.72%,,,
10/15/2025,74.55%,,,
10/16/2025,74.54%,,,
10/17/2025,74.36%,,,
10/20/2025,74.77%,,,
10/21/2025,75.52%,,,
10/22/2025,75.56%,,,
10/23/2025,75.47%,,,
10/24/2025,76.13%,,,
10/27/2025,76.20%,,,
10/28/2025,76.18%,,,
10/29/2025,76.12%,,,
10/30/2025,75.89%,,,
10/31/2025,76.25%,,,
11/3/2025,76.17%,,,
11/4/2025,75.85%,,,
11/5/2025,76.02%,,,
11/6/2025,75.97%,,,
11/7/2025,75.91%,,,
11/10/2025,75.72%,,,
11/11/2025,75.69%,,,
11/12/2025,75.85%,,,
11/13/2025,76.27%,,,
11/14/2025,76.02%,,,
11/17/2025,76.21%,,,
11/18/2025,76.04%,,,
11/19/2025,75.77%,,,
11/20/2025,76.01%,,,
11/21/2025,75.89%,,,
11/24/2025,76.14%,,,
11/25/2025,76.56%,,,
11/26/2025,76.78%,,,
11/27/2025,76.81%,,,
11/28/2025,76.96%,,,
12/1/2025,76.90%,,,
12/2/2025,77.15%,,,
12/3/2025,77.27%,,,
12/4/2025,77.25%,,,
12/5/2025,77.18%,,,
12/8/2025,77.02%,,,
12/9/2025,75.94%,,,
12/10/2025,75.94%,,,
12/11/2025,76.27%,,,
12/12/2025,76.30%,,,
12/15/2025,76.60%,,,
12/16/2025,76.62%,,,
12/17/2025,76.57%,,,
12/18/2025,76.76%,,,
12/19/2025,76.71%,,,
12/22/2025,76.55%,,,
12/23/2025,76.58%,,,
12/29/2025,76.80%,,,
12/30/2025,76.66%,,,
1/2/2026,76.50%,,,
1/5/2026,76.66%,,,
1/6/2026,76.24%,,,
1/7/2026,76.05%,,,
1/8/2026,76.02%,,,
1/9/2026,75.66%,,,
1/12/2026,75.66%,,,
1/13/2026,75.42%,,,
1/14/2026,75.38%,,,
1/15/2026,75.71%,,,
1/16/2026,75.71%,,,
1/19/2026,75.38%,,,
1/20/2026,74.90%,,,
1/21/2026,75.29%,,,
1/22/2026,75.95%,,,
1/23/2026,75.83%,,,
1/26/2026,75.93%,,,
1/27/2026,75.89%,,,
1/28/2026,75.70%,,,
1/29/2026,75.48%,,,
1/30/2026,74.98%,,,
2/2/2026,75.32%,,,
2/3/2026,75.37%,,,
2/4/2026,75.36%,,,
2/5/2026,75.32%,,,
2/6/2026,75.68%,,,
2/9/2026,75.85%,,,
2/10/2026,76.79%,,,
2/11/2026,76.71%,,,
2/12/2026,76.99%,,,
2/13/2026,77.04%,,,
2/16/2026,77.49%,,,
2/17/2026,77.64%,,,
2/18/2026,77.48%,,,
2/19/2026,76.95%,,,
2/20/2026,76.70%,,,
2/23/2026,76.80%,,,
2/24/2026,76.78%,,,
2/25/2026,76.83%,,,
2/26/2026,76.86%,,,
2/27/2026,76.57%,,,
3/2/2026,75.37%,,,
3/3/2026,75.09%,,,
3/4/2026,75.41%,,,
3/5/2026,75.63%,,,
3/6/2026,75.18%,,,
3/9/2026,73.04%,,,
3/10/2026,74.69%,,,
3/11/2026,74.37%,,,
3/12/2026,73.28%,,,
3/13/2026,72.11%,,,
3/16/2026,71.40%,,,
3/17/2026,71.95%,,,
3/18/2026,72.58%,,,
3/19/2026,70.60%,,,
3/20/2026,71.23%,,,
3/23/2026,69.19%,,,
3/24/2026,71.30%,,,
3/25/2026,71.66%,,,
3/26/2026,71.10%,,,
3/27/2026,69.96%,,,
3/30/2026,69.28%,,,
3/31/2026,70.12%,,,
4/1/2026,71.79%,,,
4/2/2026,71.34%,,,
4/7/2026,71.57%,,,
4/8/2026,74.23%,,,
4/9/2026,74.06%,,,
4/10/2026,74.75%,,,
4/13/2026,74.28%,,,
4/14/2026,75.32%,,,
4/15/2026,75.42%,,,
4/16/2026,75.07%,,,
4/17/2026,75.42%,,,
4/20/2026,74.95%,,,
4/21/2026,74.86%,,,
4/22/2026,74.49%,,,
4/23/2026,73.98%,,,
4/24/2026,73.57%,,,
4/27/2026,73.30%,,,
4/28/2026,72.95%,,,
4/29/2026,72.86%,,,
4/30/2026,72.53%,,,
5/4/2026,72.53%,,,
5/5/2026,72.35%,,,
5/6/2026,73.91%,,,
5/7/2026,74.20%,,,
5/8/2026,73.94%,,,
