Id,Date,TIBR,TIBR1M,TIBR3M,TIBR6M,TIBRCI
4441,5/7/2026,8.25,8.0325,8.0778,8.1603,198.1449
4440,5/6/2026,8,8.0241,8.0766,8.1589,198.1001
4439,5/5/2026,8,8.0231,8.0766,8.1589,198.0567
4438,5/4/2026,8,8.0222,8.0766,8.1589,198.0133
4437,5/1/2026,8,8.0241,8.0758,8.1571,197.8832
4436,4/30/2026,8,8.025,8.0775,8.1598,197.8398
4435,4/29/2026,8,8.0241,8.0775,8.1598,197.7965
4434,4/28/2026,8,8.0231,8.0775,8.1598,197.7531
4433,4/27/2026,8,8.0248,8.0775,8.1598,197.7098
4432,4/24/2026,8,8.025,8.0758,8.1598,197.5799
4431,4/23/2026,8,8.025,8.0775,8.1598,197.5366
4430,4/22/2026,8,8.0241,8.0775,8.1598,197.4933
4429,4/21/2026,8,8.0231,8.0775,8.1598,197.45
4428,4/20/2026,8,8.0248,8.0775,8.1598,197.4067
4427,4/17/2026,8,8.025,8.0749,8.1598,197.277
4426,4/16/2026,8,8.025,8.0774,8.1598,197.2338
4425,4/15/2026,8,8.0241,8.0774,8.1598,197.1906
4424,4/14/2026,8,8.0231,8.0774,8.1589,197.1474
4423,4/8/2026,8,8.0248,8.0777,8.1599,196.8884
4422,4/7/2026,8,8.0239,8.0768,8.1599,196.8453
4421,4/6/2026,8,8.0255,8.0777,8.1599,196.8022
4420,4/3/2026,8,8.0248,8.0759,8.1599,196.6728
4419,4/2/2026,8,8.0256,8.075,8.1599,196.6297
4418,4/1/2026,8,8.0247,8.0741,8.1599,196.5867
4417,3/31/2026,8,8.0238,8.0775,8.159,196.5436
4416,3/30/2026,8,8.0229,8.0775,8.159,196.5005
4415,3/27/2026,8,8.0229,8.0758,8.1572,196.3714
4414,3/26/2026,8,8.0229,8.0775,8.159,196.3284
4413,3/25/2026,8,8.0229,8.0775,8.159,196.2853
4412,3/24/2026,8,8.0229,8.0775,8.159,196.2423
4411,3/23/2026,8,8.0229,8.0775,8.159,196.1993
4410,3/20/2026,8,8.0229,8.0758,8.1572,196.0704
4409,3/19/2026,8,8.0229,8.0775,8.159,196.0274
4408,3/18/2026,8,8.0229,8.0775,8.159,195.9845
4407,3/17/2026,8,8.0229,8.0775,8.159,195.9415
4406,3/16/2026,8,8.0229,8.0775,8.159,195.8986
4405,3/13/2026,8,8.0229,8.0758,8.1572,195.7699
4404,3/12/2026,8,8.0229,8.0775,8.159,195.727
4403,3/11/2026,8,8.0229,8.0775,8.159,195.6841
4402,3/10/2026,8,8.0229,8.0775,8.159,195.6412
4401,3/9/2026,8,8.0229,8.0775,8.159,195.5983
4400,3/6/2026,8,8.0229,8.0758,8.1572,195.4698
4399,3/5/2026,8,8.0229,8.0775,8.159,195.427
4398,3/4/2026,8,8.0229,8.0775,8.159,195.3841
4397,3/2/2026,8,8.023,8.0775,8.159,195.2985
4396,2/27/2026,8,8.0257,8.0793,8.1617,195.1702
4395,2/26/2026,8,8.0257,8.0793,8.1617,195.1274
4394,2/25/2026,8,8.0248,8.0793,8.1617,195.0847
4393,2/24/2026,8,8.0239,8.0793,8.1608,195.0419
4392,2/23/2026,8,8.0255,8.0784,8.1599,194.9992
4391,2/20/2026,8,8.0257,8.0793,8.1617,194.8711
4390,2/19/2026,8,8.0248,8.0793,8.1617,194.8284
4389,2/18/2026,8,8.0239,8.0793,8.1617,194.7857
4388,2/17/2026,8,8.023,8.0793,8.1608,194.743
4387,2/16/2026,8,8.0253,8.0784,8.1599,194.7003
4386,2/13/2026,8,8.0255,8.0793,8.1617,194.5724
4385,2/12/2026,8,8.0255,8.0793,8.1617,194.5297
4384,2/11/2026,8,8.0246,8.0793,8.1617,194.4871
4383,2/10/2026,8,8.0237,8.0793,8.1608,194.4445
4382,2/9/2026,8,8.0253,8.0784,8.1599,194.4019
4381,2/6/2026,8,8.0254,8.0793,8.1617,194.2741
4380,2/5/2026,8,8.0254,8.0793,8.1617,194.2316
4379,2/4/2026,8,8.0245,8.0793,8.1617,194.189
4378,2/3/2026,8,8.0236,8.0793,8.1608,194.1464
4377,2/2/2026,8,8.0227,8.0784,8.1599,194.1039
4376,1/30/2026,8,8.025,8.0793,8.1617,193.9764
4375,1/29/2026,8,8.025,8.0793,8.1617,193.9339
4374,1/28/2026,8,8.0241,8.0793,8.1617,193.8914
4373,1/27/2026,8,8.0232,8.0793,8.1608,193.8489
4372,1/26/2026,8,8.0249,8.0784,8.1599,193.8064
4371,1/23/2026,8,8.025,8.0793,8.1617,193.679
4370,1/22/2026,8,8.025,8.0793,8.1617,193.6366
4369,1/21/2026,8,8.0241,8.0793,8.1617,193.5942
4368,1/20/2026,8,8.0232,8.0793,8.1608,193.551
4367,1/16/2026,8,8.0252,8.0794,8.1617,193.3815
4366,1/15/2026,8,8.0252,8.0794,8.1617,193.3391
4365,1/14/2026,8,8.0243,8.0785,8.1617,193.2967
4364,1/13/2026,8,8.0234,8.0794,8.1608,193.2544
4363,1/12/2026,8,8.025,8.0785,8.1599,193.212
4362,1/9/2026,8,8.0252,8.0794,8.1617,193.0851
4361,1/8/2026,8,8.0252,8.0794,8.1617,193.0427
4360,1/6/2026,8,8.0234,8.0794,8.1608,192.9582
4359,1/5/2026,8,8.0251,8.0785,8.1599,192.9159
4358,12/31/2025,8,8.0248,8.0786,8.1609,192.7047
4357,12/30/2025,8,8.0239,8.0786,8.1609,192.6625
4356,12/29/2025,8,8.023,8.0786,8.16,192.6203
4355,12/26/2025,8,8.0248,8.0786,8.1609,192.4937
4354,12/25/2025,8,8.0248,8.0786,8.1609,192.4515
4353,12/24/2025,8,8.0248,8.0786,8.1609,192.4093
4352,12/23/2025,8,8.0239,8.0786,8.1609,192.3672
4351,12/22/2025,8,8.023,8.0786,8.16,192.325
4350,12/19/2025,8,8.0248,8.0786,8.1609,192.1986
4349,12/18/2025,8,8.0248,8.0786,8.1609,192.1565
4348,12/17/2025,8,8.0248,8.0786,8.1609,192.1144
4347,12/16/2025,8,8.0239,8.0786,8.1609,192.0723
4346,12/15/2025,8,8.023,8.0786,8.16,192.0302
4345,12/12/2025,8,8.0248,8.0786,8.1609,191.904
4344,12/11/2025,8,8.0248,8.0786,8.1609,191.862
4343,12/10/2025,8,8.0248,8.0786,8.1609,191.8199
4342,12/9/2025,8,8.0239,8.0786,8.1609,191.7779
4341,12/8/2025,8,8.023,8.0786,8.16,191.7359
4340,12/5/2025,8,8.0248,8.0786,8.1609,191.6099
4339,12/4/2025,8,8.0248,8.0786,8.1609,191.5679
4338,12/3/2025,8,8.0248,8.0786,8.1609,191.5259
4337,12/2/2025,8,8.0239,8.0786,8.1609,191.484
4336,12/1/2025,8,8.023,8.0786,8.16,191.442
4335,11/28/2025,8,8.0257,8.0786,8.1618,191.3162
4334,11/27/2025,8,8.0257,8.0795,8.1618,191.2743
4333,11/26/2025,8,8.0248,8.0795,8.1609,191.2324
4332,11/25/2025,8,8.0239,8.0795,8.16,191.1905
4331,11/24/2025,8,8.0255,8.0786,8.1591,191.1486
4330,11/21/2025,8,8.0257,8.0795,8.1618,191.023
4329,11/20/2025,8,8.0257,8.0795,8.1618,190.9811
4328,11/19/2025,8,8.0248,8.0795,8.1618,190.9393
4327,11/18/2025,8,8.0239,8.0795,8.1609,190.8974
4326,11/17/2025,8,8.0255,8.0786,8.16,190.8556
4325,11/14/2025,8,8.0248,8.0795,8.1618,190.7302
4324,11/13/2025,8,8.0256,8.0795,8.1618,190.6884
4323,11/12/2025,8,8.0247,8.0795,8.1609,190.6466
4322,11/11/2025,8,8.0238,8.0795,8.16,190.6048
4321,11/10/2025,8,8.0254,8.0786,8.1591,190.563
4320,11/7/2025,8,8.0256,8.0795,8.1617,190.4378
4319,11/6/2025,8,8.0256,8.0795,8.1617,190.3961
4318,11/5/2025,8,8.0247,8.0795,8.1617,190.3544
4317,11/4/2025,8,8.0238,8.0795,8.1608,190.3127
4316,11/3/2025,8,8.0254,8.0786,8.1599,190.271
4315,10/31/2025,8,8.0247,8.0795,8.1608,190.1459
4314,10/30/2025,8,8.0247,8.0795,8.1608,190.1043
4313,10/29/2025,8,8.0247,8.0795,8.1608,190.0626
4312,10/28/2025,8,8.0238,8.0795,8.1608,190.021
4311,10/27/2025,8,8.0229,8.0786,8.1599,189.9793
4310,10/24/2025,8,8.0247,8.0795,8.1608,189.8545
4309,10/23/2025,8,8.0247,8.0795,8.1609,189.8129
4308,10/22/2025,8,8.0247,8.0795,8.1615,189.7713
4307,10/21/2025,8,8.0238,8.0795,8.1606,189.7297
4306,10/20/2025,8,8.0229,8.0786,8.1597,189.6881
4305,10/17/2025,8,8.0247,8.0795,8.1614,189.5635
4304,10/16/2025,8,8.0247,8.0795,8.162,189.5219
4303,10/15/2025,8,8.0247,8.0795,8.1631,189.4804
4302,10/13/2025,8,8.023,8.0786,8.1634,189.3974
4301,10/10/2025,8,8.0248,8.0795,8.1688,189.2729
4300,10/9/2025,8,8.0248,8.0795,8.1679,189.2315
4299,10/8/2025,8,8.0248,8.0795,8.1713,189.19
4298,10/7/2025,8,8.0239,8.0795,8.1728,189.1485
4297,10/6/2025,8,8.023,8.0786,8.172,189.1071
4296,10/3/2025,8,8.0248,8.0795,8.179,188.9828
4295,10/2/2025,8,8.0248,8.0795,8.1806,188.9414
4294,10/1/2025,8,8.0248,8.0795,8.182,188.9
4293,9/30/2025,8,8.0239,8.0795,8.1836,188.8586
4292,9/29/2025,8,8.0255,8.0786,8.1828,188.8172
4291,9/26/2025,8,8.0256,8.0795,8.1921,188.6932
4290,9/25/2025,8,8.0256,8.0795,8.1938,188.6518
4289,9/24/2025,8,8.0247,8.0795,8.1954,
4288,9/23/2025,8,8.0238,8.0795,8.1947,
4287,9/22/2025,8,8.0254,8.0786,8.1939,
4286,9/19/2025,8,8.0256,8.0795,8.203,
4285,9/18/2025,8,8.0256,8.0795,8.205,
4284,9/17/2025,8,8.0247,8.0795,8.2068,
4283,9/16/2025,8,8.0238,8.0795,8.2061,
4282,9/15/2025,8,8.0254,8.0786,8.2054,
4281,9/12/2025,8,8.0256,8.0795,8.215,
4280,9/11/2025,8,8.0256,8.0795,8.2168,
4279,9/10/2025,8,8.0247,8.0795,8.2184,
4278,9/9/2025,8,8.0238,8.0795,8.2178,
4277,9/8/2025,8,8.0254,8.0786,8.2172,
4276,9/5/2025,8,8.0256,8.0795,8.2274,
4275,9/4/2025,8,8.0256,8.0795,8.2289,
4274,9/3/2025,8,8.0247,8.0795,8.2283,
4273,9/2/2025,8,8.0238,8.0795,8.2278,
4272,9/1/2025,8,8.0254,8.0786,8.2272,
4271,8/29/2025,8,8.0256,8.0795,8.2257,
4270,8/27/2025,8,8.0248,8.0795,8.2354,
4269,8/26/2025,8,8.0239,8.0787,8.2369,
4268,8/25/2025,8,8.0255,8.0778,8.2385,
4267,8/22/2025,8,8.0257,8.0795,8.2391,
4266,8/21/2025,8,8.0257,8.0795,8.2444,
4265,8/20/2025,8,8.0248,8.0795,8.2458,
4264,8/19/2025,8,8.0239,8.0795,8.2473,
4263,8/18/2025,8,8.0255,8.0786,8.2488,
4262,8/15/2025,8,8.0257,8.0795,8.2494,
4261,8/14/2025,8,8.0257,8.0795,8.2545,
4260,8/13/2025,8,8.0248,8.0795,8.2558,
4259,8/12/2025,8,8.0239,8.0786,8.2571,
4258,8/11/2025,8,8.0255,8.0777,8.2586,
4257,8/8/2025,8,8.0257,8.0794,8.2594,
4256,8/7/2025,8,8.0257,8.0794,8.2644,
4255,8/6/2025,8,8.0248,8.0794,8.2658,
4254,8/5/2025,8,8.0239,8.0794,8.2672,
4253,8/4/2025,8,8.0255,8.0785,8.2689,
4252,8/1/2025,8,8.0257,8.0794,8.2699,
4251,7/31/2025,8,8.0248,8.0785,8.2753,
4250,7/30/2025,8,8.0248,8.0785,8.2768,
4249,7/29/2025,8,8.0239,8.0785,8.2785,
4248,7/28/2025,8,8.023,8.0785,8.2808,
4247,7/25/2025,8,8.0248,8.0785,8.2826,
4246,7/24/2025,8,8.0248,8.0785,8.2899,
4245,7/23/2025,8,8.0248,8.0787,8.2922,
4244,7/22/2025,8,8.0239,8.0798,8.2945,
4242,7/21/2025,8,8.023,8.0789,8.2974,
4241,7/18/2025,8,8.0248,8.0763,8.2999,
4240,7/17/2025,8,8.0248,8.0797,8.3086,
4239,7/16/2025,8,8.0248,8.0808,8.3112,
4238,7/15/2025,8,8.0239,8.083,8.3137,
4237,7/14/2025,8,8.023,8.0853,8.3162,
4236,7/11/2025,8,8.0248,8.092,8.3186,
4235,7/10/2025,8,8.0248,8.0942,8.3266,
4234,7/9/2025,8,8.0248,8.0935,8.3294,
4233,7/8/2025,8,8.0239,8.0991,8.3323,
4232,7/7/2025,8,8.023,8.1022,8.3323,
4231,7/4/2025,8,8.0248,8.1112,8.3382,
4219,7/3/2025,8,8.0248,8.1143,8.3467,
4218,7/2/2025,8,8.0248,8.1174,8.3468,
4217,7/1/2025,8,8.0239,8.1203,8.3469,
4216,6/30/2025,8,8.0255,8.1233,8.3578,
4215,6/27/2025,8,8.0257,8.1359,8.3658,
4214,6/26/2025,8,8.0248,8.139,8.3687,
4213,6/25/2025,8,8.0239,8.1423,8.3716,
4212,6/24/2025,8,8.023,8.1454,8.3744,
4211,6/23/2025,8,8.0253,8.1452,8.3773,
4210,6/20/2025,8,8.0255,8.1576,8.3859,
4209,6/19/2025,8,8.0255,8.1604,8.3887,
4208,6/18/2025,8,8.0246,8.1642,8.3915,
4207,6/17/2025,8,8.0237,8.1677,8.3943,
4206,6/16/2025,8,8.0253,8.1677,8.3971,
4205,6/13/2025,8,8.0255,8.1807,8.4057,
4204,6/12/2025,8,8.0246,8.1838,8.4086,
4203,6/11/2025,8,8.0237,8.1873,8.4115,
4202,6/10/2025,8,8.0228,8.1904,8.4143,
4201,6/9/2025,8,8.0219,8.1907,8.4172,
4200,6/6/2025,8,8.0251,8.2047,8.4258,
4199,6/5/2025,8,8.0251,8.208,8.4286,
4198,6/4/2025,8,8.0242,8.211,8.4311,
4197,6/3/2025,8,8.0233,8.2116,8.4333,
4196,6/2/2025,8,8.0249,8.2121,8.4361,
4195,5/30/2025,8,8.0242,8.214,8.4379,
4194,5/29/2025,8,8.0242,8.2147,8.4453,
4193,5/28/2025,8,8.0242,8.2259,8.4482,
4192,5/27/2025,8,8.0233,8.2289,8.4511,
4191,5/23/2025,8,8.025,8.2392,8.4578,
4190,5/22/2025,8,8.0284,8.2401,8.4607,
4189,5/21/2025,8,8.0276,8.2468,8.4621,
4188,5/20/2025,8,8.0268,8.2498,8.4633,
4187,5/19/2025,8,8.0261,8.2528,8.4638,
4186,5/16/2025,8,8.0313,8.2597,8.4663,
4185,5/15/2025,8,8.038,8.2609,8.467,
4184,5/14/2025,8,8.0447,8.2671,8.4677,
4183,5/13/2025,8,8.0445,8.2697,8.4686,
4182,5/8/2025,8,8.0867,8.2811,8.4706,
4181,5/7/2025,8,8.0957,8.2868,8.4708,
4180,5/6/2025,8,8.0973,8.2897,8.4708,
4179,5/5/2025,8,8.099,8.2925,8.4713,
4178,5/2/2025,8,8.1414,8.3007,8.4731,
4177,5/1/2025,8,8.1501,8.3024,8.4719,
4176,4/30/2025,8,8.1591,8.3099,8.4722,
4175,4/29/2025,8,8.1628,8.3133,8.4724,
4174,4/28/2025,8,8.1819,8.3179,8.4724,
4173,4/25/2025,8,8.21,8.326,8.4724,
4172,4/24/2025,8.02,8.219,8.3359,8.4724,
4171,4/23/2025,8.1,8.2239,8.3401,8.4723,
4170,4/22/2025,8,8.2263,8.3436,8.4719,
4169,4/17/2025,8.1,8.2808,8.3715,8.4719,
4168,4/16/2025,8.2,8.285,8.3755,8.4714,
4167,4/15/2025,8.2,8.2861,8.3782,8.4702,
4166,4/14/2025,8.2,8.2936,8.3807,8.4698,
4165,4/11/2025,8.2,8.3026,8.3839,8.4656,
4164,4/10/2025,8.22,8.3052,8.3922,8.4645,
4163,4/8/2025,8.27,8.3073,8.3985,8.462,
4162,4/7/2025,8.27,8.3132,8.398,8.4604,
4161,4/4/2025,8.27,8.3163,8.403,8.4558,
4160,4/3/2025,8.28,8.3159,8.4115,8.4542,
4159,4/2/2025,8.26,8.3153,8.4111,8.4526,
4158,4/1/2025,8.27,8.3154,8.4109,8.4511,
4157,3/31/2025,8.27,8.3152,8.4189,8.4502,
4156,3/28/2025,8.28,8.318,8.4211,8.4469,
4155,3/27/2025,8.28,8.3173,8.4281,8.444,
4154,3/26/2025,8.3,8.3166,8.4306,8.4424,
4153,3/25/2025,8.28,8.3159,8.4329,8.4407,
4152,3/24/2025,8.28,8.3155,8.4354,8.4391,
4151,3/21/2025,8.26,8.3123,8.4377,8.4354,
4150,3/20/2025,8.25,8.3123,8.4456,8.4327,
4149,3/19/2025,8.35,8.3127,8.4483,8.4313,
4148,3/18/2025,8.31,8.3091,8.4499,8.4293,
4147,3/17/2025,8.3,8.3069,8.4519,8.4275,
4146,3/14/2025,8.27,8.3015,8.4539,8.4234,
4145,3/13/2025,8.28,8.3001,8.4613,8.4208,
4144,3/12/2025,8.32,8.2979,8.4638,8.4192,
4143,3/11/2025,8.28,8.2958,8.4659,8.4173,
4142,3/10/2025,8.32,8.2947,8.4684,8.4157,
4141,3/7/2025,8.33,8.2872,8.47,8.4111,
4140,3/6/2025,8.3,8.2843,8.4764,8.4083,
4139,3/5/2025,8.27,8.2821,8.4787,8.4066,
4138,3/4/2025,8.29,8.2832,8.4805,8.405,
4137,2/28/2025,8.26,8.2906,8.4929,8.3977,
4136,2/27/2025,8.26,8.2948,8.4955,8.3959,
4135,2/26/2025,8.28,8.2941,8.4982,8.3944,
4134,2/25/2025,8.27,8.2927,8.4997,8.3931,
4133,2/24/2025,8.25,8.3073,8.5003,8.3919,
4132,2/21/2025,8.26,8.325,8.4994,8.387,
4131,2/20/2025,8.26,8.3325,8.499,8.3856,
4130,2/19/2025,8.25,8.333,8.497,8.3841,
4129,2/18/2025,8.25,8.334,8.4961,8.3829,
4128,2/17/2025,8.25,8.3554,8.4969,8.3818,
4127,2/14/2025,8.23,8.3737,8.4905,8.377,
4126,2/13/2025,8.22,8.3806,8.4899,8.3757,
4125,2/12/2025,8.26,8.384,8.4893,8.3745,
4124,2/11/2025,8.25,8.3864,8.4869,8.3732,
4123,2/10/2025,8.25,8.4015,8.4876,8.372,
4122,2/7/2025,8.25,8.4213,8.4775,8.3674,
4121,2/6/2025,8.24,8.4338,8.4748,8.366,
4120,2/5/2025,8.3,8.4383,8.473,8.3646,
4119,2/4/2025,8.28,8.4412,8.4701,8.3631,
4118,2/3/2025,8.28,8.4557,8.4703,8.3616,
4117,1/31/2025,8.25,8.4761,8.4586,8.3566,
4116,1/30/2025,8.3,8.4839,8.4577,8.3551,
4115,1/29/2025,8.4,8.4881,8.4548,8.3535,
4114,1/28/2025,8.39,8.4892,8.4504,8.3513,
4113,1/27/2025,8.4,8.4941,8.4491,8.3491,
4112,1/24/2025,8.39,8.504,8.4327,8.3422,
4111,1/23/2025,8.41,8.5076,8.4284,8.34,
4110,1/22/2025,8.49,8.5089,8.4241,8.3377,
4109,1/21/2025,8.49,8.5076,8.4186,8.3349,
4108,1/20/2025,8.49,8.511,8.4159,8.3321,
4107,1/17/2025,8.45,8.5112,8.3969,8.3238,
4106,1/16/2025,8.44,8.5128,8.3919,8.3212,
4105,1/15/2025,8.42,8.5133,8.387,8.3188,
4104,1/14/2025,8.44,8.5145,8.3847,8.3163,
4103,1/13/2025,8.46,8.5191,8.3822,8.3137,
4102,1/10/2025,8.49,8.5232,8.3621,8.3061,
4101,1/9/2025,8.5,8.5235,8.3567,8.3033,
4100,1/8/2025,8.5,8.5223,8.3511,8.3005,
4098,1/6/2025,8.5,8.5234,8.3419,8.2944,
4097,1/3/2025,8.49,8.5174,8.3234,8.2863,
4096,12/31/2024,8.49,8.5158,8.3087,8.2777,
4095,12/30/2024,8.47,8.5148,8.3032,8.2747,
4094,12/27/2024,8.5,8.5206,8.2874,8.2669,
4093,12/26/2024,8.5,8.5206,8.2818,8.2641,
4092,12/25/2024,8.5,8.5179,8.2763,8.2613,
4091,12/24/2024,8.5,8.5165,8.2707,8.2584,
4090,12/23/2024,8.5,8.5151,8.2651,8.2552,
4089,12/20/2024,8.49,8.4746,8.2483,8.2483,
4088,12/19/2024,8.49,8.4609,8.2428,8.2442,
4087,12/18/2024,8.49,8.4501,8.2373,8.2415,
4086,12/17/2024,8.5,8.4468,8.2318,8.2387,
4085,12/16/2024,8.5,8.4429,8.2262,8.2353,
4084,12/13/2024,8.5,8.3891,8.2094,8.2273,
4083,12/12/2024,8.5,8.378,8.2038,8.2245,
4082,12/11/2024,8.5,8.3626,8.1982,8.2216,
4081,12/10/2024,8.5,8.3559,8.1926,8.2188,
4080,12/9/2024,8.5,8.3488,8.187,8.2153,
4079,12/6/2024,8.5,8.2841,8.1702,8.2074,
4078,12/5/2024,8.43,8.27,8.1646,8.2045,
4077,12/4/2024,8.38,8.2569,8.1597,8.2021,
4076,12/3/2024,8.5,8.2507,8.1555,8.1999,
4075,12/2/2024,8.5,8.2399,8.1499,8.1964,
4074,11/29/2024,8.5,8.1825,8.1334,8.1893,
4073,11/28/2024,8.5,8.1663,8.1275,8.1865,
4072,11/27/2024,8.5,8.1532,8.1223,8.1837,
4071,11/26/2024,8.42,8.1394,8.1167,8.18,
4070,11/25/2024,8.25,8.12,8.1115,8.1768,
4069,11/22/2024,8.24,8.0965,8.1038,8.1756,
4068,11/21/2024,8.22,8.0887,8.1011,8.1757,
4067,11/20/2024,8.08,8.0825,8.0987,8.1759,
4066,11/19/2024,8.17,8.0808,8.0978,8.1746,
4065,11/18/2024,8.13,8.0732,8.0952,8.1728,
4064,11/15/2024,8.11,8.0607,8.0916,8.1794,
4063,11/14/2024,8.17,8.0573,8.0903,8.1802,
4062,11/13/2024,8.17,8.0516,8.0885,8.1806,
4061,11/12/2024,8.04,8.0456,8.0867,8.1788,
4060,11/11/2024,8.04,8.0445,8.0854,8.1778,
4059,11/8/2024,8.04,8.0408,8.0849,8.1858,
4058,11/7/2024,8,8.0395,8.0845,8.187,
4057,11/6/2024,8.08,8.039,8.0845,8.1862,
4056,11/5/2024,8.04,8.0358,8.0836,8.185,
4055,11/4/2024,8.02,8.0354,8.0823,8.184,
4054,11/1/2024,8.02,8.0336,8.0825,8.1944,
4053,10/31/2024,8.17,8.0323,8.0822,8.1936,
4052,10/30/2024,8.04,8.0266,8.0804,8.194,
4051,10/29/2024,8,8.0244,8.0799,8.1952,
4050,10/28/2024,8,8.0235,8.079,8.1945,
4049,10/25/2024,8,8.0256,8.0799,8.2009,
4048,10/24/2024,8,8.0256,8.0799,8.2023,
4047,10/23/2024,8.02,8.0256,8.0799,8.2038,
4046,10/22/2024,8,8.024,8.0797,8.2051,
4045,10/21/2024,8,8.0231,8.0788,8.2044,
4044,10/18/2024,8,8.0249,8.0797,8.2108,
4043,10/17/2024,8,8.0249,8.0797,8.2122,
4041,10/16/2024,8,8.0249,8.0797,8.2136,
4040,10/15/2024,8,8.024,8.0797,8.215,
4039,10/11/2024,8,8.0251,8.0798,8.2207,
4038,10/10/2024,8,8.0251,8.0798,8.2222,
4037,10/9/2024,8,8.0251,8.0798,8.2216,
4036,10/8/2024,8,8.0242,8.0798,8.2251,
4035,10/7/2024,8,8.0233,8.0789,8.2245,
4034,10/4/2024,8,8.0251,8.0798,8.2307,
4033,10/3/2024,8,8.0251,8.0798,8.2322,
4032,10/2/2024,8,8.0251,8.0798,8.2336,
4031,10/1/2024,8,8.0242,8.0798,8.235,
4030,9/30/2024,8,8.0258,8.0789,8.2345,
4029,9/27/2024,8,8.0259,8.0798,8.2426,
4028,9/26/2024,8,8.0259,8.0798,8.244,
4027,9/25/2024,8.01,8.0247,8.0796,8.2454,
4026,9/24/2024,8,8.0238,8.0796,8.2449,
4025,9/23/2024,8,8.0254,8.0787,8.2444,
4024,9/20/2024,8,8.0256,8.0796,8.2524,
4023,9/19/2024,8,8.0256,8.0796,8.2539,
4022,9/18/2024,8,8.0247,8.0796,8.2553,
4021,9/17/2024,8,8.0238,8.0796,8.2549,
4020,9/16/2024,8,8.0254,8.0787,8.2545,
4019,9/13/2024,8,8.0256,8.0796,8.2666,
4018,9/12/2024,8,8.0259,8.0796,8.2723,
4017,9/11/2024,8,8.025,8.0796,8.2779,
4016,9/10/2024,8,8.0242,8.0796,8.2776,
4015,9/9/2024,8,8.0258,8.0787,8.2773,
4014,9/6/2024,8,8.0259,8.0796,8.3062,
4013,9/5/2024,8,8.0259,8.0796,8.3118,
4012,9/4/2024,8,8.025,8.0796,8.3175,
4011,9/3/2024,8,8.0242,8.0796,8.3174,
4010,9/2/2024,8,8.0258,8.0787,8.3173,
4009,8/30/2024,8,8.0259,8.0796,8.3345,
4008,8/29/2024,8,8.0259,8.0796,8.3402,
4007,8/27/2024,8,8.0242,8.0797,8.3517,
4006,8/26/2024,8,8.0258,8.0788,8.3574,
4005,8/23/2024,8,8.026,8.0797,8.3745,
4004,8/22/2024,8,8.026,8.0824,8.3803,
4003,8/21/2024,8,8.0251,8.0852,8.386,
4001,8/20/2024,8,8.0242,8.0881,8.3917,
4002,8/20/2024,8,8.0242,8.0881,8.3917,
4000,8/19/2024,8,8.0258,8.0873,8.3974,
3999,8/16/2024,8,8.026,8.0992,8.4146,
3998,8/15/2024,8,8.026,8.1019,8.4203,
3997,8/14/2024,8,8.0251,8.1047,8.426,
3996,8/13/2024,8,8.0242,8.1075,8.4318,
3995,8/12/2024,8.01,8.0255,8.1068,8.4374,
3994,8/9/2024,8,8.0257,8.1152,8.4546,
3993,8/8/2024,8,8.0257,8.1212,8.4603,
3992,8/7/2024,8,8.0248,8.124,8.466,
3991,8/6/2024,8,8.0239,8.1236,8.4718,
3990,8/5/2024,8,8.0255,8.1232,8.4775,
3989,8/2/2024,8,8.0257,8.1378,8.4947,
3988,8/1/2024,8,8.0257,8.1406,8.5004,
3987,7/31/2024,8,8.0248,8.1403,8.5089,
3986,7/30/2024,8,8.0239,8.1431,8.5175,
3985,7/29/2024,8,8.023,8.1459,8.526,
3984,7/26/2024,8,8.0248,8.1543,8.5518,
3983,7/25/2024,8,8.0248,8.1571,8.5604,
3982,7/24/2024,8,8.0248,8.1599,8.569,
3981,7/23/2024,8,8.0239,8.1627,8.5776,
3980,7/22/2024,8,8.023,8.1655,8.5862,
3979,7/19/2024,8,8.0248,8.1739,8.5903,
3978,7/18/2024,8,8.0248,8.1767,8.6205,
3977,7/17/2024,8,8.0248,8.1795,8.6291,
3976,7/16/2024,8,8.0239,8.1823,8.6377,
3975,7/15/2024,8,8.023,8.1852,8.6463,
3974,7/12/2024,8,8.0248,8.1936,8.672,
3972,7/11/2024,8,8.0248,8.1964,8.6806,
3971,7/10/2024,8,8.0248,8.1993,8.6892,
3970,7/9/2024,8,8.0239,8.1997,8.6981,
3969,7/8/2024,8,8.023,8.2049,8.707,
3968,7/5/2024,8,8.0248,8.2133,8.7336,
3967,7/4/2024,8,8.0248,8.2161,8.7422,
3966,7/3/2024,8,8.0248,8.2189,8.7508,
3965,7/2/2024,8,8.0239,8.2217,8.7531,
3964,7/1/2024,8,8.023,8.2245,8.7553,
3963,6/28/2024,8,8.0257,8.2349,8.7999,
3962,6/27/2024,8,8.0257,8.2377,8.8084,
3961,6/26/2024,8,8.0248,8.2405,8.817,
3960,6/25/2024,8,8.0239,8.2432,8.8255,
3959,6/24/2024,8,8.0255,8.2441,8.8281,
3958,6/21/2024,8,8.0419,8.2543,8.8598,
3957,6/20/2024,8,8.0504,8.2571,8.8712,
3956,6/20/2024,8,8.0504,8.2571,8.8712,
3955,6/19/2024,8,8.0503,8.2599,8.8826,
3954,6/18/2024,8,8.0502,8.2626,8.894,
3953,6/17/2024,8,8.0745,8.2637,8.897,
3952,6/14/2024,8,8.099,8.2737,8.9396,
3951,6/13/2024,8,8.1072,8.2848,8.9511,
3950,6/12/2024,8,8.109,8.2959,8.9625,
3949,6/11/2024,8,8.1109,8.307,8.9739,
3948,6/10/2024,8,8.1313,8.3086,8.9773,
3947,6/7/2024,8,8.1558,8.3513,9.0196,
3946,6/6/2024,8,8.1592,8.3624,9.031,
3945,6/5/2024,8,8.1629,8.3735,9.0424,
3944,6/4/2024,8,8.1669,8.3846,9.0538,
3943,6/3/2024,8,8.1879,8.387,9.0576,
3942,5/31/2024,8,8.2093,8.4206,9.0921,
3941,5/30/2024,8,8.2177,8.4234,9.1035,
3940,5/29/2024,8,8.2261,8.4348,9.115,
3939,5/28/2024,8,8.2321,8.4461,9.1265,
3938,5/27/2024,8,8.2386,8.4575,9.138,
3937,5/24/2024,8,8.268,8.4758,9.1724,
3936,5/23/2024,8,8.2764,8.5028,9.1769,
3935,5/22/2024,8.25,8.2764,8.5113,9.194,
3934,5/21/2024,8.25,8.2755,8.5198,9.204,
3933,5/20/2024,8.26,8.2742,8.5282,9.214,
3932,5/17/2024,8.25,8.2761,8.5394,9.2442,
3931,5/16/2024,8.25,8.2761,8.5622,9.2542,
3930,5/15/2024,8.25,8.2761,8.5707,9.2643,
3929,5/14/2024,8.25,8.2751,8.5792,9.2743,
3928,5/13/2024,8.25,8.2742,8.5877,9.2844,
3927,5/10/2024,8.25,8.2764,8.6003,9.3146,
3926,5/8/2024,8.25,8.2764,8.6303,9.3347,
3925,5/7/2024,8.25,8.2755,8.6388,9.3448,
3924,5/3/2024,8.25,8.2766,8.6612,9.385,
3923,5/2/2024,8.25,8.2766,8.6814,9.3951,
3922,5/1/2024,8.25,8.2766,8.6899,9.4051,
3921,4/30/2024,8.25,8.2757,8.7149,9.421,
3920,4/29/2024,8.25,8.2774,8.7289,9.4253,
3919,4/26/2024,8.25,8.2776,8.771,9.461,
3918,4/25/2024,8.25,8.2776,8.785,9.471,
3917,4/24/2024,8.25,8.2766,8.799,9.481,
3916,4/23/2024,8.25,8.2757,8.8131,9.4911,
3915,4/22/2024,8.25,8.2774,8.8271,9.4957,
3913,4/19/2024,8.25,8.2776,8.8408,9.5311,
3914,4/19/2024,8.25,8.2776,8.8408,9.5311,
3912,4/18/2024,8.25,8.2776,8.8831,9.5411,
3911,4/17/2024,8.25,8.2766,8.8972,9.5511,
3910,4/16/2024,8.25,8.2757,8.9112,9.5612,
3909,4/15/2024,8.25,8.2774,8.9253,9.5662,
3908,4/12/2024,8.25,8.3263,8.9674,9.6012,
3907,4/11/2024,8.25,8.3506,8.9814,9.6112,
3906,4/10/2024,8.26,8.3518,8.9953,9.6212,
3905,4/8/2024,8.25,8.3553,9.0246,9.6366,
3904,4/5/2024,8.25,8.4963,9.0683,9.6713,
3903,4/4/2024,8.25,8.5207,9.0824,9.6813,
3902,4/3/2024,8.25,8.5278,9.0964,9.6914,
3901,4/2/2024,8.25,8.5354,9.1038,9.7014,
3900,4/1/2024,8.25,8.5935,9.1113,9.7072,
3899,3/29/2024,8.25,8.6395,9.1664,9.7374,
3898,3/28/2024,8.25,8.6655,9.1805,9.7475,
3897,3/27/2024,8.25,8.6916,9.1945,9.7576,
3896,3/26/2024,8.25,8.7176,9.2086,9.7676,
3895,3/25/2024,8.25,8.7323,9.2226,9.7777,
3894,3/22/2024,8.25,8.8217,9.2648,9.8079,
3893,3/21/2024,8.25,8.8477,9.2788,9.818,
3892,3/20/2024,8.25,8.8738,9.2985,9.8281,
3891,3/19/2024,8.25,8.8998,9.3182,9.8382,
3890,3/18/2024,8.25,8.921,9.3378,9.8485,
3889,3/15/2024,8.25,9.0039,9.3968,9.8787,
3888,3/14/2024,8.25,9.03,9.4165,9.8888,
3887,3/13/2024,9,9.03,9.4277,9.896,
3886,3/12/2024,9,9.03,9.439,9.9032,
3885,3/11/2024,9,9.0288,9.4502,9.9104,
3884,3/7/2024,9,9.0302,9.4953,9.9393,
3883,3/6/2024,9,9.0302,9.5065,9.9465,
3882,3/5/2024,9,9.0302,9.5178,9.9537,
3881,3/4/2024,9,9.0291,9.529,9.9609,
3880,3/1/2024,9,9.0302,9.5627,9.9825,
3879,2/29/2024,9,9.0806,9.5812,9.9981,
3878,2/28/2024,9,9.081,9.5923,10.0011,
3877,2/27/2024,9,9.0816,9.6035,10.0041,
3876,2/26/2024,9,9.1291,9.6077,10.0072,
3875,2/23/2024,9,9.1781,9.6415,10.0408,
3874,2/22/2024,9,9.1943,9.6591,10.048,
3873,2/21/2024,9,9.1985,9.6702,10.0551,
3872,2/20/2024,9,9.2031,9.6813,10.0584,
3871,2/19/2024,9,9.2081,9.6864,10.0617,
3870,2/16/2024,9,9.2916,9.7259,10.0908,
3869,2/15/2024,9,9.3078,9.737,10.0979,
3868,2/14/2024,9,9.3158,9.7481,10.1051,
3867,2/13/2024,9,9.3244,9.7593,10.1086,
3866,2/12/2024,9,9.3563,9.7652,10.1122,
3865,2/9/2024,9,9.4069,9.8038,10.1407,
3864,2/8/2024,9,9.4248,9.8149,10.1479,
3863,2/7/2024,9,9.4367,9.826,10.155,
3862,2/6/2024,9,9.4494,9.8372,10.1588,
3861,2/5/2024,9,9.4782,9.844,10.1627,
3860,2/2/2024,9,9.5256,9.8817,10.1921,
3859,2/1/2024,9,9.5414,9.8929,10.2007,
3858,1/31/2024,9.48,9.5411,9.8986,10.2065,
3857,1/30/2024,9.5,9.5402,9.9042,10.2077,
3856,1/29/2024,9.5,9.5433,9.9061,10.209,
3855,1/26/2024,9.5,9.5435,9.9265,10.2351,
3854,1/25/2024,9.5,9.5435,9.932,10.2408,
3853,1/24/2024,9.5,9.5425,9.9376,10.2465,
3852,1/23/2024,9.5,9.5415,9.9432,10.2479,
3851,1/22/2024,9.5,9.5433,9.9455,10.2494,
3850,1/18/2024,9.5,9.5925,9.9711,10.2805,
3849,1/17/2024,9.5,9.5931,9.9767,10.286,
3848,1/16/2024,9.5,9.5939,9.9822,10.2876,
3847,1/15/2024,9.5,9.6411,9.9849,10.2892,
3846,1/12/2024,9.5,9.6901,10.0045,10.3136,
3845,1/11/2024,9.5,9.7063,10.0101,10.3193,
3844,1/10/2024,9.5,9.7107,10.0157,10.325,
3843,1/9/2024,9.55,9.7137,10.0207,10.3265,
3842,1/8/2024,9.55,9.7516,10.0232,10.3281,
3841,1/5/2024,9.55,9.7957,10.0407,10.352,
3840,1/4/2024,9.5,9.812,10.0463,10.3576,
3839,1/3/2024,9.5,9.8198,10.0519,10.3633,
3838,12/29/2023,9.5,9.9044,10.078,10.3884,
3837,12/28/2023,9.5,9.9212,10.0837,10.3942,
3836,12/27/2023,9.5,9.938,10.0893,10.3999,
3835,12/26/2023,9.5,9.9505,10.0949,10.4057,
3834,12/25/2023,9.5,9.964,10.1005,10.408,
3833,12/22/2023,9.5,10.0218,10.1174,10.4287,
3832,12/21/2023,9.5,10.0386,10.1231,10.4344,
3831,12/20/2023,10,10.0386,10.1231,10.4373,
3830,12/19/2023,10,10.0372,10.1231,10.4402,
3829,12/18/2023,10,10.0358,10.1234,10.4397,
3828,12/15/2023,10,10.0386,10.1234,10.4517,
3827,12/14/2023,10,10.0386,10.1234,10.4545,
3826,12/13/2023,10,10.0386,10.1262,10.4574,
3825,12/12/2023,10,10.0372,10.129,10.4603,
3824,12/11/2023,10,10.0358,10.1318,10.46,
3823,12/8/2023,10,10.0386,10.1403,10.4718,
3822,12/7/2023,10,10.0386,10.1431,10.4747,
3821,12/6/2023,10,10.0386,10.1459,10.4775,
3820,12/5/2023,10,10.0372,10.1487,10.4805,
3819,12/4/2023,10,10.0358,10.1516,10.4802,
3818,12/1/2023,10,10.0386,10.16,10.492,
3817,11/30/2023,10,10.04,10.1666,10.4979,
3816,11/29/2023,10,10.0386,10.1694,10.5008,
3815,11/28/2023,10,10.0372,10.1684,10.5007,
3814,11/27/2023,10,10.0398,10.1675,10.5006,
3813,11/24/2023,10,10.04,10.1832,10.5155,
3812,11/22/2023,10,10.0387,10.1888,10.5213,
3811,11/21/2023,10,10.0373,10.1916,10.5212,
3810,11/20/2023,10,10.0399,10.1909,10.5212,
3809,11/17/2023,10,10.0401,10.2027,10.5362,
3808,11/16/2023,10,10.0401,10.2055,10.5394,
3807,11/15/2023,10,10.0387,10.2083,10.5427,
3806,11/14/2023,10,10.0373,10.2111,10.5428,
3805,11/13/2023,10,10.0399,10.2106,10.5428,
3804,11/10/2023,10,10.0401,10.2222,10.5618,
3803,11/9/2023,10,10.0401,10.225,10.562,
3802,11/8/2023,10,10.0387,10.2278,10.5733,
3801,11/7/2023,10,10.0373,10.2306,10.5735,
3800,11/6/2023,10,10.0399,10.2303,10.5738,
3799,11/3/2023,10,10.0401,10.2417,10.6019,
3798,11/2/2023,10,10.0401,10.2473,10.6077,
3797,11/1/2023,10,10.0387,10.2529,10.6134,
3796,10/31/2023,10,10.0373,10.2585,10.6138,
3795,10/30/2023,10,10.0359,10.2585,10.6143,
3794,10/27/2023,10,10.0387,10.2807,10.6369,
3793,10/26/2023,10,10.0387,10.2863,10.6427,
3792,10/25/2023,10,10.0387,10.2919,10.6485,
3791,10/24/2023,10,10.0373,10.2975,10.6546,
3790,10/23/2023,10,10.0359,10.2979,10.6552,
3789,10/20/2023,10,10.0387,10.3198,10.678,
3788,10/19/2023,10,10.0387,10.325,10.6838,
3787,10/18/2023,10,10.0397,10.3302,10.6896,
3786,10/17/2023,10,10.0384,10.3354,10.6905,
3785,10/16/2023,10,10.037,10.3362,10.6913,
3784,10/13/2023,10,10.0481,10.3564,10.7182,
3783,10/12/2023,10,10.0565,10.3613,10.724,
3782,10/11/2023,10,10.0649,10.3669,10.7297,
3781,10/10/2023,10,10.0644,10.3725,10.7355,
3780,10/9/2023,10,10.064,10.3737,10.7366,
3779,10/6/2023,10,10.1069,10.3947,10.7585,
3778,10/5/2023,10,10.1153,10.4001,10.7643,
3777,10/4/2023,10,10.1237,10.4055,10.77,
3776,10/3/2023,10,10.1252,10.4111,10.7758,
3775,10/2/2023,10,10.1269,10.4127,10.7771,
3774,9/29/2023,10,10.1712,10.4334,10.8031,
3773,9/28/2023,10,10.1741,10.4389,10.8089,
3772,9/27/2023,10,10.1773,10.4445,10.8146,
3771,9/26/2023,10,10.1809,10.4501,10.8161,
3769,9/25/2023,10,10.2032,10.4522,10.8176,
3768,9/22/2023,10,10.2278,10.4724,10.8432,
3767,9/21/2023,10,10.236,10.478,10.849,
3766,9/20/2023,10,10.241,10.4835,10.8547,
3765,9/19/2023,10,10.2465,10.4891,10.8564,
3764,9/18/2023,10.03,10.2591,10.4913,10.858,
3763,9/14/2023,10,10.2838,10.5111,10.8832,
3762,9/14/2023,10,10.2919,10.5166,10.8889,
3761,9/13/2023,10.25,10.2904,10.5194,10.8932,
3760,9/12/2023,10.25,10.2889,10.5222,10.8937,
3759,9/11/2023,10.25,10.2916,10.5223,10.8941,
3758,9/8/2023,10.25,10.2919,10.5334,10.9109,
3757,9/7/2023,10.25,10.2919,10.5362,10.919,
3756,9/6/2023,10.25,10.2904,10.539,10.9233,
3755,9/5/2023,10.25,10.2889,10.5419,10.9239,
3754,9/4/2023,10.25,10.2916,10.5421,10.9245,
3753,9/1/2023,10.25,10.3082,10.553,10.9447,
3752,8/31/2023,10.25,10.3163,10.5558,10.9454,
3751,8/30/2023,10.25,10.3156,10.5586,10.9462,
3750,8/29/2023,10.25,10.315,10.5616,10.947,
3749,8/25/2023,10.25,10.3654,10.5736,10.9575,
3748,8/24/2023,10.25,10.3735,10.5764,10.9688,
3747,8/23/2023,10.25,10.3747,10.5792,10.9732,
3746,8/22/2023,10.25,10.3761,10.582,10.9776,
3745,8/21/2023,10.25,10.3976,10.5827,10.9819,
3744,8/18/2023,10.25,10.4203,10.5935,10.9886,
3743,8/17/2023,10.25,10.4272,10.5971,10.9996,
3742,8/16/2023,10.25,10.4301,10.6006,11.0039,
3741,8/15/2023,10.25,10.4334,10.6042,11.0083,
3740,8/14/2023,10.25,10.4483,10.6051,11.0127,
3739,8/11/2023,10.25,10.4704,10.6193,11.0195,
3738,8/10/2023,10.25,10.4785,10.6276,11.0301,
3737,8/9/2023,10.25,10.4832,10.6288,11.0345,
3736,8/8/2023,10.25,10.4883,10.6443,11.0389,
3735,8/7/2023,10.25,10.5027,10.6457,11.0433,
3734,8/4/2023,10.25,10.526,10.6778,11.0504,
3733,8/3/2023,10.25,10.5342,10.6862,11.0607,
3732,8/2/2023,10.5,10.5323,10.6919,11.0636,
3731,8/1/2023,10.5,10.5304,10.6974,11.0666,
3730,7/31/2023,10.5,10.5284,10.6965,11.0695,
3729,7/28/2023,10.5,10.5323,10.7134,11.0724,
3728,7/27/2023,10.5,10.5323,10.7193,11.0811,
3727,7/26/2023,10.5,10.5323,10.7249,11.084,
3726,7/25/2023,10.5,10.5304,10.7307,11.0869,
3725,7/24/2023,10.5,10.5284,10.7369,11.0899,
3724,7/21/2023,10.5,10.5323,10.7545,11.093,
3723,7/20/2023,10.5,10.5323,10.7603,11.1015,
3722,7/19/2023,10.47,10.5333,10.7664,11.1018,
3721,7/18/2023,10.47,10.5324,10.7724,11.1077,
3720,7/17/2023,10.46,10.532,10.7728,11.1108,
3719,7/14/2023,10.47,10.5387,10.774,11.1147,
3718,7/13/2023,10.48,10.5393,10.802,11.1231,
3717,7/12/2023,10.44,10.5414,10.8084,11.1264,
3716,7/11/2023,10.5,10.5397,10.814,11.1293,
3715,7/10/2023,10.5,10.5381,10.8196,11.1322,
3714,7/7/2023,10.5,10.5414,10.8366,11.1358,
3713,7/6/2023,10.49,10.5417,10.8423,11.1439,
3712,7/5/2023,10.49,10.5424,10.8481,11.1469,
3711,7/4/2023,10.48,10.5415,10.8539,11.1498,
3710,7/3/2023,10.5,10.5399,10.8596,11.1527,
3709,6/30/2023,10.5,10.5446,10.8811,11.1638,
3708,6/29/2023,10.5,10.5452,10.8867,11.1666,
3707,6/28/2023,10.5,10.5437,10.8922,11.1695,
3706,6/27/2023,10.5,10.5422,10.8978,11.1724,
3705,6/26/2023,10.5,10.5407,10.8991,11.175,
3704,6/23/2023,10.5,10.5475,10.9201,11.1837,
3703,6/22/2023,10.5,10.5475,10.9257,11.1866,
3702,6/21/2023,10.5,10.5461,10.9313,11.1895,
3701,6/20/2023,10.5,10.5446,10.9369,11.1924,
3700,6/19/2023,10.5,10.5472,10.9385,11.1953,
3699,6/16/2023,10.5,10.5531,10.9592,11.204,
3698,6/15/2023,10.5,10.5553,10.9648,11.2069,
3697,6/14/2023,10.5,10.5542,10.9704,11.2098,
3696,6/13/2023,10.5,10.553,10.976,11.2127,
3695,6/12/2023,10.5,10.5518,10.978,11.2156,
3694,6/9/2023,10.5,10.5827,10.9983,11.2243,
3693,6/8/2023,10.5,10.6155,11.0006,11.2272,
3692,6/7/2023,10.5,10.6163,11.0094,11.2301,
3691,6/6/2023,10.5,10.6172,11.015,11.233,
3690,6/5/2023,10.51,10.6636,11.0174,11.2358,
3689,6/2/2023,10.5,10.713,11.0371,11.2445,
3688,6/1/2023,10.5,10.7293,11.0427,11.2474,
3687,5/31/2023,10.5,10.7339,11.0455,11.2483,
3686,5/30/2023,10.5,10.7389,11.0484,11.2512,
3685,5/29/2023,10.52,10.7436,11.0511,11.254,
3684,5/25/2023,10.52,10.8327,11.0684,11.2652,
3683,5/24/2023,10.5,10.8511,11.0791,11.2682,
3682,5/23/2023,10.5,10.8601,11.0849,11.2692,
3681,5/22/2023,10.5,10.8699,11.0907,11.2736,
3680,5/19/2023,10.5,10.9382,11.1063,11.2783,
3679,5/18/2023,10.53,10.954,11.1097,11.2846,
3678,5/17/2023,10.57,10.9641,11.1187,11.2872,
3677,5/16/2023,10.57,10.975,11.1236,11.2897,
3676,5/15/2023,10.57,10.9868,11.1286,11.2922,
3675,5/11/2023,10.59,11.052,11.1444,11.3018,
3674,5/10/2023,11,11.052,11.1476,11.3018,
3673,5/8/2023,11,11.0491,11.1477,11.3018,
3672,5/5/2023,11,11.0521,11.1461,11.2984,
3671,5/4/2023,11,11.0521,11.1444,11.3018,
3670,5/3/2023,11,11.0521,11.1477,11.3018,
3669,5/2/2023,11.01,11.0503,11.1475,11.3017,
3668,5/1/2023,11,11.0487,11.1475,11.3017,
3667,4/28/2023,11,11.0534,11.146,11.3035,
3666,4/27/2023,11.02,11.0527,11.149,11.3034,
3665,4/26/2023,11,11.0511,11.149,11.3034,
3664,4/25/2023,11.01,11.0492,11.1489,11.3033,
3663,4/24/2023,11.05,11.0504,11.1483,11.303,
3662,4/21/2023,11.02,11.0488,11.1443,11.3027,
3661,4/20/2023,11.02,11.0481,11.1474,11.3025,
3660,4/19/2023,11.01,11.0461,11.1456,11.3025,
3659,4/18/2023,11,11.0443,11.1472,11.3025,
3658,4/13/2023,11,11.0486,11.1475,11.3026,
3657,4/12/2023,11,11.0469,11.1475,11.3026,
3656,4/11/2023,11,11.0452,11.1475,11.3026,
3655,4/10/2023,11,11.0483,11.1475,11.3026,
3654,4/7/2023,11,11.0485,11.1442,11.3026,
3653,4/6/2023,11,11.0485,11.1475,11.3026,
3652,4/5/2023,11,11.0468,11.1475,11.3026,
3651,4/4/2023,11,11.045,11.1473,11.3026,
3650,4/3/2023,11,11.0433,11.1473,11.3026,
3649,3/31/2023,11,11.0464,11.1423,11.2974,
3648,3/30/2023,11,11.0447,11.1472,11.3008,
3645,3/29/2023,11,11.043,11.1468,11.3008,
3647,3/28/2023,11,11.043,11.1468,11.3008,
3646,3/27/2023,11,11.043,11.1468,11.3008,
3644,3/24/2023,11,11.043,11.1429,11.2974,
3643,3/23/2023,11,11.043,11.1463,11.3008,
3642,3/22/2023,11,11.043,11.1463,11.3008,
3641,3/21/2023,11,11.043,11.1463,11.3008,
3640,3/20/2023,11,11.044,11.1463,11.3008,
3639,3/17/2023,11,11.044,11.1429,11.2974,
3638,3/16/2023,11,11.044,11.1463,11.3008,
3637,3/15/2023,11,11.044,11.1463,11.3008,
3636,3/14/2023,11,11.044,11.1463,11.3008,
3635,3/13/2023,11,11.044,11.1463,11.3008,
3634,3/10/2023,11,11.044,11.1429,11.2968,
3633,3/9/2023,11,11.044,11.1463,11.3002,
3632,3/7/2023,11,11.0442,11.1463,11.2998,
3631,3/6/2023,11,11.0442,11.1463,11.2998,
3630,3/2/2023,11,11.0445,11.1464,11.2999,
3629,3/1/2023,11,11.0445,11.1464,11.2999,
3628,2/28/2023,11,11.0462,11.1498,11.3033,
3627,2/27/2023,11,11.0492,11.1481,11.3016,
3626,2/24/2023,11,11.0496,11.1498,11.3051,
3625,2/23/2023,11,11.0496,11.1481,11.3051,
3624,2/22/2023,11,11.0479,11.1491,11.3052,
3623,2/21/2023,11,11.0462,11.1482,11.3035,
3622,2/20/2023,11.03,11.0483,11.1462,11.3015,
3621,2/17/2023,11,11.0485,11.1479,11.305,
3620,2/16/2023,11,11.0485,11.1479,11.305,
3619,2/15/2023,11,11.0468,11.1479,11.305,
3618,2/14/2023,11,11.045,11.1479,11.3033,
3617,2/13/2023,11,11.0481,11.1462,11.3015,
3616,2/10/2023,11,11.0485,11.1479,11.305,
3615,2/9/2023,11,11.0485,11.1479,11.305,
3614,2/8/2023,11,11.0468,11.1479,11.305,
3613,2/7/2023,11,11.045,11.1479,11.3033,
3612,2/6/2023,11,11.0481,11.1462,11.3015,
3611,2/3/2023,11,11.0478,11.1479,11.305,
3610,2/2/2023,11,11.0461,11.1479,11.305,
3609,2/1/2023,11,11.0443,11.1479,11.305,
3608,1/31/2023,11,11.0426,11.1479,11.3033,
3607,1/30/2023,11,11.0472,11.1462,11.3015,
3606,1/27/2023,11,11.0465,11.1479,11.305,
3605,1/26/2023,11,11.0449,11.1479,11.305,
3604,1/25/2023,11,11.0431,11.1479,11.305,
3603,1/24/2023,11,11.0412,11.1479,11.3033,
3602,1/23/2023,11,11.0446,11.1462,11.3015,
3601,1/20/2023,11,11.0449,11.1479,11.305,
3600,1/18/2023,11,11.0432,11.1479,11.305,
3599,1/17/2023,11,11.0413,11.1479,11.3033,
3598,1/16/2023,11,11.0447,11.1462,11.3016,
3597,1/13/2023,11,11.045,11.1478,11.305,
3596,1/12/2023,11,11.045,11.1478,11.305,
3595,1/11/2023,11,11.0432,11.1478,11.305,
3594,1/10/2023,11,11.0413,11.1478,11.3033,
3593,1/9/2023,11,11.0447,11.1461,11.3016,
3592,1/6/2023,11,11.045,11.1478,11.305,
3591,1/5/2023,11,11.045,11.1478,11.3049,
3590,1/4/2023,10.98,11.0438,11.148,11.3049,
3589,1/3/2023,11,11.042,11.148,11.3032,
3588,12/30/2022,11,11.0442,11.1464,11.3032,
3587,12/29/2022,10.97,11.0452,11.1468,11.3034,
3586,12/28/2022,11,11.0452,11.1468,11.3034,
3585,12/27/2022,11,11.0434,11.1468,11.3034,
3584,12/26/2022,10.95,11.0434,11.1473,11.302,
3583,12/23/2022,11,11.0452,11.1473,11.3037,
3582,12/22/2022,11,11.0447,11.1473,11.3037,
3581,12/21/2022,11,11.042,11.1473,11.3037,
3580,12/20/2022,11,11.0402,11.1473,11.3037,
3579,12/19/2022,11,11.0383,11.1473,11.302,
3578,12/16/2022,11,11.042,11.1473,11.3037,
3577,12/15/2022,11,11.042,11.1473,11.3037,
3576,12/14/2022,11,11.042,11.1473,11.3037,
3575,12/13/2022,11,11.0402,11.1473,11.3037,
3574,12/12/2022,11,11.0383,11.1462,11.302,
3573,12/9/2022,11,11.042,11.1462,11.3037,
3572,12/8/2022,11,11.042,11.1453,11.3037,
3571,12/7/2022,11,11.042,11.1453,11.3037,
3570,12/6/2022,11,11.0402,11.1453,11.3037,
3569,12/5/2022,11,11.0383,11.1453,11.302,
3568,12/2/2022,11,11.042,11.1453,11.3037,
3567,12/1/2022,11,11.042,11.1453,11.3054,
3566,11/30/2022,11,11.042,11.147,11.3054,
3565,11/29/2022,11,11.0402,11.147,11.3037,
3564,11/28/2022,11,11.0436,11.1453,11.302,
3563,11/25/2022,11,11.0439,11.147,11.3054,
3562,11/24/2022,11,11.0439,11.147,11.3054,
3561,11/22/2022,10.97,11.0424,11.148,11.304,
3560,11/21/2022,10.92,11.0483,11.1471,11.3028,
3559,11/18/2022,11,11.0486,11.1489,11.3062,
3558,11/17/2022,11,11.0486,11.1489,11.3062,
3557,11/16/2022,11,11.0469,11.1489,11.3062,
3556,11/15/2022,11,11.0452,11.1489,11.3045,
3555,11/14/2022,11,11.0434,11.1471,11.3028,
3554,11/11/2022,11,11.0483,11.1489,11.3042,
3553,11/10/2022,11,11.0483,11.1489,11.3028,
3552,11/9/2022,11,11.0465,11.1489,11.3011,
3551,11/8/2022,11,11.0448,11.1489,11.2993,
3550,11/7/2022,11,11.0479,11.1471,11.2976,
3549,11/4/2022,11,11.0483,11.1489,11.3009,
3548,11/3/2022,11,11.0483,11.1489,11.3009,
3547,11/2/2022,11,11.0465,11.1489,11.3009,
3546,11/1/2022,11,11.0448,11.1489,11.2992,
3545,10/31/2022,11,11.0431,11.1471,11.2974,
3544,10/28/2022,11,11.0465,11.1489,11.2995,
3543,10/27/2022,11,11.0465,11.1489,11.2997,
3542,10/26/2022,11,11.0465,11.1489,11.2997,
3541,10/25/2022,11,11.0448,11.1489,11.2979,
3540,10/24/2022,11,11.0431,11.1471,11.2962,
3539,10/21/2022,11,11.0465,11.1489,11.2996,
3538,10/20/2022,11,11.0465,11.1489,11.2999,
3537,10/19/2022,11,11.0465,11.1489,11.3002,
3536,10/18/2022,11,11.0448,11.1489,11.3002,
3535,10/17/2022,11,11.0431,11.1471,11.2984,
3534,10/13/2022,11,11.0469,11.149,11.2982,
3533,10/12/2022,11,11.0435,11.149,11.2977,
3532,10/11/2022,11,11.0417,11.149,11.2973,
3531,10/10/2022,11,11.0398,11.1473,11.2955,
3530,10/7/2022,11,11.0408,11.149,11.2938,
3529,10/6/2022,11,11.0408,11.1489,11.2938,
3528,10/5/2022,11,11.0408,11.1488,11.2938,
3527,10/4/2022,11,11.0389,11.1485,11.2938,
3526,10/3/2022,11,11.037,11.1468,11.292,
3525,9/30/2022,11,11.0427,11.1485,11.2917,
3524,9/29/2022,11,11.0427,11.1485,11.2889,
3523,9/28/2022,11,11.0408,11.1485,11.286,
3522,9/27/2022,11,11.0389,11.1485,11.2842,
3521,9/26/2022,11,11.0424,11.1468,11.2823,
3520,9/23/2022,11,11.0427,11.1485,11.2716,
3519,9/22/2022,11,11.0434,11.1485,11.2688,
3518,9/21/2022,11,11.0415,11.1485,11.2659,
3517,9/20/2022,11,11.0396,11.1485,11.264,
3516,9/19/2022,11,11.043,11.1468,11.262,
3515,9/16/2022,11,11.0434,11.1485,11.2516,
3514,9/15/2022,11,11.0434,11.1485,11.2487,
3513,9/14/2022,11,11.0415,11.1485,11.2458,
3512,9/13/2022,11,11.0396,11.1485,11.2438,
3511,9/12/2022,10.9,11.0463,11.1479,11.2423,
3510,9/9/2022,11,11.0466,11.1496,11.2324,
3509,9/8/2022,10.92,11.0492,11.1505,11.2307,
3508,9/7/2022,11,11.0475,11.1505,11.2272,
3507,9/6/2022,11,11.0458,11.1505,11.2251,
3506,9/5/2022,11,11.0489,11.1488,11.2229,
3505,9/2/2022,11,11.0492,11.1505,11.2134,
3504,9/1/2022,11,11.0492,11.1505,11.2106,
3503,8/31/2022,11,11.0475,11.1505,11.2084,
3502,8/30/2022,11,11.0458,11.1505,11.2061,
3501,8/29/2022,11,11.0489,11.1488,11.2039,
3500,8/26/2022,11,11.0492,11.1488,11.1965,
3499,8/25/2022,11,11.0492,11.1505,11.1922,
3498,8/24/2022,11,11.0475,11.1505,11.1893,
3497,8/23/2022,11,11.0458,11.1505,11.1864,
3496,8/22/2022,11.02,11.0483,11.1486,11.1834,
3495,8/19/2022,11,11.0486,11.1503,11.1758,
3494,8/18/2022,11,11.0486,11.1503,11.1717,
3493,8/17/2022,11,11.0469,11.1503,11.1688,
3492,8/16/2022,11,11.0452,11.1503,11.1659,
3491,8/15/2022,11,11.0483,11.1486,11.163,
3490,8/12/2022,11,11.0486,11.1486,11.1552,
3489,8/11/2022,11,11.0486,11.1462,11.1513,
3488,8/10/2022,11,11.0469,11.1437,11.1484,
3487,8/9/2022,11,11.0452,11.1419,11.1455,
3486,8/8/2022,11,11.0483,11.1401,11.1426,
3485,8/5/2022,11,11.0479,11.14,11.1346,
3484,8/4/2022,11,11.0473,11.14,11.1309,
3483,8/3/2022,11,11.0455,11.14,11.128,
3482,8/2/2022,11,11.0438,11.14,11.1251,
3481,8/1/2022,11,11.047,11.1382,11.1222,
3480,7/29/2022,11,11.0455,11.1388,11.114,
3479,7/28/2022,11,11.0455,11.1388,11.1105,
3478,7/27/2022,11,11.0455,11.1392,11.1076,
3477,7/26/2022,11,11.0438,11.1392,11.1047,
3476,7/25/2022,11,11.042,11.1374,11.1018,
3475,7/22/2022,11,11.0455,11.132,11.0934,
3474,7/21/2022,11,11.0455,11.1389,11.0902,
3473,7/20/2022,11,11.0455,11.1396,11.0872,
3472,7/19/2022,11,11.0438,11.1401,11.0844,
3471,7/18/2022,11,11.042,11.1401,11.0814,
3470,7/15/2022,11,11.0455,11.1401,11.0727,
3469,7/14/2022,11,11.0455,11.1387,11.0698,
3468,7/13/2022,11,11.0455,11.1361,11.0668,
3467,7/12/2022,11,11.0438,11.1351,11.0639,
3466,7/11/2022,11,11.042,11.1343,11.061,
3465,7/8/2022,11,11.0455,11.1275,11.0521,
3464,7/7/2022,11,11.0455,11.1275,11.0491,
3463,7/6/2022,10.99,11.0459,11.1276,11.0465,
3462,7/5/2022,10.99,11.0445,11.1277,11.0436,
3461,7/4/2022,10.98,11.0434,11.128,11.0408,
3460,7/1/2022,11,11.0469,11.128,11.0317,
3459,6/30/2022,11,11.0486,11.1224,11.0294,
3458,6/29/2022,11,11.0469,11.1168,11.0265,
3457,6/28/2022,11,11.0452,11.1112,11.0236,
3456,6/27/2022,11,11.0483,11.1091,11.0207,
3455,6/24/2022,11,11.0485,11.0889,11.012,
3454,6/23/2022,11,11.0485,11.0833,11.0091,
3453,6/22/2022,11,11.0468,11.0777,11.0062,
3452,6/21/2022,11,11.045,11.0721,11.0033,
3451,6/20/2022,11,11.0481,11.0696,11.0004,
3450,6/17/2022,11,11.0485,11.0498,10.9918,
3449,6/16/2022,11,11.0485,11.0442,10.9889,
3448,6/15/2022,11,11.0468,11.0386,10.986,
3447,6/14/2022,11,11.045,11.0331,10.9831,
3446,6/13/2022,11,11.0481,11.0301,10.9802,
3445,6/10/2022,11,11.0292,11.0114,10.9715,
3444,6/9/2022,11,11.0268,11.0058,10.9685,
3443,6/8/2022,11,11.0244,11.0026,10.9618,
3442,6/7/2022,11,11.022,10.9948,10.9551,
3440,6/6/2022,11,11.0181,10.9915,10.9487,
3438,6/3/2022,11,11.0184,10.9752,10.9271,
3437,6/2/2022,11,11.0184,10.968,10.9208,
3436,6/1/2022,11,11.0157,10.9625,10.915,
3435,5/31/2022,11,11.0129,10.9588,10.9113,
3434,5/30/2022,11,11.0101,10.9551,10.9054,
3433,5/27/2022,11,11.0187,10.9417,10.892,
3432,5/25/2022,11,11.0162,10.9283,10.8764,
3431,5/24/2022,11,11.0135,10.9225,10.8699,
3430,5/23/2022,11,11.0106,10.9167,10.8659,
3429,5/20/2022,11,11.0201,10.9009,10.8502,
3428,5/19/2022,11,11.0218,10.8965,10.8408,
3427,5/18/2022,11,11.0218,10.8879,10.835,
3426,5/17/2022,11,11.0192,10.8821,10.8291,
3425,5/16/2022,11,11.0166,10.8764,10.8233,
3424,5/13/2022,11,11.0097,10.8601,10.809,
3423,5/11/2022,10.82,11.0165,10.8517,10.7964,
3422,5/10/2022,10.77,11.0218,10.8486,10.7919,
3421,5/6/2022,10.92,11.0152,10.8301,10.7729,
3420,5/5/2022,11,11.0152,10.8249,10.7644,
3419,5/4/2022,11,11.0152,10.8179,10.7585,
3418,5/3/2022,11,11.0124,10.8121,10.7527,
3417,5/2/2022,11,11.0095,10.8063,10.7469,
3416,4/29/2022,11.02,10.9779,10.7886,10.728,
3415,4/28/2022,11,10.9616,10.7825,10.7222,
3414,4/27/2022,11.03,10.956,10.7765,10.7153,
3413,4/26/2022,11,10.9512,10.7708,10.7083,
3412,4/21/2022,11,10.8475,10.7425,10.6795,
3411,4/20/2022,11.06,10.8371,10.7362,10.6734,
3410,4/19/2022,11.05,10.8265,10.7294,10.6673,
3409,4/18/2022,11,10.7948,10.7241,10.6615,
3408,4/15/2022,11,10.7463,10.7057,10.6442,
3407,4/14/2022,10.87,10.7342,10.7028,10.6398,
3406,4/13/2022,10.77,10.7299,10.6998,10.6347,
3405,4/12/2022,10.91,10.7205,10.6951,10.6294,
3404,4/11/2022,10.93,10.6998,10.6902,10.624,
3403,4/8/2022,10.8,10.6734,10.6779,10.6102,
3402,4/7/2022,11,10.6551,10.671,10.6044,
3401,4/6/2022,11,10.6404,10.6684,10.5986,
3400,4/5/2022,11,10.6248,10.6627,10.5928,
3399,4/4/2022,11,10.6079,10.657,10.587,
3398,4/1/2022,11,10.561,10.6371,10.5697,
3397,3/31/2022,10.83,10.5489,10.6362,10.5651,
3396,3/30/2022,10.5,10.5475,10.6362,10.5622,
3395,3/29/2022,10.5,10.5462,10.6362,10.5594,
3394,3/28/2022,10.5,10.5462,10.6362,10.5565,
3393,3/25/2022,10.5,10.5462,10.6332,10.5481,
3392,3/24/2022,10.5,10.5462,10.6362,10.5448,
3391,3/23/2022,10.5,10.5462,10.6362,10.5419,
3390,3/22/2022,10.5,10.5462,10.6362,10.539,
3389,3/21/2022,10.5,10.5462,10.6362,10.5361,
3388,3/18/2022,10.5,10.5462,10.6332,10.5276,
3387,3/17/2022,10.5,10.5462,10.6362,10.5245,
3386,3/16/2022,10.5,10.5462,10.6362,10.5216,
3385,3/15/2022,10.5,10.5462,10.6362,10.5187,
3384,3/14/2022,10.5,10.5462,10.6362,10.5158,
3383,3/11/2022,10.52,10.544,10.6325,10.5067,
3382,3/10/2022,10.5,10.544,10.6355,10.5039,
3381,3/9/2022,10.5,10.544,10.6354,10.501,
3380,3/7/2022,10.51,10.5434,10.6201,10.4951,
3379,3/4/2022,10.52,10.5413,10.609,10.4857,
3378,3/2/2022,10.52,10.5399,10.5801,10.48,
3377,3/1/2022,10.51,10.5396,10.5742,10.477,
3376,2/28/2022,10.5,10.544,10.5652,10.4744,
3375,2/25/2022,10.5,10.5443,10.5452,10.4663,
3374,2/24/2022,10.5,10.5443,10.5384,10.4635,
3373,2/23/2022,10.5,10.5427,10.5357,10.4606,
3372,2/22/2022,10.5,10.5411,10.5272,10.4574,
3371,2/21/2022,10.5,10.544,10.5244,10.4541,
3370,2/18/2022,10.5,10.5442,10.5049,10.4463,
3369,2/17/2022,10.5,10.5442,10.4993,10.4434,
3368,2/16/2022,10.5,10.5426,10.4937,10.4406,
3367,2/15/2022,10.5,10.541,10.4881,10.4373,
3366,2/14/2022,10.5,10.5439,10.485,10.4339,
3365,2/11/2022,10.5,10.5442,10.4658,10.4263,
3364,2/10/2022,10.5,10.5442,10.4603,10.4234,
3363,2/9/2022,10.5,10.5426,10.4547,10.4206,
3362,2/8/2022,10.5,10.541,10.4484,10.4171,
3361,2/7/2022,10.5,10.5395,10.4449,10.4137,
3360,2/4/2022,10.5,10.5439,10.4261,10.4034,
3359,2/3/2022,10.5,10.5439,10.4206,10.3979,
3358,2/2/2022,10.5,10.5423,10.415,10.3922,
3357,2/1/2022,10.5,10.5407,10.4094,10.3886,
3356,1/31/2022,10.5,10.5436,10.4054,10.385,
3355,1/28/2022,10.5,10.5439,10.3871,10.3641,
3354,1/27/2022,10.5,10.5439,10.3797,10.3584,
3353,1/26/2022,10.5,10.5423,10.3717,10.3528,
3352,1/25/2022,10.5,10.5407,10.3662,10.349,
3351,1/24/2022,10.5,10.5436,10.3617,10.3452,
3350,1/21/2022,10.5,10.5439,10.3439,10.3244,
3349,1/20/2022,10.5,10.5439,10.3383,10.3188,
3348,1/18/2022,10.5,10.5408,10.3272,10.3094,
3347,1/17/2022,10.5,10.5437,10.3223,10.3054,
3346,1/14/2022,10.5,10.544,10.3054,10.2848,
3345,1/13/2022,10.5,10.544,10.2993,10.2791,
3344,1/12/2022,10.5,10.5424,10.2937,10.2734,
3343,1/11/2022,10.5,10.5408,10.2881,10.2692,
3342,1/10/2022,10.5,10.5437,10.2829,10.2649,
3341,1/6/2022,10.5,10.4811,10.2604,10.2391,
3340,1/5/2022,10.5,10.4775,10.2548,10.2334,
3339,1/4/2022,10.5,10.4737,10.2492,10.229,
3338,1/3/2022,10.5,10.4087,10.2435,10.2246,
3337,12/31/2021,10.5,10.3663,10.2266,10.2061,
3336,12/30/2021,10.5,10.3495,10.221,10.2003,
3335,12/29/2021,10.5,10.3327,10.2155,10.1946,
3334,12/28/2021,10.5,10.3239,10.2099,10.1888,
3333,12/27/2021,10.5,10.3147,10.2042,10.1842,
3332,12/24/2021,10.5,10.245,10.1873,10.1659,
3331,12/23/2021,10.5,10.2333,10.1817,10.1602,
3330,12/22/2021,10.5,10.2113,10.1761,10.1546,
3329,12/21/2021,10.5,10.1984,10.1704,10.1488,
3328,12/20/2021,10.5,10.1847,10.1648,10.144,
3327,12/17/2021,10.5,10.1273,10.1479,10.1259,
3326,12/16/2021,10.5,10.1105,10.1423,10.1201,
3325,12/15/2021,10.5,10.0937,10.1367,10.1144,
3324,12/14/2021,10.5,10.0768,10.131,10.1087,
3323,12/13/2021,10.5,10.0588,10.1255,10.1036,
3322,12/10/2021,10.5,10.0097,10.1086,10.0859,
3321,12/9/2021,10.49,9.9933,10.1031,10.0804,
3320,12/8/2021,9.83,9.997,10.105,10.0786,
3319,12/7/2021,9.85,9.9994,10.1067,10.0766,
3318,12/6/2021,9.89,10.0005,10.1079,10.0749,
3317,12/3/2021,9.76,10.0299,10.116,10.0699,
3316,12/2/2021,9.91,10.0329,10.1171,10.0675,
3315,12/1/2021,10,10.0329,10.1171,10.0646,
3314,11/30/2021,10,10.0313,10.1185,10.0618,
3313,11/29/2021,10,10.0343,10.1171,10.0594,
3312,11/26/2021,10,10.0222,10.1185,10.0503,
3311,11/25/2021,10,10.0222,10.1185,10.047,
3310,11/24/2021,9.89,10.0238,10.1198,10.0449,
3309,11/22/2021,10,10.0256,10.1183,10.0399,
3308,11/19/2021,10,10.0258,10.1198,10.0309,
3307,11/18/2021,10,10.0258,10.1198,10.0281,
3306,11/17/2021,10,10.0239,10.1198,10.0253,
3305,11/16/2021,10,10.022,10.1198,10.0227,
3304,11/15/2021,10,10.0256,10.1183,10.0201,
3303,11/12/2021,10,10.0257,10.1198,10.0114,
3302,11/11/2021,10,10.0257,10.1198,10.0084,
3301,11/10/2021,10,10.0238,10.1198,10.0055,
3300,11/9/2021,10,10.0219,10.1198,10.0028,
3299,11/8/2021,9.94,10.0274,10.119,10.0004,
3298,11/5/2021,10,10.0277,10.1205,9.9916,
3297,11/4/2021,10,10.0277,10.1149,9.9887,
3296,11/3/2021,10,10.0259,10.1096,9.9859,
3295,11/2/2021,10,10.024,10.1042,9.9831,
3294,11/1/2021,10,10.0274,10.1026,9.9803,
3293,10/29/2021,10,10.0262,10.0827,9.9715,
3292,10/28/2021,10,10.0262,10.0772,9.9629,
3291,10/27/2021,9.83,10.0319,10.0737,9.9553,
3290,10/26/2021,9.79,10.0376,10.0705,9.9479,
3289,10/25/2021,10,10.0362,10.0686,9.9449,
3288,10/22/2021,10,10.039,10.0486,9.9135,
3287,10/21/2021,10,10.039,10.043,9.9049,
3286,10/20/2021,10,10.039,10.0378,9.8963,
3285,10/19/2021,10,10.0376,10.0327,9.8877,
3284,10/18/2021,10,10.0362,10.0303,9.8843,
3283,10/15/2021,10,10.039,10.0104,9.8534,
3282,10/13/2021,10,10.0394,9.9993,9.8364,
3281,10/12/2021,10,10.038,9.9937,9.8282,
3280,10/11/2021,10,10.0366,9.9909,9.8245,
3279,10/8/2021,10,10.0394,9.9714,9.7951,
3278,10/7/2021,10,10.0394,9.9659,9.7869,
3277,10/6/2021,10,10.0394,9.9603,9.7787,
3276,10/5/2021,10,10.038,9.9547,9.7703,
3275,10/4/2021,10,10.0366,9.9515,9.7663,
3274,10/1/2021,10,10.0394,9.9325,9.736,
3273,9/30/2021,10,10.0408,9.9269,9.7229,
3272,9/29/2021,10.01,10.0391,9.9212,9.7143,
3271,9/28/2021,10,10.0377,9.9156,9.7101,
3270,9/27/2021,10,10.0402,9.912,9.7059,
3269,9/24/2021,10,10.0405,9.8934,9.6716,
3268,9/23/2021,10,10.0405,9.8879,9.6631,
3267,9/22/2021,10,10.0391,9.8826,9.6545,
3266,9/21/2021,10,10.0377,9.877,9.65,
3265,9/20/2021,10,10.0402,9.873,9.6454,
3264,9/17/2021,10,10.0405,9.8547,9.609,
3263,9/16/2021,10,10.0405,9.8492,9.5976,
3262,9/15/2021,10,10.0391,9.8436,9.5862,
3261,9/14/2021,10,10.0377,9.838,9.5813,
3260,9/13/2021,10.01,10.0399,9.8335,9.5763,
3259,9/10/2021,10,10.0401,9.8161,9.5292,
3258,9/9/2021,10,10.0401,9.8109,9.5178,
3257,9/8/2021,10,10.0387,9.8054,9.5125,
3256,9/7/2021,10,10.0373,9.7999,9.5073,
3255,9/6/2021,10,10.0399,9.795,9.5019,
3254,9/3/2021,10,10.0086,9.7776,9.4553,
3253,9/2/2021,10,9.9927,9.772,9.4381,
3252,9/1/2021,10,9.9897,9.7665,9.4267,
3251,8/31/2021,10,9.9866,9.7609,9.421,
3250,8/30/2021,10,9.9456,9.7556,9.4152,
3249,8/27/2021,10,9.898,9.7386,9.3977,
3248,8/26/2021,10,9.8821,9.7331,9.3747,
3246,8/25/2021,10,9.8755,9.7275,9.3632,
3245,8/24/2021,10,9.8685,9.722,9.3516,
3244,8/23/2021,10,9.8341,9.7163,9.34,
3243,8/20/2021,10,9.7865,9.7002,9.3159,
3242,8/19/2021,10,9.7716,9.6947,9.2938,
3241,8/18/2021,10,9.7613,9.6892,9.2823,
3240,8/17/2021,10,9.7504,9.6838,9.2707,
3239,8/16/2021,10,9.7225,9.6777,9.2592,
3238,8/13/2021,10,9.674,9.6619,9.2342,
3237,8/12/2021,10,9.6578,9.6556,9.213,
3236,8/11/2021,10,9.6437,9.6508,9.2014,
3235,8/10/2021,10,9.6288,9.6452,9.1899,
3234,8/9/2021,10,9.6088,9.6387,9.1783,
3233,8/6/2021,10,9.5603,9.6229,9.1525,
3232,8/5/2021,10,9.544,9.6174,9.1321,
3231,8/4/2021,9.5,9.543,9.6174,9.1235,
3230,8/3/2021,9.53,9.541,9.6158,9.1147,
3229,8/2/2021,9.51,9.5425,9.6145,9.1059,
3228,7/30/2021,9.52,9.5396,9.6102,9.0877,
3227,7/29/2021,9.51,9.5393,9.6147,9.0709,
3226,7/28/2021,9.51,9.539,9.6034,9.0622,
3225,7/27/2021,9.51,9.5375,9.592,9.0535,
3224,7/26/2021,9.51,9.536,9.5806,9.0448,
3223,7/23/2021,9.51,9.5376,9.5466,9.0261,
3222,7/22/2021,9.5,9.5383,9.5353,9.01,
3221,7/21/2021,9.5,9.5383,9.5241,9.0013,
3219,7/20/2021,9.53,9.5361,9.5125,8.9925,
3218,7/19/2021,9.54,9.5335,9.5008,8.9871,
3217,7/16/2021,9.5,9.536,9.4671,8.9644,
3216,7/15/2021,9.5,9.536,9.4562,8.9492,
3215,7/14/2021,9.5,9.536,9.445,8.9405,
3214,7/13/2021,9.5,9.5347,9.434,8.9319,
3213,7/12/2021,9.5,9.5335,9.4235,8.9232,
3212,7/9/2021,9.5,9.5383,9.4135,8.9034,
3211,7/8/2021,9.5,9.5386,9.3811,8.8886,
3210,7/7/2021,9.5,9.5386,9.3707,8.8829,
3209,7/6/2021,9.5,9.5375,9.3601,8.8713,
3208,7/5/2021,9.5,9.5363,9.3492,8.8627,
3207,7/2/2021,9.5,9.5386,9.3155,8.8422,
3205,7/1/2021,9.5,9.5386,9.3044,8.8362,
3206,6/30/2021,9.5,9.5386,9.2866,8.8168,
3204,6/29/2021,9.5,9.5375,9.2755,8.8082,
1648,6/28/2021,9.5,9.5396,9.2706,8.7996,
1134,6/25/2021,9.5,9.5397,9.2311,8.7738,
1133,6/24/2021,9.5,9.54,9.2199,8.7652,
1132,6/23/2021,9.51,9.5386,9.2087,8.7566,
1131,6/22/2021,9.52,9.5367,9.1974,8.7479,
1130,6/21/2021,9.5,9.5398,9.1916,8.7393,
1129,6/18/2021,9.5,9.5407,9.1529,8.7135,
1128,6/17/2021,9.5,9.5413,9.1362,8.7049,
1127,6/16/2021,9.5,9.5402,9.1196,8.6963,
1126,6/15/2021,9.5,9.5391,9.1029,8.6877,
1135,6/14/2021,9.5,9.5421,9.0961,8.6791,
1125,6/11/2021,9.5,9.5422,9.0362,8.6533,
1123,6/10/2021,9.54,9.5409,9.0191,8.6445,
1122,6/9/2021,9.53,9.5388,9.0021,8.6358,
1121,6/8/2021,9.51,9.5373,8.9942,8.6271,
1120,6/7/2021,9.5,9.5394,8.9862,8.6185,
1119,6/4/2021,9.5,9.5396,8.9186,8.5934,
1118,6/3/2021,9.5,9.5385,8.9099,8.585,
1117,6/2/2021,9.5,9.5373,8.8852,8.5766,
1116,6/1/2021,9.5,9.5362,8.8686,8.5682,
1115,5/31/2021,9.5,9.535,8.8593,8.5608,
1124,5/28/2021,9.5,9.5043,8.8306,8.5375,
1136,5/27/2021,9.5,9.4707,8.8206,8.5267,
1137,5/25/2021,9.5,9.4326,8.7715,8.5106,
1138,5/24/2021,9.51,9.4274,8.7542,8.5012,
1159,5/21/2021,9.51,9.268,8.7084,8.4776,
1158,5/20/2021,9.51,9.2341,8.6969,8.4669,
1157,5/19/2021,9.51,9.2002,8.6676,8.4583,
1156,5/18/2021,9.5,9.1875,8.6504,8.4498,
1155,5/17/2021,9.52,9.1732,8.633,8.4412,
1154,5/14/2021,9.51,9.032,8.5858,8.4162,
1153,5/13/2021,9.5,8.9991,8.5731,8.4066,
1152,5/11/2021,9.5,8.947,8.5295,8.3898,
1151,5/10/2021,9.5,8.9249,8.5123,8.3814,
1150,5/7/2021,9.5,8.8101,8.4641,8.3561,
1149,5/6/2021,9.5,8.7785,8.45,8.3472,
1148,5/5/2021,9.5,8.746,8.4263,8.3389,
1147,5/4/2021,9.5,8.7177,8.4091,8.3307,
1146,4/29/2021,9.5,8.546,8.3216,8.2903,
1145,4/28/2021,8.5,8.5455,8.3159,8.2879,
1144,4/27/2021,8.5,8.5451,8.3102,8.2854,
1143,4/26/2021,8.5,8.5458,8.3046,8.2828,
1142,4/23/2021,8.5,8.546,8.2905,8.2747,
1141,4/22/2021,8.5,8.546,8.2819,8.2719,
1140,4/21/2021,8.5,8.5455,8.2762,8.2691,
1139,4/20/2021,8.5,8.5451,8.2706,8.2663,
1114,4/19/2021,8.5,8.5458,8.2661,8.2634,
1113,4/16/2021,8.5,8.5135,8.2499,8.2549,
1112,4/15/2021,8.53,8.4963,8.2422,8.2518,
1088,4/14/2021,8.51,8.4939,8.2364,8.2485,
1086,4/13/2021,8.52,8.491,8.2305,8.2459,
1085,4/12/2021,8.56,8.4445,8.2242,8.2427,
1084,4/8/2021,8.56,8.3827,8.1989,8.23,
1083,4/7/2021,8.57,8.3743,8.1928,8.2267,
1082,4/6/2021,8.56,8.3657,8.1861,8.2235,
1081,4/5/2021,8.53,8.3179,8.18,8.2205,
1080,4/2/2021,8.5,8.2693,8.1632,8.2121,
1079,4/1/2021,8.51,8.2527,8.1573,8.2093,
1078,3/31/2021,8.5,8.2426,8.1516,8.2058,
1087,3/30/2021,8.5,8.2318,8.1459,8.2032,
1077,3/29/2021,8.5,8.2203,8.1402,8.2004,
1075,3/26/2021,8.5,8.1664,8.1225,8.1905,
1074,3/25/2021,8.5,8.1484,8.1176,8.1894,
1073,3/24/2021,8.5,8.1305,8.1119,8.1867,
1072,3/23/2021,8.5,8.1125,8.1062,8.1839,
1071,3/22/2021,8.5,8.0945,8.1006,8.181,
1070,3/19/2021,8.5,8.0407,8.082,8.1708,
1069,3/18/2021,8.5,8.0227,8.0779,8.1695,
1068,3/17/2021,8,8.0227,8.0779,8.1695,
1067,3/16/2021,8,8.0227,8.0779,8.1695,
1076,3/15/2021,8,8.0227,8.0779,8.1695,
1089,3/12/2021,8,8.0227,8.0762,8.1679,
1100,3/11/2021,8,8.0227,8.0779,8.1698,
1090,3/10/2021,8,8.0227,8.0779,8.1698,
1110,3/9/2021,8,8.0227,8.078,8.1699,
1109,3/5/2021,8,8.0229,8.0764,8.1683,
1108,3/4/2021,8,8.0229,8.0794,8.1702,
1107,3/2/2021,8,8.023,8.08,8.1702,
1106,3/1/2021,8,8.023,8.0805,8.1703,
1105,2/26/2021,8,8.0257,8.0834,8.173,
1104,2/25/2021,8,8.0257,8.0837,8.173,
1103,2/24/2021,8,8.0248,8.0839,8.173,
1102,2/23/2021,8,8.0239,8.083,8.1722,
1111,2/22/2021,8,8.0255,8.0822,8.1713,
1101,2/19/2021,8,8.0248,8.0849,8.173,
1099,2/18/2021,8,8.0256,8.0852,8.173,
1098,2/17/2021,8,8.0247,8.0855,8.173,
1097,2/16/2021,8,8.0238,8.0857,8.1722,
1096,2/15/2021,8,8.0264,8.0849,8.1713,
1095,2/12/2021,8,8.0266,8.0862,8.173,
1094,2/11/2021,8,8.0266,8.0865,8.173,
1093,2/10/2021,8,8.0257,8.0869,8.173,
1092,2/9/2021,8,8.0248,8.0875,8.1722,
1091,2/8/2021,8,8.0264,8.0867,8.1713,
1160,2/5/2021,8,8.0265,8.0883,8.1744,
1161,2/4/2021,8,8.0265,8.089,8.1758,
1162,2/3/2021,8,8.0257,8.0898,8.1773,
1163,2/2/2021,8,8.0248,8.0906,8.1764,
1232,2/1/2021,8,8.0239,8.0898,8.1756,
1231,1/29/2021,8,8.0264,8.0936,8.1846,
1230,1/28/2021,8,8.0264,8.0945,8.1861,
1229,1/27/2021,8,8.0255,8.0952,8.1876,
1228,1/26/2021,8,8.0246,8.0957,8.1868,
1227,1/25/2021,8,8.0262,8.095,8.1861,
1226,1/22/2021,8,8.0264,8.0968,8.1947,
1225,1/21/2021,8,8.0264,8.0968,8.1961,
1224,1/20/2021,8,8.0255,8.097,8.1975,
1233,1/18/2021,8,8.0262,8.0963,8.1961,
1223,1/15/2021,8.01,8.0254,8.0967,8.2044,
1221,1/14/2021,8,8.0254,8.096,8.2059,
1220,1/13/2021,8,8.0245,8.0967,8.2071,
1219,1/12/2021,8,8.0236,8.0967,8.2065,
1218,1/11/2021,8,8.0253,8.096,8.2058,
1217,1/8/2021,8,8.0258,8.0967,8.2149,
1216,1/6/2021,8,8.0249,8.0967,8.218,
1215,1/5/2021,8,8.024,8.0967,8.2174,
1214,1/4/2021,8,8.0296,8.096,8.2168,
1213,12/31/2020,8,8.0321,8.0967,8.2248,
1222,12/30/2020,8,8.0338,8.0973,8.2263,
1234,12/29/2020,8,8.0332,8.0974,8.2278,
1235,12/28/2020,8,8.0327,8.0976,8.2272,
1236,12/25/2020,8,8.0365,8.0983,8.2346,
1257,12/24/2020,8,8.0372,8.0986,8.2374,
1256,12/23/2020,8,8.0367,8.0989,8.2403,
1255,12/22/2020,8,8.0363,8.0989,8.2431,
1254,12/21/2020,8,8.0358,8.0989,8.2427,
1253,12/18/2020,8,8.041,8.0989,8.2545,
1252,12/17/2020,8,8.042,8.0989,8.2573,
1251,12/16/2020,8,8.0427,8.0989,8.2601,
1250,12/15/2020,8,8.0424,8.0989,8.2629,
1249,12/14/2020,8,8.0422,8.099,8.2625,
1248,12/11/2020,8,8.0451,8.0993,8.2734,
1247,12/10/2020,8,8.0464,8.0994,8.2762,
1246,12/9/2020,8.01,8.0477,8.0994,8.2786,
1245,12/8/2020,8,8.0476,8.0994,8.2814,
1244,12/7/2020,8,8.0476,8.0995,8.2812,
1243,12/4/2020,8.04,8.0484,8.0985,8.2921,
1242,12/3/2020,8.02,8.0501,8.0983,8.2948,
1241,12/2/2020,8.03,8.0514,8.0981,8.2975,
1240,12/1/2020,8.04,8.0501,8.0978,8.3001,
1239,11/30/2020,8.05,8.0552,8.0976,8.2997,
1238,11/27/2020,8.01,8.0612,8.0979,8.3142,
1237,11/26/2020,8.03,8.0615,8.0976,8.3139,
1212,11/25/2020,8.02,8.0612,8.0974,8.3194,
1258,11/24/2020,8.02,8.0608,8.0972,8.3192,
1211,11/20/2020,8.02,8.0617,8.0963,8.3336,
1209,11/19/2020,8.02,8.0611,8.0961,8.3364,
1183,11/18/2020,8.02,8.0607,8.0959,8.3394,
1182,11/17/2020,8.03,8.0599,8.0955,8.3392,
1181,11/16/2020,8.02,8.0586,8.0946,8.3392,
1180,11/13/2020,8,8.0587,8.0953,8.3541,
1179,11/12/2020,8.04,8.0574,8.0949,8.354,
1178,11/11/2020,8.03,8.0566,8.0946,8.3596,
1177,11/10/2020,8.04,8.0554,8.0941,8.3595,
1176,11/9/2020,8.05,8.0534,8.0928,8.3594,
1175,11/6/2020,8,8.0535,8.0936,8.3738,
1184,11/5/2020,8.07,8.0513,8.0955,8.3764,
1174,11/4/2020,8.07,8.0489,8.0974,8.379,
1172,11/3/2020,8.07,8.0464,8.0995,8.3788,
1171,11/2/2020,8.07,8.0452,8.0981,8.3786,
1170,10/30/2020,8.07,8.0408,8.108,8.391,
1169,10/29/2020,8.06,8.0391,8.1102,8.3956,
1168,10/28/2020,8.08,8.0371,8.1122,8.4013,
1167,10/27/2020,8.07,8.0342,8.1144,8.407,
1166,10/26/2020,8.04,8.0322,8.1134,8.4072,
1165,10/23/2020,8.03,8.0341,8.124,8.4312,
1164,10/22/2020,8.01,8.0338,8.1267,8.437,
1173,10/21/2020,8,8.0338,8.1295,8.4435,
1185,10/20/2020,8.02,8.0325,8.132,8.444,
1186,10/19/2020,8,8.0319,8.1317,8.4446,
1187,10/16/2020,8,8.0331,8.1431,8.4763,
1208,10/15/2020,8,8.0331,8.1459,8.4823,
1207,10/13/2020,8,8.0329,8.1512,8.4941,
1206,10/12/2020,8,8.0323,8.1511,8.495,
1205,10/9/2020,8,8.0352,8.1635,8.5128,
1204,10/8/2020,8,8.0352,8.1665,8.5243,
1203,10/7/2020,8,8.0355,8.1694,8.5304,
1202,10/6/2020,8,8.035,8.1725,8.5366,
1201,10/5/2020,8,8.0345,8.1726,8.5377,
1200,10/2/2020,8.01,8.0358,8.1838,8.5605,
1199,10/1/2020,8.03,8.0355,8.1863,8.5668,
1198,9/30/2020,8.05,8.0348,8.1886,8.578,
1197,9/29/2020,8.01,8.0339,8.1914,8.5792,
1196,9/28/2020,8.02,8.0327,8.1915,8.5804,
1195,9/25/2020,8.02,8.0323,8.2038,8.6085,
1194,9/24/2020,8.03,8.0313,8.209,8.6144,
1193,9/23/2020,8.02,8.03,8.2143,8.6204,
1192,9/22/2020,8,8.0292,8.2199,8.6219,
1191,9/21/2020,8,8.0305,8.2205,8.6234,
1190,9/18/2020,8,8.0307,8.2419,8.6511,
1189,9/17/2020,8,8.0307,8.2475,8.6571,
1188,9/16/2020,8,8.03,8.253,8.663,
1066,9/15/2020,8,8.0292,8.2584,8.6647,
1065,9/14/2020,8.01,8.0302,8.2593,8.6664,
1064,9/11/2020,8.01,8.0294,8.2784,8.6923,
967,9/10/2020,8.01,8.0291,8.2839,8.698,
940,9/9/2020,8.01,8.0279,8.2884,8.7038,
939,9/8/2020,8,8.0272,8.294,8.7057,
938,9/7/2020,8.01,8.0283,8.2953,8.7076,
937,9/4/2020,8.01,8.0434,8.3157,8.7326,
936,9/3/2020,8,8.0518,8.3212,8.7347,
935,9/2/2020,8.01,8.0514,8.3267,8.7444,
934,9/1/2020,8.02,8.0507,8.332,8.7465,
933,8/31/2020,8.03,8.075,8.3335,8.7485,
932,8/27/2020,8,8.1094,8.3598,8.7726,
941,8/26/2020,8,8.1113,8.3619,8.7786,
931,8/25/2020,8,8.1134,8.3707,8.7846,
929,8/24/2020,8,8.1336,8.3729,8.7904,
928,8/21/2020,8,8.1581,8.3935,8.8078,
927,8/20/2020,8,8.1663,8.3994,8.8136,
926,8/19/2020,8,8.17,8.4053,8.8193,
925,8/18/2020,8,8.1741,8.4113,8.8252,
924,8/17/2020,8,8.1904,8.4139,8.8311,
923,8/14/2020,8,8.2153,8.435,8.8486,
922,8/13/2020,8,8.2224,8.4407,8.8545,
921,8/12/2020,8,8.228,8.4437,8.8603,
930,8/11/2020,8,8.2341,8.4522,8.8663,
942,8/10/2020,8,8.2495,8.4553,8.8722,
943,8/7/2020,8,8.2757,8.475,8.8899,
944,8/6/2020,8,8.2848,8.481,8.8959,
965,8/5/2020,8.25,8.2841,8.4841,8.9004,
964,8/4/2020,8.24,8.2837,8.4872,8.905,
963,8/3/2020,8.26,8.2856,8.4878,8.9097,
962,7/31/2020,8.26,8.2847,8.4969,8.9232,
961,7/30/2020,8.26,8.2847,8.5034,8.9277,
960,7/29/2020,8.26,8.2847,8.5101,8.9322,
959,7/28/2020,8.26,8.2837,8.5195,8.9372,
958,7/27/2020,8.27,8.2823,8.5284,8.9416,
957,7/24/2020,8.25,8.2988,8.5567,8.9553,
956,7/23/2020,8.25,8.3072,8.5663,8.9599,
955,7/22/2020,8.25,8.3156,8.575,8.9644,
954,7/21/2020,8.25,8.316,8.5851,8.9691,
953,7/20/2020,8.25,8.3165,8.5869,8.9738,
952,7/17/2020,8.25,8.3572,8.5927,8.9882,
951,7/16/2020,8.25,8.3656,8.6359,8.9928,
950,7/15/2020,8.25,8.3733,8.6448,8.9975,
949,7/14/2020,8.26,8.3753,8.6536,9.0021,
948,7/13/2020,8.22,8.379,8.6628,9.0072,
947,7/10/2020,8.28,8.4079,8.6884,9.0209,
946,7/9/2020,8.27,8.4129,8.691,9.0255,
945,7/8/2020,8.27,8.4206,8.7067,9.0305,
920,7/7/2020,8.26,8.4242,8.7159,9.0327,
919,7/6/2020,8.28,8.4275,8.7249,9.0405,
918,7/3/2020,8.26,8.4602,8.7518,9.0555,
894,7/2/2020,8.27,8.4679,8.7606,9.0578,
892,7/1/2020,8.25,8.4763,8.7706,9.0711,
891,6/30/2020,8.26,8.4818,8.7861,9.0734,
890,6/29/2020,8.26,8.5148,8.7899,9.0759,
889,6/26/2020,8.26,8.5176,8.8231,9.0925,
888,6/25/2020,8.42,8.5208,8.8305,9.0962,
887,6/24/2020,8.5,8.5195,8.837,9.0997,
886,6/23/2020,8.5,8.5182,8.8433,9.1031,
885,6/22/2020,8.5,8.5216,8.845,9.1043,
884,6/19/2020,8.5,8.5247,8.8697,9.1179,
893,6/18/2020,8.49,8.5263,8.876,9.1211,
883,6/17/2020,8.5,8.5252,8.8821,9.1242,
881,6/16/2020,8.5,8.5241,8.8881,9.1274,
880,6/15/2020,8.48,8.5307,8.8905,9.1289,
879,6/12/2020,8.46,8.5349,8.914,9.1409,
878,6/11/2020,8.47,8.538,8.9201,9.1418,
877,6/10/2020,8.5,8.5372,8.9258,9.1422,
876,6/9/2020,8.42,8.5393,8.9325,9.1429,
875,6/8/2020,8.5,8.5423,8.9352,9.1443,
874,6/5/2020,8.5,8.5448,8.9561,9.144,
873,6/4/2020,8.5,8.5454,8.9616,9.1444,
882,6/3/2020,8.5,8.5449,8.9646,9.1448,
895,6/2/2020,8.5,8.5445,8.9738,9.1451,
906,6/1/2020,8.5,8.5482,8.9769,9.1465,
896,5/29/2020,8.51,8.5705,8.9866,9.1468,
916,5/28/2020,8.5,8.5903,8.9985,9.1471,
915,5/27/2020,8.5,8.6094,9.0048,9.1473,
914,5/25/2020,8.49,8.6139,9.0175,9.1478,
913,5/22/2020,8.51,8.7064,9.0307,9.1488,
912,5/21/2020,8.53,8.7272,9.04,9.1491,
911,5/20/2020,8.53,8.732,9.0455,9.1494,
910,5/19/2020,8.53,8.7372,9.0509,9.1495,
909,5/18/2020,8.54,8.7424,9.0563,9.1495,
908,5/15/2020,8.54,8.8482,9.0696,9.1449,
917,5/14/2020,8.52,8.8656,9.0785,9.149,
907,5/13/2020,8.51,8.8834,9.0843,9.149,
905,5/11/2020,8.52,8.9052,9.0958,9.1487,
904,5/8/2020,8.52,8.974,9.1106,9.1484,
903,5/7/2020,8.5,8.9935,9.1191,9.1484,
902,5/6/2020,8.54,9.0116,9.1249,9.1482,
901,5/5/2020,8.53,9.0261,9.1307,9.1481,
900,5/4/2020,8.52,9.0421,9.1366,9.1479,
899,5/1/2020,8.53,9.1032,9.1526,9.1476,
898,4/30/2020,8.84,9.1151,9.1578,9.1431,
897,4/29/2020,8.86,9.1214,9.1599,9.1399,
966,4/28/2020,9.09,9.1202,9.1603,9.1353,
968,4/27/2020,9.07,9.123,9.1599,9.1334,
1063,4/24/2020,9.09,9.1232,9.1586,9.1188,
969,4/23/2020,9.11,9.1219,9.1579,9.1098,
1037,4/22/2020,9.02,9.1231,9.158,9.1014,
1036,4/21/2020,9.15,9.1198,9.1571,9.0921,
1035,4/16/2020,9.16,9.1078,9.1526,9.0461,
1034,4/15/2020,9.04,9.1078,9.1528,9.0374,
1033,4/14/2020,9.04,9.1079,9.1532,9.0351,
1032,4/13/2020,9.04,9.1086,9.1538,9.0328,
1031,4/10/2020,9.04,9.1075,9.1552,8.9934,
1030,4/8/2020,9.09,9.1035,9.1555,8.9752,
1029,4/7/2020,9.08,9.1021,9.1541,8.9662,
1038,4/6/2020,9.08,9.0999,9.1569,8.9634,
1028,4/3/2020,9.06,9.0961,9.1592,8.9365,
1026,4/2/2020,9.05,9.0968,9.1582,8.9218,
1025,4/1/2020,9.14,9.093,9.1561,8.9125,
1024,3/31/2020,9.11,9.0902,9.1612,8.9092,
1023,3/30/2020,9.13,9.0865,9.1611,8.8998,
1022,3/27/2020,9.09,9.0832,9.1611,8.8727,
1021,3/26/2020,9.1,9.0815,9.1611,8.8635,
1020,3/25/2020,9.09,9.0801,9.1609,8.8516,
1019,3/24/2020,9.08,9.0777,9.1612,8.8396,
1018,3/23/2020,9.07,9.0757,9.1616,8.8278,
1027,3/20/2020,9.11,9.0655,9.1636,8.7918,
1039,3/19/2020,9.05,9.0638,9.1639,8.7801,
1040,3/18/2020,9.05,9.0628,9.164,8.7684,
1041,3/17/2020,9.05,9.0621,9.1639,8.7568,
1062,3/16/2020,9.04,9.0606,9.1641,8.7452,
1061,3/13/2020,9.05,9.0583,9.1648,8.71,
1060,3/12/2020,9.04,9.0572,9.1644,8.6983,
1059,3/11/2020,9.02,9.0579,9.16,8.6867,
1058,3/10/2020,9.02,9.0583,9.1504,8.6676,
1057,3/9/2020,9.02,9.0574,9.1496,8.6635,
1056,3/6/2020,9.03,9.0593,9.1334,8.6287,
1055,3/5/2020,9.03,9.0596,9.128,8.617,
1054,3/4/2020,9,9.061,9.1231,8.6029,
1053,3/2/2020,9.05,9.0603,9.1121,8.5738,
1052,2/28/2020,9.05,9.0669,9.0907,8.5204,
1051,2/27/2020,9.05,9.0666,9.085,8.4965,
1050,2/26/2020,9.05,9.0649,9.0791,8.482,
1049,2/25/2020,9.05,9.0632,9.0735,8.4768,
1048,2/24/2020,9.01,9.0677,9.072,8.4718,
1047,2/21/2020,9.01,9.0718,9.0541,8.4107,
1046,2/20/2020,9.02,9.0731,9.0492,8.3965,
1045,2/19/2020,9,9.0733,9.0442,8.3823,
1044,2/18/2020,9.02,9.0729,9.0388,8.3767,
1043,2/17/2020,9.03,9.08,9.0366,8.3711,
1042,2/14/2020,9.02,9.0842,9.0162,8.3109,
1017,2/13/2020,9.02,9.0868,9.0104,8.2967,
1016,2/12/2020,9.01,9.0871,9.0048,8.2824,
1015,2/11/2020,9.04,9.0865,8.9988,8.2763,
991,2/10/2020,9.03,9.0917,8.9962,8.2701,
989,2/7/2020,9.03,9.0968,8.9752,8.2108,
988,2/6/2020,9.05,9.1033,8.9691,8.1964,
987,2/5/2020,9.04,9.1031,8.9632,8.1815,
986,2/4/2020,9.04,9.103,8.9572,8.1748,
985,2/3/2020,9.08,9.1105,8.9536,8.1678,
984,1/31/2020,9.04,9.1222,8.9331,8.1087,
983,1/30/2020,9.05,9.1245,8.9248,8.0942,
982,1/29/2020,9.05,9.1247,8.9165,8.0798,
981,1/28/2020,9.12,9.1226,8.9072,8.0721,
990,1/27/2020,9.04,9.1262,8.9035,8.0648,
980,1/24/2020,9.05,9.1307,8.8767,8.0074,
978,1/23/2020,9.05,9.1326,8.86,7.993,
977,1/22/2020,9.03,9.1338,8.8434,7.9787,
976,1/21/2020,9.07,9.1337,8.8263,7.9708,
975,1/20/2020,9.06,9.1438,8.8216,7.9628,
974,1/17/2020,9.09,9.1407,8.7584,7.9058,
973,1/16/2020,9.05,9.1411,8.7413,7.8914,
972,1/15/2020,9.06,9.1415,8.7241,7.8769,
971,1/14/2020,9.07,9.1417,8.7181,7.8685,
970,1/13/2020,9.1,9.1402,8.7117,7.8597,
979,1/10/2020,9.08,9.1066,8.6362,7.804,
992,1/9/2020,9.06,9.09,8.6189,7.7896,
1003,1/8/2020,9.15,9.0858,8.6006,7.7746,
993,1/6/2020,9.14,9.0321,8.5741,7.7557,
1013,1/3/2020,9.13,8.9767,8.51,7.7003,
1012,12/31/2019,9.16,8.9386,8.4639,7.6603,
1011,12/30/2019,9.12,8.9298,8.4457,7.6503,
1010,12/27/2019,9.09,8.8515,8.3926,7.6016,
1009,12/26/2019,9.1,8.832,8.3748,7.5866,
1008,12/25/2019,9.08,8.8142,8.3514,7.5718,
1007,12/24/2019,9.1,8.8021,8.3279,7.5569,
1006,12/23/2019,9.11,8.789,8.3042,7.5465,
1005,12/20/2019,9.17,8.7186,8.2319,7.496,
1014,12/19/2019,9.07,8.7011,8.2087,7.4814,
1004,12/18/2019,9.06,8.6833,8.1858,7.467,
1002,12/17/2019,9.04,8.6689,8.1632,7.4526,
1001,12/16/2019,9.06,8.6528,8.1403,7.4419,
1000,12/13/2019,9.07,8.5911,8.0708,7.3944,
999,12/12/2019,9.01,8.5739,8.0482,7.3802,
998,12/11/2019,8.63,8.5696,8.03,7.3681,
997,12/10/2019,8.56,8.5679,8.0125,7.3565,
996,12/9/2019,8.55,8.5665,7.9951,7.3482,
995,12/6/2019,8.55,8.5609,7.943,7.3101,
994,12/5/2019,8.55,8.5595,7.9257,7.2985,
1210,12/4/2019,8.56,8.5575,7.9029,7.2868,
1260,12/3/2019,8.57,8.5551,7.8798,7.2751,
1599,12/2/2019,8.55,8.5532,7.857,7.2664,
1261,11/29/2019,8.53,8.5391,7.7762,7.2236,
1523,11/28/2019,8.54,8.5306,7.766,7.2093,
1522,11/27/2019,8.54,8.5283,7.7309,7.1952,
1521,11/26/2019,8.52,8.5266,7.7086,7.1863,
1520,11/25/2019,8.55,8.5074,7.6975,7.1771,
1519,11/22/2019,8.57,8.44,7.6171,7.1296,
1518,11/21/2019,8.58,8.4059,7.5941,7.1178,
1517,11/20/2019,8.58,8.3981,7.571,7.1061,
1516,11/19/2019,8.55,8.3909,7.5483,7.0966,
1515,11/18/2019,8.53,8.3089,7.5358,7.0871,
1524,11/15/2019,8.52,8.2114,7.4588,7.0485,
1514,11/14/2019,8.5,8.1998,7.4366,7.0368,
1512,11/13/2019,8.5,8.1876,7.4145,7.0252,
1511,11/12/2019,8.5,8.1745,7.3923,7.0155,
1510,11/11/2019,8.5,8.0812,7.3785,7.0058,
1509,11/8/2019,8.5,7.984,7.3038,6.9661,
1508,11/7/2019,8.5,7.9515,7.2817,6.9549,
1507,11/6/2019,8.5,7.9314,7.2596,6.9436,
1506,11/5/2019,8.51,7.9096,7.2363,6.9334,
1505,11/4/2019,8.5,7.8536,7.2208,6.9232,
1504,11/1/2019,8.51,7.7567,7.146,6.8871,
1513,10/31/2019,8.5,7.7302,7.1238,6.8767,
1525,10/30/2019,8.3,7.7033,7.1039,6.8665,
1526,10/29/2019,8.31,7.6807,7.0839,6.857,
1527,10/28/2019,8.28,7.6575,7.0691,6.8476,
1548,10/25/2019,8.3,7.5541,7.0045,6.8157,
1547,10/24/2019,8.54,7.5025,6.9819,6.8042,
1546,10/23/2019,7.55,7.4841,6.9703,6.7982,
1545,10/22/2019,7.54,7.4806,6.9588,6.7924,
1544,10/21/2019,7.53,7.4773,6.9511,6.7869,
1543,10/18/2019,7.56,7.3946,6.9123,6.7686,
1542,10/17/2019,7.53,7.3775,6.9009,6.7628,
1541,10/16/2019,7.51,7.361,6.8897,6.7571,
1540,10/15/2019,7.51,7.3544,6.8786,6.7514,
1539,10/11/2019,7.5,7.277,6.8344,6.7288,
1538,10/10/2019,7.5,7.2603,6.8234,6.7232,
1537,10/9/2019,7.5,7.2435,6.8123,6.7175,
1536,10/8/2019,7.5,7.2332,6.8012,6.7119,
1535,10/7/2019,7.5,7.2222,6.7922,6.7061,
1534,10/4/2019,7.5,7.144,6.757,6.6887,
1533,10/3/2019,7.51,7.1104,6.7459,6.6808,
1532,10/2/2019,7.52,7.0766,6.7346,6.6736,
1531,10/1/2019,7.51,7.0602,6.7235,6.6657,
1530,9/30/2019,7.5,6.9939,6.7135,6.6598,
1529,9/27/2019,7.51,6.8957,6.6794,6.6374,
1528,9/26/2019,7.51,6.8629,6.6679,6.6314,
1503,9/25/2019,7,6.8571,6.6619,6.6277,
1502,9/24/2019,7,6.8508,6.6561,6.6244,
1501,9/23/2019,7,6.8142,6.651,6.621,
1477,9/20/2019,7.02,6.7637,6.632,6.6133,
1475,9/19/2019,7,6.7475,6.6264,6.6105,
1474,9/18/2019,7.02,6.7371,6.6208,6.6076,
1473,9/17/2019,7.02,6.726,6.6151,6.604,
1472,9/16/2019,7.02,6.6968,6.6093,6.6005,
1471,9/13/2019,7,6.6482,6.5928,6.5942,
1470,9/12/2019,7,6.632,6.5872,6.5928,
1469,9/11/2019,7,6.6185,6.5817,6.5914,
1468,9/10/2019,7,6.6041,6.5763,6.5879,
1467,9/9/2019,7,6.5833,6.5704,6.5927,
1476,9/6/2019,7,6.5347,6.5542,6.5844,
1466,9/5/2019,7,6.5156,6.5487,6.5829,
1464,9/4/2019,6.53,6.514,6.5484,6.5841,
1463,9/3/2019,6.51,6.5129,6.5482,6.5834,
1462,9/2/2019,6.51,6.5139,6.5475,6.5826,
1461,8/30/2019,6.5,6.5094,6.5481,6.5868,
1460,8/29/2019,6.5,6.5094,6.5428,6.5862,
1459,8/27/2019,6.5,6.5078,6.5321,6.589,
1458,8/26/2019,6.5,6.5094,6.5313,6.5904,
1457,8/23/2019,6.5,6.5095,6.5169,6.5906,
1456,8/22/2019,6.5,6.5095,6.5169,6.5912,
1465,8/21/2019,6.5,6.5086,6.5169,6.5912,
1478,8/20/2019,6.5,6.5078,6.5169,6.5915,
1489,8/19/2019,6.5,6.5094,6.5159,6.5905,
1479,8/16/2019,6.5,6.5095,6.5169,6.59,
1499,8/15/2019,6.5,6.5095,6.5158,6.5943,
1498,8/14/2019,6.5,6.5086,6.5149,6.5953,
1497,8/13/2019,6.5,6.5078,6.5142,6.5959,
1496,8/12/2019,6.5,6.5094,6.5132,6.5972,
1495,8/9/2019,6.5,6.5095,6.5075,6.5974,
1494,8/8/2019,6.5,6.5095,6.5086,6.6027,
1493,8/7/2019,6.5,6.5086,6.5086,6.6042,
1492,8/6/2019,6.5,6.5078,6.5086,6.6049,
1491,8/5/2019,6.41,6.5123,6.5085,6.6062,
1500,8/2/2019,6.5,6.5124,6.51,6.6056,
1490,8/1/2019,6.36,6.5169,6.511,6.6098,
1488,7/31/2019,6.5,6.5163,6.51,6.6109,
1487,7/30/2019,6.5,6.5158,6.51,6.612,
1486,7/29/2019,6.5,6.5152,6.5089,6.6149,
1485,7/26/2019,6.5,6.5167,6.5058,6.6167,
1484,7/25/2019,6.5,6.5153,6.5099,6.6265,
1483,7/24/2019,6.5,6.5143,6.5099,6.6294,
1482,7/23/2019,6.5,6.5137,6.5099,6.6326,
1481,7/22/2019,6.5,6.513,6.5099,6.6358,
1480,7/19/2019,6.5,6.5103,6.5099,6.6382,
1549,7/18/2019,6.5,6.5107,6.5099,6.6486,
1550,7/17/2019,6.5,6.5107,6.5099,6.6517,
1551,7/16/2019,6.5,6.5099,6.5099,6.655,
1552,7/15/2019,6.5,6.5091,6.5099,6.6581,
1621,7/12/2019,6.5,6.5107,6.5099,6.6607,
1620,7/11/2019,6.5,6.5107,6.5099,6.6706,
1619,7/10/2019,6.5,6.511,6.5099,6.6738,
1618,7/9/2019,6.5,6.5102,6.5088,6.6766,
1617,7/8/2019,6.5,6.5094,6.5099,6.6795,
1616,7/5/2019,6.5,6.511,6.5092,6.6789,
1615,7/4/2019,6.5,6.511,6.5087,6.6909,
1614,7/3/2019,6.5,6.511,6.5044,6.6937,
1613,7/2/2019,6.5,6.5102,6.5015,6.6936,
1622,7/1/2019,6.5,6.5094,6.4973,6.6935,
1612,6/28/2019,6.51,6.479,6.4881,6.7117,
1610,6/27/2019,6.51,6.4634,6.4863,6.7148,
1609,6/26/2019,6.47,6.4621,6.486,6.7178,
1608,6/25/2019,6.46,6.461,6.4845,6.7209,
1607,6/24/2019,6.47,6.4218,6.4835,6.724,
1606,6/21/2019,6.48,6.4239,6.4855,6.7344,
1605,6/20/2019,6.44,6.4258,6.4862,6.738,
1604,6/19/2019,6.5,6.4222,6.4862,6.7414,
1603,6/18/2019,6.51,6.418,6.4861,6.7447,
1602,6/17/2019,6.5,6.4254,6.4848,6.748,
1611,6/14/2019,6.5,6.4197,6.4867,6.7577,
1623,6/13/2019,6.5,6.4177,6.4878,6.761,
1624,6/12/2019,6.5,6.4138,6.4906,6.764,
1625,6/11/2019,6.5,6.4097,6.4934,6.7672,
1646,6/10/2019,6.51,6.4008,6.492,6.7705,
1645,6/7/2019,6.5,6.4008,6.5043,6.7802,
1644,6/6/2019,6.5,6.4008,6.507,6.7835,
1643,6/5/2019,6.5,6.3964,6.5097,6.7868,
1642,6/4/2019,6.5,6.3917,6.5124,6.79,
1641,6/3/2019,6.5,6.4017,6.5114,6.7933,
1640,5/31/2019,6.5,6.396,6.5198,6.7946,
1639,5/30/2019,6.5,6.3913,6.5188,6.8035,
1638,5/29/2019,6.02,6.4035,6.5234,6.8095,
1637,5/28/2019,6,6.4215,6.5319,6.8129,
1636,5/27/2019,6.03,6.4349,6.5401,6.8214,
1635,5/24/2019,6.04,6.4906,6.5612,6.8339,
1634,5/23/2019,6.5,6.4906,6.5607,6.8345,
1633,5/22/2019,6.5,6.4906,6.5602,6.8444,
1632,5/21/2019,6.5,6.4891,6.5603,6.8479,
1631,5/20/2019,6.5,6.4876,6.5609,6.8513,
1630,5/17/2019,6.5,6.4906,6.5601,6.8562,
1629,5/16/2019,6.5,6.4906,6.5596,6.8648,
1628,5/15/2019,6.4,6.4939,6.5675,6.8682,
1627,5/14/2019,6.42,6.4953,6.5706,6.8715,
1626,5/13/2019,6.44,6.4962,6.5724,6.8746,
1601,5/10/2019,6.33,6.5157,6.5834,6.8821,
1647,5/8/2019,6.5,6.5157,6.5918,6.8928,
1600,5/7/2019,6.5,6.5151,6.5949,6.896,
1598,5/6/2019,6.5,6.5145,6.5963,6.8992,
1572,5/3/2019,6.51,6.4983,6.5986,6.9043,
1571,5/2/2019,6.51,6.4892,6.5984,6.9122,
1570,5/1/2019,6.45,6.4781,6.6035,6.9157,
1569,4/30/2019,6.5,6.4763,6.6079,6.921,
1568,4/25/2019,6.5,6.4384,6.6367,6.9372,
1567,4/24/2019,6.5,6.4352,6.6424,6.9402,
1566,4/23/2019,6.5,6.4319,6.6487,6.9432,
1565,4/22/2019,6.5,6.4383,6.6551,6.9462,
1564,4/19/2019,6.5,6.4384,6.6627,6.9558,
1573,4/18/2019,6.5,6.4384,6.6804,6.9586,
1563,4/17/2019,6.5,6.4352,6.6866,6.9615,
1561,4/16/2019,6.5,6.4319,6.693,6.9643,
1560,4/15/2019,6.5,6.4403,6.6992,6.9672,
1559,4/12/2019,6.5,6.4517,6.7077,6.9757,
1558,4/11/2019,6.5,6.4598,6.724,6.9788,
1557,4/10/2019,6.5,6.4573,6.7303,6.9819,
1556,4/8/2019,6.5,6.452,6.7416,6.9888,
1555,4/5/2019,6.48,6.51,6.747,6.9993,
1554,4/4/2019,6.45,6.5197,6.7653,7.0026,
1553,4/3/2019,6.12,6.532,6.7753,7.0079,
1562,4/2/2019,6.24,6.5409,6.7801,7.0122,
1574,4/1/2019,6.12,6.577,6.7865,7.0175,
1575,3/29/2019,6.24,6.6097,6.8139,7.0269,
1576,3/28/2019,6.37,6.6234,6.8287,7.0339,
1597,3/27/2019,6.35,6.6377,6.8367,7.0381,
1596,3/26/2019,6.44,6.6489,6.843,7.0415,
1595,3/25/2019,6.33,6.6639,6.8506,7.0457,
1594,3/22/2019,6.5,6.6596,6.862,7.0526,
1593,3/21/2019,6.5,6.66,6.8763,7.0593,
1592,3/20/2019,6.5,6.6618,6.883,7.0627,
1591,3/19/2019,6.5,6.6553,6.8897,7.0655,
1590,3/18/2019,6.5,6.6607,6.8963,7.0686,
1589,3/15/2019,6.52,6.6769,6.9089,7.075,
1588,3/14/2019,6.5,6.6837,6.9215,7.0804,
1587,3/13/2019,6.6,6.6837,6.9269,7.0826,
1586,3/12/2019,6.75,,,,
1585,3/11/2019,6.75,,,,
1584,3/7/2019,6.75,,,,
1583,3/6/2019,6.75,,,,
1582,3/5/2019,6.74,,,,
1581,3/4/2019,6.75,,,,
1580,3/1/2019,6.75,,,,
1579,2/28/2019,6.75,,,,
1578,2/27/2019,6.75,,,,
1577,2/26/2019,6.75,,,,
1455,2/25/2019,6.75,,,,
1454,2/22/2019,6.46,,,,
1453,2/21/2019,6.51,,,,
1356,2/20/2019,6.55,,,,
1329,2/19/2019,6.32,,,,
1328,2/18/2019,6.65,,,,
1327,2/15/2019,6.67,,,,
1326,2/14/2019,6.69,,,,
1325,2/13/2019,6.6,,,,
1324,2/12/2019,6.72,,,,
1323,2/11/2019,6.75,,,,
1322,2/8/2019,6.74,,,,
1321,2/7/2019,6.77,,,,
1330,2/6/2019,6.62,,,,
1320,2/5/2019,6.64,,,,
1318,2/4/2019,6.59,,,,
1317,2/1/2019,6.63,,,,
1316,1/31/2019,6.7,,,,
1315,1/30/2019,6.69,,,,
1314,1/29/2019,7,,,,
1313,1/28/2019,7.01,,,,
1312,1/25/2019,7.01,,,,
1311,1/24/2019,7.01,,,,
1310,1/23/2019,7.06,,,,
1319,1/22/2019,7.06,,,,
1331,1/21/2019,7.06,,,,
1332,1/18/2019,7.06,,,,
1333,1/17/2019,7.05,,,,
1354,1/16/2019,7.07,,,,
1353,1/15/2019,7.05,,,,
1352,1/14/2019,7.05,,,,
1351,1/11/2019,7.05,,,,
1350,1/10/2019,7.05,,,,
1349,1/9/2019,7,,,,
1348,1/8/2019,7,,,,
1347,1/4/2019,7,,,,
1346,1/3/2019,7,,,,
1345,12/31/2018,7.03,,,,
1344,12/28/2018,7.03,,,,
1343,12/27/2018,7.06,,,,
1342,12/26/2018,7,,,,
1341,12/25/2018,7,,,,
1340,12/24/2018,7.01,,,,
1339,12/21/2018,7.09,,,,
1338,12/20/2018,7.09,,,,
1337,12/19/2018,7.09,,,,
1336,12/18/2018,7.09,,,,
1335,12/17/2018,7.08,,,,
1334,12/14/2018,7.07,,,,
1309,12/13/2018,7.08,,,,
1308,12/12/2018,7.03,,,,
1307,12/11/2018,7.07,,,,
1283,12/10/2018,7.08,,,,
1281,12/7/2018,7.07,,,,
1280,12/6/2018,7.08,,,,
1279,12/5/2018,7.08,,,,
1278,12/4/2018,7.07,,,,
1277,12/3/2018,7.08,,,,
1276,11/30/2018,7.07,,,,
1275,11/29/2018,7.08,,,,
1274,11/27/2018,7.06,,,,
1273,11/26/2018,7.07,,,,
1282,11/22/2018,7.02,,,,
1272,11/21/2018,7.1,,,,
1270,11/20/2018,7.1,,,,
1269,11/19/2018,7.1,,,,
1268,11/16/2018,7.09,,,,
1267,11/15/2018,6.99,,,,
1266,11/14/2018,7,,,,
1265,11/13/2018,6.98,,,,
1264,11/12/2018,6.98,,,,
1263,11/9/2018,7.05,,,,
1262,11/8/2018,7.05,,,,
1271,11/7/2018,7.06,,,,
1284,11/6/2018,7.06,,,,
1295,11/5/2018,7.07,,,,
1285,11/2/2018,7.08,,,,
1305,11/1/2018,7.06,,,,
1304,10/31/2018,7.06,,,,
1303,10/30/2018,7.06,,,,
1302,10/29/2018,7.07,,,,
1301,10/26/2018,7.07,,,,
1300,10/25/2018,7.07,,,,
1299,10/24/2018,7.02,,,,
1298,10/23/2018,7.03,,,,
1297,10/22/2018,7.04,,,,
1306,10/19/2018,7.06,,,,
1296,10/18/2018,7,,,,
1294,10/17/2018,7,,,,
1293,10/16/2018,7,,,,
1292,10/15/2018,7,,,,
1291,10/12/2018,7,,,,
1290,10/11/2018,7.05,,,,
1289,10/10/2018,7.05,,,,
1288,10/9/2018,7.1,,,,
1287,10/8/2018,7.1,,,,
1286,10/5/2018,7.1,,,,
1355,10/4/2018,7.03,,,,
1357,10/3/2018,7.04,,,,
1452,10/2/2018,7,,,,
1358,10/1/2018,7.05,,,,
1426,9/28/2018,7.06,,,,
1425,9/27/2018,7.08,,,,
1424,9/26/2018,7.05,,,,
1423,9/25/2018,7.06,,,,
1422,9/24/2018,7.07,,,,
1421,9/21/2018,7.1,,,,
1420,9/20/2018,7.1,,,,
1419,9/19/2018,7,,,,
1418,9/18/2018,7.03,,,,
1427,9/17/2018,7,,,,
1417,9/14/2018,7.04,,,,
1415,9/13/2018,7,,,,
1414,9/12/2018,7.06,,,,
1413,9/11/2018,7.07,,,,
1412,9/10/2018,7.08,,,,
1411,9/7/2018,7.06,,,,
1410,9/6/2018,7.08,,,,
1409,9/5/2018,6.99,,,,
1408,9/4/2018,7,,,,
1407,9/3/2018,7.05,,,,
1416,8/31/2018,7.04,,,,
1428,8/30/2018,7.09,,,,
1429,8/29/2018,7.1,,,,
1430,8/27/2018,7.1,,,,
1451,8/24/2018,7.1,,,,
1450,8/23/2018,7.1,,,,
1449,8/22/2018,7,,,,
1448,8/21/2018,7.02,,,,
1447,8/20/2018,7.07,,,,
1446,8/17/2018,7.12,,,,
1445,8/16/2018,7.12,,,,
1444,8/15/2018,7.1,,,,
1443,8/14/2018,7.1,,,,
1442,8/13/2018,7.1,,,,
1441,8/10/2018,7.09,,,,
1440,8/9/2018,7.08,,,,
1439,8/8/2018,7.03,,,,
1438,8/7/2018,7.02,,,,
1437,8/6/2018,7.11,,,,
1436,8/3/2018,7.1,,,,
1435,8/2/2018,7.1,,,,
1434,8/1/2018,7.11,,,,
1433,7/31/2018,7.13,,,,
1432,7/30/2018,7.12,,,,
1431,7/27/2018,7.1,,,,
1406,7/26/2018,7.12,,,,
1405,7/25/2018,7.3,,,,
1404,7/24/2018,7.3,,,,
1380,7/23/2018,7.3,,,,
1378,7/20/2018,7.29,,,,
1377,7/19/2018,7.3,,,,
1376,7/18/2018,7.3,,,,
1375,7/17/2018,7.28,,,,
1374,7/16/2018,7.3,,,,
1373,7/13/2018,7.27,,,,
1372,7/12/2018,7.27,,,,
1371,7/11/2018,7.27,,,,
1370,7/10/2018,7.27,,,,
1379,7/9/2018,7.27,,,,
1369,7/6/2018,7.27,,,,
1367,7/5/2018,7.27,,,,
1366,7/4/2018,7.26,,,,
1365,7/3/2018,7.27,,,,
1364,7/2/2018,7.29,,,,
1363,6/29/2018,7.31,,,,
1362,6/28/2018,7.31,,,,
1361,6/27/2018,7.31,,,,
1360,6/26/2018,7.31,,,,
1359,6/25/2018,7.32,,,,
1368,6/22/2018,7.3,,,,
1381,6/21/2018,7.31,,,,
1392,6/20/2018,7.34,,,,
1382,6/19/2018,7.34,,,,
1402,6/18/2018,7.33,,,,
1401,6/15/2018,7.35,,,,
1400,6/14/2018,7.34,,,,
1399,6/13/2018,7.31,,,,
1398,6/12/2018,7.32,,,,
1397,6/11/2018,7.32,,,,
1396,6/8/2018,7.32,,,,
1395,6/7/2018,7.32,,,,
1394,6/6/2018,7.32,,,,
1403,6/5/2018,7.31,,,,
1393,6/4/2018,7.29,,,,
1391,6/1/2018,7.3,,,,
1390,5/31/2018,7.28,,,,
1389,5/30/2018,7.25,,,,
1388,5/29/2018,7.26,,,,
1387,5/28/2018,7.26,,,,
1386,5/25/2018,7.29,,,,
1385,5/24/2018,7.24,,,,
1384,5/23/2018,7.26,,,,
1383,5/22/2018,7.27,,,,
872,5/21/2018,7.29,,,,
1259,5/18/2018,7.32,,,,
871,5/16/2018,7.33,,,,
481,5/15/2018,7.33,,,,
356,5/14/2018,7.31,,,,
355,5/11/2018,7.31,,,,
354,5/10/2018,7.31,,,,
353,5/8/2018,7.33,,,,
352,5/7/2018,7.33,,,,
351,5/4/2018,7.33,,,,
350,5/2/2018,7.32,,,,
349,5/1/2018,7.31,,,,
348,4/30/2018,7.3,,,,
357,4/27/2018,7.3,,,,
347,4/26/2018,7.31,,,,
345,4/25/2018,7.31,,,,
344,4/24/2018,7.34,,,,
343,4/23/2018,7.35,,,,
342,4/20/2018,7.38,,,,
341,4/19/2018,7.38,,,,
340,4/18/2018,7.36,,,,
339,4/17/2018,7.35,,,,
338,4/16/2018,7.27,,,,
337,4/13/2018,7.25,,,,
346,4/12/2018,7.25,,,,
358,4/11/2018,7.25,,,,
359,4/10/2018,7.29,,,,
360,4/5/2018,7.3,,,,
381,4/4/2018,7.28,,,,
380,4/3/2018,7.28,,,,
379,4/2/2018,7.28,,,,
378,3/30/2018,7.28,,,,
377,3/29/2018,7.28,,,,
376,3/28/2018,7.28,,,,
375,3/27/2018,7.25,,,,
374,3/26/2018,7.3,,,,
373,3/23/2018,7.3,,,,
372,3/22/2018,7.3,,,,
371,3/21/2018,7.29,,,,
370,3/20/2018,7.3,,,,
369,3/19/2018,7.3,,,,
368,3/16/2018,7.26,,,,
367,3/15/2018,7.34,,,,
366,3/14/2018,7.3,,,,
365,3/13/2018,7.34,,,,
364,3/12/2018,7.39,,,,
363,3/9/2018,7.3,,,,
362,3/7/2018,7.3,,,,
361,3/6/2018,7.3,,,,
336,3/5/2018,7.3,,,,
335,3/2/2018,7.3,,,,
334,3/1/2018,7.29,,,,
310,2/28/2018,7.29,,,,
308,2/27/2018,7.32,,,,
307,2/26/2018,7.3,,,,
306,2/23/2018,7.34,,,,
305,2/22/2018,7.31,,,,
304,2/21/2018,7.38,,,,
303,2/20/2018,7.43,,,,
302,2/19/2018,7.35,,,,
301,2/16/2018,7.32,,,,
300,2/15/2018,7.3,,,,
309,2/14/2018,7.3,,,,
299,2/13/2018,7.3,,,,
297,2/12/2018,7.29,,,,
296,2/9/2018,7.31,,,,
295,2/8/2018,7.3,,,,
294,2/7/2018,7.26,,,,
293,2/6/2018,7.24,,,,
292,2/5/2018,7.26,,,,
291,2/2/2018,7.27,,,,
290,2/1/2018,7.19,,,,
289,1/31/2018,7.32,,,,
298,1/30/2018,7.29,,,,
311,1/29/2018,7.37,,,,
322,1/26/2018,7.38,,,,
312,1/25/2018,7.37,,,,
332,1/24/2018,7.36,,,,
331,1/23/2018,7.4,,,,
330,1/22/2018,7.35,,,,
329,1/18/2018,7.34,,,,
328,1/17/2018,7.5,,,,
327,1/16/2018,7.51,,,,
326,1/15/2018,7.39,,,,
325,1/12/2018,7.3,,,,
324,1/11/2018,7.18,,,,
333,1/10/2018,7,,,,
323,1/9/2018,7.13,,,,
321,1/8/2018,7.4,,,,
320,1/5/2018,7.42,,,,
319,1/4/2018,7.42,,,,
318,1/3/2018,7.36,,,,
