Date,Global equities,Regional equities,US Treasury rates,Commodity volumes,Crypto,Local currency,Commodities,Crypto volumes,Regional ICE bond indices,Regional market volumes
2025-01-02,-4.066605429512782e-05,0.005843688831474224,-1.4019584337325955e-05,0.00244967770052526,-0.00021161241012962283,0.0009004776004058788,0.0002593457698129831,0.000122196802392481,2.492055562524862e-05,-2.395855813614545e-05
2025-01-03,-0.0027795731078806263,0.004888876048015942,0.0006165639156517123,0.002559186938358825,-0.0008849161749557089,0.0013444814998931093,0.00035978600928742463,-0.00031469188779152847,4.318330925634252e-05,3.912116298512691e-05
2025-01-06,-0.0010969893092545398,0.0018831804078206253,0.0011630557971659575,0.002967351422126732,-0.0008743973663426496,0.0024868536890132256,0.0005589173424808123,-3.2336480730776255e-06,1.6260142590271764e-05,3.818813519763708e-05
2025-01-07,-0.012631252191054555,0.0013695835538105475,0.0034578584911202164,0.003375515905894639,0.00011648561260260508,0.002487636372112131,0.0008050407721198075,0.0003082245916453732,-0.00013454108786775166,3.725510741014726e-05
2025-01-08,-0.031320072577697006,-0.00037582037935978427,0.0036783056438528926,0.003299079090095354,0.0006901309904482492,0.004146976516954381,0.000979077413335857,0.0006829365503316126,-0.00026126354633423216,2.322817576796913e-05
2025-01-09,-0.02867082507589908,-0.0017848694193741744,0.0036250547680517233,0.0032226422742960685,0.0013759571243677454,0.005153764878765287,0.0012814097634447062,0.001057648509017852,-4.129040120908549e-05,9.201244125791003e-06
2025-01-10,-0.041190586160709655,-0.0021063978617317717,0.007748013284082559,0.003915335116982193,0.0010144501844290953,0.0053923373979792655,0.0015807915847498711,0.0008729726999552624,-0.00031330598014904997,9.462484144942929e-06
2025-01-13,-0.040754450773183314,-0.0016781111174407888,0.008778602673749114,0.003729898824164921,0.0015958538321524625,0.005142923999505177,0.0015026978041011623,0.0012489093638545677,-0.0005915577472969453,3.0532730580414706e-05
2025-01-14,-0.038743431751318065,-0.0026258126724352706,0.007820027843922061,0.0037301511197234817,0.0008159120341662158,0.005250351968508888,0.0014917286119105122,0.0006863442151107071,-0.0005334920745826563,2.65786972477956e-05
2025-01-15,-0.01033595630273617,-0.0034090385862804032,0.0021911753550879548,0.003705676828807381,0.00045393455450588714,0.00535533891150668,0.0019535271748215483,0.0008206547531481351,0.00015077807279473352,1.6356995193194977e-05
2025-01-16,1.4879572056303997e-06,-0.0002506336525241195,0.00010758130908243351,0.0037203985595059435,0.0006624116489339212,0.0054002604874127565,0.002236543767537043,0.0007891521639856394,0.000193883621211292,3.1390124681986757e-05
2025-01-17,0.002546551483508246,0.0032763573808848507,0.00041493983106201664,0.0030994210530731568,0.0004495392305487184,0.0054435044304282695,0.001979605611362298,0.0010236464456381273,0.00016702005023587997,1.929236501027999e-05
2025-01-20,-0.002821629148716421,0.004408420135560545,0.00036168895526084735,0.00247844354664037,0.0010830931562317767,0.006136306177192815,0.0019694832231489726,0.0012581407272906151,0.00019276385826403356,7.1946053385732255e-06
2025-01-21,0.002968944444550584,0.003321951112292589,-0.0006213499172866702,0.0035911275377139232,0.001056723471775875,0.006635255856375993,0.0018529096050174164,0.0014988090262130702,0.0004295481091030048,1.6298276534146387e-05
2025-01-22,0.0015625519519267687,0.005881812526342447,0.0007222884666526126,0.0026588818049846337,0.0007385083777821112,0.006707910810170784,0.0017839075000248756,0.0009152902461650096,0.0005621323870322874,1.653494453934911e-05
2025-01-23,7.162385821062977e-05,0.004027937666403525,0.0016979211988580791,0.0028774107394050484,0.0013058667241804308,0.00655778729720405,0.0017834056717148492,0.0016024748817593795,0.0005283374795032251,1.2289184750066356e-05
2025-01-24,-0.0009381830066439909,0.0020408137889025508,0.0009853271768779214,0.002259734276110564,0.0007029427681102018,0.0074782684746554145,0.0018402359925085699,0.0009944195618555762,0.0006001613877204267,2.83750178166069e-06
2025-01-27,-0.004016470851311182,-0.0022372648777488286,-0.003261463130809229,0.002687530905098807,0.0016770142906872712,0.007564961243942515,0.0012630947549810427,0.0016300068985968886,0.00073658959875737,7.104843292772223e-06
2025-01-28,0.005190753545553281,0.0011733702553456751,-0.0024635889429901517,0.0022977883189755468,0.0010393034072151714,0.007228180447633544,0.0014963531450485831,0.000793103071863943,0.0007629617429355925,1.701846263128238e-05
2025-01-29,0.0038466508993919507,-0.0007389456821806995,-0.002250404020435042,0.0026603700486381625,0.0009454800671799932,0.00675944514184113,0.0015476526226020687,0.0008592188838784513,0.0009506907789810881,6.071060126001974e-06
2025-01-30,0.013505793966057517,-0.00017780646928474168,-0.004138388458986828,0.0013956743457727036,0.0005646534334764576,0.007033736664913068,0.0019473071056163877,0.0006951978278632363,0.0010967791917299366,2.6439635197447575e-06
2025-01-31,0.02132983770223643,-0.0019137451891914788,-0.0019495153072487436,0.003303288663676035,0.0009719100546004066,0.006948932767893658,0.0017969668054930144,0.0010228598635392456,0.0012519578226696223,1.8320191714847354e-05
2025-02-03,0.009480254555612633,-0.003935528812430448,-0.002605948297456957,0.0037168009832786275,0.0029618803651632925,0.006539700443935485,0.0019459359503402602,0.002368521400574532,0.0011065223876013176,2.950976334666762e-05
2025-02-04,0.004972070485559581,-0.0038038884013123038,-0.003531850424642047,0.00344093991917447,0.002689577695921341,0.006022441802651421,0.002196348924820918,0.001651822210238654,0.0012832418514300823,1.8189336144208275e-05
2025-02-05,0.011776835851313262,-0.005178340939279359,-0.006852017315043793,0.0026176439899818467,0.0021643622571194746,0.007075655013181246,0.0024390980665719504,0.001116345948694887,0.0016733613398051688,3.353147239680219e-05
2025-02-06,0.022885972952414353,-0.0012888206638351492,-0.0059238126965136,0.0029718196116707324,0.002235817366793618,0.007592900312744976,0.0023741907268091983,0.001013005490672229,0.0017262585159773716,2.9716517138854398e-05
2025-02-07,0.014359143454684017,-0.0022727329936787855,-0.0036011367883924334,0.0025555053555138697,0.002505710554584541,0.007490717674280056,0.0027976064760138085,0.001154038074862818,0.0016921286045186918,3.427223562272968e-05
2025-02-10,0.021068015690844002,-0.0005793696549042573,-0.0035556478175335633,0.002335398915414689,0.0019205778797531721,0.007659746435648342,0.0034369939775312913,0.000665109158748484,0.0018453761546554969,2.16355933026852e-05
2025-02-11,0.019561722634290193,-0.0014237341032255217,-0.002103472080432714,0.0027598359676293456,0.00214597889584266,0.007885905207510261,0.0032112224206443532,0.000678945567037254,0.0017153012960688903,2.6214199892586004e-05
2025-02-12,0.017695759116335037,-0.00032079331588393055,0.0020263878624163342,0.002980461410241944,0.0021689470018038566,0.008818753466495945,0.0033363353577218913,0.0010204877325127523,0.0015262870935403433,3.9649374502608794e-05
2025-02-13,0.018758551254862164,0.009550862049395748,-0.002379590656347226,0.0028586496552284275,0.0019605597374290186,0.010915792144327429,0.003590472903539554,0.000624373366578762,0.0017723128254471217,4.7282096811991596e-05
2025-02-14,0.017752185677547737,0.008619574389161055,-0.004648365696570683,0.003002215320726056,0.0017060700704163631,0.009971042354036664,0.00304029476225705,0.000481011938009141,0.002088633839271944,4.46085923094166e-05
2025-02-17,0.01898512774352717,0.013058093367494743,-0.004701616572371852,0.0031457809862236842,0.0016558540569902099,0.00981554180193076,0.003030172374043724,0.00033765050943951997,0.0021139794989583046,4.19350878068416e-05
2025-02-18,0.01701833896030787,0.010921685179444897,-0.002033865236155739,0.003565789073982242,0.002064197524166836,0.009742299764015742,0.0031631249429764697,0.0005970901680923137,0.002131437028418457,4.2415711454925104e-05
2025-02-19,0.007387982240318693,0.012879135918773524,-0.002600846510800595,0.0027723231584249443,0.0015145991837027548,0.010544502287927741,0.0030253824167942684,0.00016576228954621433,0.0020030668220554246,4.365534892249619e-05
2025-02-20,0.0015084258880978729,0.012408710196904399,-0.004129156956190525,0.002720747650430286,0.0014856950213830323,0.011059737118676057,0.00329078475117539,0.00025387081025002615,0.0020742512871805958,4.787811928427745e-05
2025-02-21,0.0013730417259820151,0.010837671693289853,-0.007503244634991768,0.002514997117190708,0.0025020841538125355,0.010959762092734669,0.003005169342221026,0.0009966067384564992,0.002137455827884467,4.7167898733417214e-05
2025-02-24,-0.002043226441746674,0.013100304085224383,-0.00875579475708502,0.001779951277368195,0.0029164406942385466,0.011776408356388266,0.0029574798019798036,0.0008704228129513949,0.0022154074136182395,1.6632658074643673e-05
2025-02-25,-0.0019288876463791605,0.012303463216562519,-0.01267068723492357,0.002096684447035782,0.0038368402346192067,0.012310229969751642,0.002511517731950613,0.001570421827724234,0.0024833270319844477,3.111133060479771e-05
2025-02-26,0.004325390305505689,0.01129074440163574,-0.014529352524028972,0.0023823434516609216,0.003979188042436409,0.012254374940221063,0.0026864477674086494,0.0011232048795267189,0.0026663673752940938,3.383918305639783e-05
2025-02-27,-0.001661553028670995,0.009772759435434871,-0.013343694384838997,0.0016781155285226022,0.0037778834553104552,0.011782189785716237,0.0026977301402441828,0.0008788736484203722,0.0028275899412700325,3.843854721496272e-05
2025-02-28,-0.0028108527272751394,0.00821317794762648,-0.015918242018084346,0.0033512490833865127,0.004506182523540908,0.011111748040502628,0.0021979048347754333,0.0014395560766232297,0.0029084086468275584,4.011334382790355e-05
2025-03-03,0.002796136093036709,0.008837345346944468,-0.017673660525935466,0.003538869614932345,0.004395726955395064,0.01108683267591415,0.0025418360888234785,0.0012421385802988349,0.0029785219338132963,7.379387911330849e-05
2025-03-04,-0.021096744868903193,0.011419545353975883,-0.016871206215183777,0.0038465841361239607,0.0043241018314705715,0.010997402128311963,0.002465143562565013,0.0012744877648234849,0.002988020389178166,4.7529899269188396e-05
2025-03-05,-0.013865516510491387,0.013293219886297822,-0.01464234440518617,0.0034723326958986897,0.003515422526901742,0.01069204746656581,0.0029925670609892365,0.000800054052405631,0.0028784380350857946,6.7711495250126e-05
2025-03-06,-0.012609490661732742,0.013948270062271518,-0.014347253005391499,0.0035650524480277802,0.003501308244430502,0.011241302107701953,0.003032931326642225,0.000650143415133134,0.002631791534730499,7.056567928648153e-05
2025-03-07,-0.013321942058105033,0.012851372294254875,-0.013185498657162889,0.003373309198592662,0.004190958552335469,0.010806301784374486,0.002773818655909789,0.0009919639282590465,0.002676884923445425,6.419714086495546e-05
2025-03-10,-0.0254666756362244,0.014454616124775378,-0.01777338318134159,0.002542384382615073,0.005518806727250835,0.011824238495885105,0.002498446637713919,0.00115117680994823,0.0027570398158009014,4.7094677124698326e-05
2025-03-11,-0.03241012286925909,0.017936694975463484,-0.014867701825484046,0.002449578065725078,0.005034229967885429,0.01289391520418436,0.0028894180419718196,0.0010805910639977866,0.0028124342924242362,6.199529113903202e-05
2025-03-12,-0.026591211944754466,0.019197660585430463,-0.013591141071330947,0.002611451086505216,0.004625292804086278,0.012149163457439546,0.003325649647322012,0.0006863511759504076,0.0028254023974023305,7.343498506457844e-05
2025-03-13,-0.03680989656378889,0.015641803371979988,-0.0156529752880735,0.0031908538117448393,0.004607831907930116,0.012567232138218087,0.00367589458322308,0.0003652772390575526,0.002792597729994591,6.073956501961104e-05
2025-03-14,-0.021435687296427336,0.018547303902744176,-0.014015152472026192,0.0025781254812924474,0.004031850603421915,0.012875714137388625,0.0036962127426862033,7.236120342418722e-05,0.002863892296955796,5.822953307394416e-05
2025-03-17,-0.02131678042932169,0.023232422666739073,-0.013804193399937692,0.002545680783595337,0.0038006651193625667,0.014000856518961062,0.003909022690754332,-0.000131880215009352,0.0030061847755676213,7.091697612542383e-05
2025-03-18,-0.01601792179279689,0.020532974768282048,-0.014740255170666586,0.0027391969060987604,0.0038575629646702956,0.014680337983770095,0.004193206113811237,-0.000173080465399197,0.0030086750847689394,6.752864399688698e-05
2025-03-19,-0.015180962664855047,0.01384869823097697,-0.016141547216724585,0.002388507034600498,0.004026337343121345,0.013117076397765694,0.004404381710870582,0.0005172861743091115,0.0027966145419316833,8.365176046944655e-05
2025-03-20,-0.016203490942716243,0.01132364531950112,-0.017240620573154654,0.0027508333228684315,0.0039895598024636235,0.012790122835654947,0.0045217952011347125,0.00012586886527161912,0.0030963626126512085,0.00013060024188681795
2025-03-21,-0.025067983161617215,0.008132036711554519,-0.016842774555763725,0.0023028335302406624,0.003575505827463045,0.013112279764545636,0.0044152889295899,-0.0003527097017538585,0.00261862395064766,0.00010289097048932204
2025-03-24,-0.02429845656324668,0.00794027209742087,-0.013717817758378045,0.002743878422954108,0.0037709136993255327,0.013246319159121965,0.004379161024978888,0.0002867364263130771,0.002601314679880584,0.00011908496797806908
2025-03-25,-0.019381619679857465,0.009443604366992767,-0.01498149834604028,0.0024481830824557706,0.0036032192813261073,0.012926652008164407,0.004709939925457068,7.829014184829045e-05,0.002712543667938959,0.00011692370265306773
2025-03-26,-0.016882447698787415,0.008106496739646567,-0.013794074811600698,0.002407059411083398,0.003781464987168313,0.013149707471255295,0.004814809360739874,7.849134753718385e-05,0.0026506046673935024,9.31287663062323e-05
2025-03-27,-0.023665302172889608,0.01949536942756666,-0.012994330537915242,0.0034372889625328587,0.0036569465890630413,0.01311074097191194,0.00474320200527045,-6.179004340702579e-05,0.0023940291001503904,0.00010057570946720797
2025-03-28,-0.024350020479154254,0.020101696914014325,-0.017502802503214312,0.002556328113106387,0.0046119004702381275,0.012866215578448692,0.004877038149562146,0.0004561218462278464,0.0023889123264996493,0.00010089686758069734
2025-03-31,-0.044699427146476484,0.01948660774156209,-0.01759566798031102,0.0016753672636799157,0.005434929274696249,0.013781856268489913,0.004901776716478466,0.0009740337358627186,0.00242165729909335,0.0001012180256941867
2025-04-01,-0.038995436138332576,0.020390491950793153,-0.020660246397160242,0.0007944064142534443,0.005609509399855418,0.013123923684776068,0.004852941990910256,0.001491945625497591,0.0024976198132057614,0.00010153918380767607
2025-04-02,-0.035177014537042264,0.015180663691493684,-0.01909184477986542,0.0024742502217307435,0.0064254599525090505,0.013306086802122788,0.004989985078512429,0.0018559046414976866,0.002525266887061195,8.297811148318887e-05
2025-04-03,-0.05832247561143946,0.007446732520379505,-0.025870889711761436,0.0029891868691254283,0.005981489803350427,0.0133133151432452,0.0039059083660782892,0.00148255978749599,0.00245516308614576,7.977400275091835e-05
2025-04-04,-0.1036830747150623,-0.00504873405553563,-0.028877617261373067,0.003309535399188079,0.006149814339639434,0.013055839795110144,0.0019886776697730403,0.0016808850234253726,0.0022634892819878454,9.567419109039647e-05
2025-04-07,-0.1331592876209437,-0.01097333342894193,-0.023210604187987264,0.0032777449528127466,0.00822191692752723,0.012553781266357877,0.0009365959123692424,0.0027589703347600083,0.0007999508454035623,0.00011721012466849163
2025-04-08,-0.09894585053931104,-0.008092799703591985,-0.019206922929677652,0.0029048733745894112,0.007766524211356528,0.012967277778269113,0.000786741392803468,0.0018383349340502027,0.0007637381360422876,8.420029840444025e-05
2025-04-09,-0.12586938406864298,-0.018969271942839105,-0.012016400759677592,0.0032287565838954135,0.007578328030763061,0.012811452299357371,0.0015841790925149627,0.0026065855865827175,-0.000919307131615992,0.00010325479185860414
2025-04-10,-0.09019082216045965,-0.008039326156529351,-0.01399606105337965,0.002677103470222015,0.007376903415674787,0.014114414923551945,0.002328636127807585,0.0017938736450845596,0.0006008012269955402,9.937060760783619e-05
2025-04-11,-0.09289761582006628,-0.005094391019494422,-0.00947666481135213,0.00210253994797138,0.0067329427375337906,0.014180336088784593,0.003277153564755464,0.0015137454876970693,0.00028725724356028865,0.00010406903463247649
2025-04-14,-0.06799675504537106,6.528040547228598e-05,-0.015489278456268005,0.0015605853380470758,0.006464966229268505,0.014456078918732539,0.0034673504901538976,0.0014510539613473413,0.0004334225646941939,9.329962349731311e-05
2025-04-15,-0.05106985698660532,0.0017333346916058793,-0.016911576879921123,0.0015486329239988168,0.00635857630071332,0.013723704697276767,0.0035106920698042944,0.0011769104370353996,0.0006557838192826646,0.00010111765198981758
2025-04-16,-0.04962189214141862,-0.00037713715785813806,-0.01869364043476747,0.002013085340539375,0.006519126877522161,0.01397931509051162,0.004275622985510084,0.0013145066669432359,0.0007242646811330323,0.00010873544438293738
2025-04-17,-0.050684674278708625,-0.003242086088480067,-0.01712114305956689,0.0017333305701211833,0.0060539265748898625,0.014598094841000601,0.004486238477863096,0.0008994191630414983,0.0009670773056940246,0.00012988804332138122
2025-04-22,-0.05147439846027728,0.0009828798694215901,-0.015253643581809036,0.0019261664300281027,0.006215649807486206,0.013451552996808046,0.005224947316513592,0.002025619704595888,0.0008868904028993277,0.00010564151280007617
2025-04-23,-0.03986085225639005,0.004650153681110776,-0.014743444515804612,0.002119002289935022,0.007252645768417046,0.012849622239790786,0.0044411288348359685,0.0031518202461502773,0.0014372361944349995,8.139498227877111e-05
2025-04-24,-0.039598101202299625,0.007792399155138119,-0.018273080609178618,0.0020337938827957665,0.006651251446364311,0.012812104327985078,0.004765329292386759,0.0024832870229165305,0.0015749991723052765,8.389081437224442e-05
2025-04-25,-0.03339403622800729,0.014328321423440753,-0.019986102344306318,0.0014078510668330078,0.006850375493969581,0.013025390611462047,0.004506023184472683,0.0027497188094765834,0.00184361674513276,8.332245010536772e-05
2025-04-28,-0.026700845268827104,0.011840624699636995,-0.02230980590600698,0.00207383555260728,0.006656088813041016,0.013108770863117495,0.004665543208587516,0.002580630518871339,0.001861402350969007,8.829266619831184e-05
2025-04-29,-0.022391436700730835,0.009870068523859583,-0.024043556122886296,0.0014618275576260384,0.0064729507110515,0.013262898562899998,0.004430007380226935,0.002338075868807946,0.0019159120510787665,7.469237151251915e-05
2025-04-30,-0.020012965641774134,0.008100861639276178,-0.024454524495664508,0.0030612585043489947,0.006577697401091732,0.013290120379901623,0.0035802655702716554,0.0024063585612802375,0.0018810395524444478,9.735329858619398e-05
2025-05-01,-0.007747284384985672,0.0008484829367009922,-0.022428557826685604,0.004660689451071951,0.006424211717971484,0.013436233870985765,0.003088608246088849,0.002474641253752529,0.0019161092898352205,0.00012001422565986881
2025-05-02,-0.005309051671584153,0.011099835371074288,-0.017946421513227836,0.004432326848809872,0.006310052009065048,0.013102514916082938,0.003241805522856692,0.0023736963496661383,0.0018167626930456276,8.968053718230859e-05
2025-05-05,-0.006015267378662235,0.00670255947014408,-0.01737910047935665,0.004203964246547793,0.006408144067926835,0.013836840830700348,0.003600208195058664,0.0022727514455797475,0.0016878940485168877,5.934684870474836e-05
2025-05-06,0.00012840858261565363,0.008764781590559191,-0.018932755759422118,0.004308696412829099,0.006305871397334641,0.01376058222409782,0.004423139887437986,0.0022608994861075013,0.0017181912997520298,7.935248895724314e-05
2025-05-07,0.0011011126288751859,0.008685667338968459,-0.02000846735782982,0.004073477312994056,0.007901139500399688,0.014107983272782008,0.0038809997130673226,0.0038422330567602137,0.0018086319052389396,7.536766236977203e-05
2025-05-08,0.007518450323093325,0.010100287888127472,-0.015844508135074094,0.003814563989005982,0.0064827915434244095,0.013353955204749085,0.00346011318994036,0.003591662353946865,0.0018291134276807784,5.7946007345192777e-05
2025-05-09,0.009544810895059591,0.011193624795712214,-0.015991280435659658,0.0035556506650179084,0.006006082721867786,0.013369668442090503,0.0038513285142880343,0.0033410916511335165,0.001830180038657556,4.052435232061353e-05
2025-05-12,0.012240832873201291,0.018691281628312833,-0.010986685178629375,0.003942011920828158,0.0055993337616384725,0.014006155231847473,0.0032805697897321986,0.003171951363640333,0.0021065231351285853,8.167254023299931e-05
2025-05-13,0.018727277354274173,0.018219001530867113,-0.009737705054517619,0.003864087528147859,0.0051505073686006755,0.014719509743160721,0.0037673357703923594,0.003079738977612532,0.0020808974569228806,8.423679405306889e-05
2025-05-14,0.020956377022405964,0.019034984597532757,-0.00844450282879429,0.003909991331714289,0.005078789588522264,0.01439336460213999,0.0032422411301225554,0.0028422078142446706,0.0020213899080915353,7.540812286779025e-05
2025-05-15,0.022953669817579504,0.013173470358435527,-0.012152377722356495,0.004056569806585901,0.005255943432097654,0.014638789051262644,0.00339588091750793,0.0029070947171226475,0.0019769137404899396,6.913085025573939e-05
2025-05-16,0.02948400293647683,0.013443560658980789,-0.013066831416553551,0.003151883341748269,0.005079288383393864,0.014057567386206678,0.0030255966802431042,0.0026798800206404086,0.0020367991878605094,8.793978683849959e-05
2025-05-19,0.03002304110125313,0.020485475113118646,-0.012071299808637347,0.002247196876910637,0.004769582040732293,0.014274350803435499,0.0034635616521811637,0.0024526653241581696,0.001953528859651242,0.00010674872342125979
2025-05-20,0.03697962233584123,0.015462033540825794,-0.0121139121884304,0.0024891036256691327,0.004669684129504313,0.014275658153070882,0.0036531362266970834,0.00238785467346781,0.002066424540847863,9.959189762988291e-05
2025-05-21,0.029437158473736912,0.015537590033718967,-0.00846181879121452,0.003129096526064157,0.0052007146654617425,0.014715732857586945,0.003794877794562119,0.003096617054470753,0.0019792829818984416,8.782835465291722e-05
2025-05-22,0.02302720776586808,0.014578640910815186,-0.010252477640189474,0.0028418747840860737,0.004748543541899124,0.01468412182554949,0.0036953100098368217,0.0029088887644107965,0.0018819157724208261,0.00011191310363402394
2025-05-23,0.01742613913701169,0.01344774669416937,-0.011872251441775021,0.0017384426707628008,0.005284987613647205,0.014843253706214959,0.004457788493407082,0.0029758068442574917,0.0018878009546397267,0.00010384489909195563
2025-05-26,0.01743394228926505,0.010426638568600693,-0.01192550231757619,0.0006350105574395278,0.00519657011170475,0.014610401394381165,0.004447666105193757,0.003042724924104187,0.0019174804563508608,9.577669454988733e-05
2025-05-27,0.029968872672339025,0.008342560590708935,-0.015027808303239262,0.0010094994595242963,0.004874472072134606,0.01435274359606745,0.0038313166387228363,0.0028397556837308113,0.0020898833658499778,7.508201224097101e-05
2025-05-28,0.030013949300533107,0.006263739275863298,-0.013005307276444089,0.0012267864854971595,0.0046164579727545505,0.01455781396300461,0.003684400247712012,0.002531478840503982,0.002136286848062638,8.064522513736651e-05
2025-05-29,0.03260618387315679,0.005745885921043463,-0.015269890025116934,0.00024343722059418592,0.005156393650027898,0.01618350948809102,0.0037537585232423833,0.002859482319680268,0.0022281222936935104,8.44566237562922e-05
2025-05-30,0.0363670361059086,0.004803934201161362,-0.015800796831046772,0.0024369984755834807,0.005380408918795002,0.015780557095658267,0.0035871648597566165,0.002807209008473777,0.0022259208448928433,9.081250005529178e-05
2025-06-02,0.03634456719046136,0.005176495981303782,-0.014230999754175843,0.001953104372466332,0.004771162556773146,0.015031449387027544,0.004489407206000347,0.0024073270028703176,0.0023523699106898148,8.94710079390412e-05
2025-06-03,0.034614633258978574,0.006666067270600323,-0.014055458054352191,0.002099113681076829,0.004901968068923699,0.01509662674602882,0.004396206547009693,0.00247262721041422,0.0025912635343778036,0.00010753448018403438
2025-06-04,0.03717285893175889,0.009424706166977808,-0.01769393773887777,0.0017793319222512392,0.00492318232559318,0.015036335919610863,0.004575993987527622,0.002462531847364103,0.0027762326492122404,8.566236572951118e-05
2025-06-05,0.034524869315776335,0.008466775411529437,-0.016255725219360733,0.001353200007590709,0.005833216136684222,0.01599863289894483,0.0046181672403695865,0.002856022531541514,0.0028895962232912656,2.000195118587922e-05
2025-06-06,0.03906801402176247,0.004626441514355579,-0.011435224114737222,0.0009270680929301788,0.0059866031656125255,0.01521170429589146,0.0043509818515545945,0.0032495132157189252,0.002855266544109165,-4.5658463357752736e-05
2025-06-09,0.043476432295903866,0.002168035233608813,-0.012637918118892923,0.0005009361782696486,0.005753474671815846,0.01520286718330391,0.004627403243174785,0.0036430038998963364,0.003008760620349854,-0.00011131887790138469
2025-06-10,0.04608266703455517,0.0026080886237642357,-0.012687984125174983,5.5741130615010934e-05,0.0057377412141266385,0.015526702613422236,0.004487943947783461,0.003810789172547989,0.0031709534220754725,-1.8458445571383682e-05
2025-06-11,0.04718154915386687,0.002916244275569568,-0.0153798513817507,0.0012584999052350843,0.005756885730462353,0.015136838205600335,0.004480137470645347,0.0036695152768468097,0.0032767285122828247,-2.887045510294258e-05
2025-06-12,0.04566006286914584,0.004484934184151737,-0.017282884717260014,0.0024612586798551574,0.005969746291922368,0.01482848184066977,0.004773188427074166,0.0035282413811456304,0.00332532443358889,-3.928246463450148e-05
2025-06-13,0.036192505657152596,0.005964532067468388,-0.015164524326225684,0.003807290818732942,0.0064468788225799135,0.014900012179005441,0.0052846047954613114,0.0038772409542499856,0.003217825399944446,-3.661369075680633e-05
2025-06-16,0.04100944894796716,0.0041231136024548806,-0.0143014434070718,0.0030403234638503116,0.005949838245208314,0.015588300305576305,0.0051064597569341254,0.003333691707721664,0.0033838725598927775,-3.85549224008514e-05
2025-06-17,0.03882895365459281,0.011171564750654889,-0.016978604931402526,0.0030895710350223237,0.0062849881634063675,0.015600369741547866,0.005197732168248652,0.00348302446447949,0.0034168951259941575,-4.8536724839767944e-05
2025-06-18,0.041798229018012736,0.01210258122223804,-0.016778512098573915,0.0031038666632682865,0.0059913470709715404,0.015783142171336192,0.00533155711670677,0.0032083101700758946,0.0034455506797154067,-3.942401196333321e-05
2025-06-19,0.03161917367804777,0.008969173101571871,-0.016831762974375084,0.003118162291514249,0.00575081345833018,0.01584741723612652,0.005321434728493444,0.002933595875672299,0.0034426167993698207,-3.031129908689848e-05
2025-06-20,0.035747620127430615,0.005729563412247241,-0.01847797367412627,0.003132457919760212,0.006176370914096859,0.015785066863204175,0.00518202036376905,0.003068514652528478,0.0033816864740177496,-4.5286863293899915e-05
2025-06-23,0.03371930040905737,0.008675168772524727,-0.02180320184506104,0.002636487191943996,0.006312290006836069,0.01592307678122522,0.004890892591017621,0.0033327283617437505,0.0035771311725390107,-4.334014614796182e-05
2025-06-24,0.041397837042722846,0.009506031927784757,-0.02244182474557609,0.002355876019376864,0.00587904205205761,0.015920949118137757,0.004347388034999438,0.0029509631853134204,0.0039730833391332645,-1.2540589474940708e-05
2025-06-25,0.039447850555212535,0.01114753481498822,-0.022546933819637707,0.001070036616054025,0.005834478557196879,0.015870729921235203,0.004538028559492705,0.002906294212101495,0.0039017642109824635,-3.2752103018278045e-05
2025-06-26,0.0474762137278104,0.009739610728565804,-0.024196168002323895,0.0013577212384618981,0.005816505887145341,0.015574410012437687,0.004935879987480192,0.0028426944288388795,0.003975090800718387,-3.815963709833538e-05
2025-06-27,0.06034227255695855,0.0116675066480283,-0.023031703617029043,9.57059879189222e-05,0.005723825622303541,0.015665688276153753,0.004650729418132024,0.0027512519359106217,0.003939566262920002,-1.2759660057600937e-05
2025-06-30,0.05589957938892541,0.017372282050695,-0.024889123897231018,0.0018974866220971827,0.0056469519872499405,0.01588952244081153,0.004634912136907804,0.002766257864177225,0.004479768724663736,2.5446750689064252e-05
2025-07-01,0.06080025595318171,0.018394392133821467,-0.022945933250489114,0.0015059058709062858,0.0058414580940724945,0.01577538957895305,0.004832760256028456,0.0027256460674184775,0.004994868389324723,1.3867944271840078e-05
2025-07-02,0.04674707094959232,0.016660532825858554,-0.021683856114840788,0.0018269462053730574,0.005846703750700233,0.0155902944888325,0.005263679365063893,0.0031601973683351475,0.005094321176278915,1.1314437407785445e-05
2025-07-03,0.05840322354600893,0.016413720845078725,-0.019012938100190252,0.0018412418336190201,0.005666544779801691,0.015632161148456655,0.005029734919696414,0.0030338766676613364,0.005262995708526235,8.009178759833597e-06
2025-07-04,0.05170976337234154,0.017406974939247526,-0.01906618897599142,0.0018555374618649829,0.005780081416663152,0.015805350474273776,0.004797114503629197,0.0029075559669875252,0.005259811518671049,4.703920111881748e-06
2025-07-07,0.05269455289943653,0.016076317663624256,-0.017586363942061187,0.0018698330901109456,0.005578862421150508,0.015808951948724642,0.004795027620343703,0.0027591463383677918,0.005071128169235429,-1.0055939076950934e-05
2025-07-08,0.05448808884565043,0.014801932233959295,-0.01678792390070687,0.0013997736999361021,0.005397902056521409,0.015955500247138862,0.006228348026137547,0.0027122901325208667,0.004972898714958044,-8.002271726088518e-07
2025-07-09,0.05562329839299723,0.013053771285545789,-0.019604948618732305,0.0013426145938505464,0.005517239023730124,0.016197690697912714,0.005798181252799521,0.003178920897920997,0.00496413964044143,2.1045987744009347e-06
2025-07-10,0.06045628380290944,0.01543170953857273,-0.019470139868786412,0.001718454315783096,0.005513341734390792,0.016222591908568236,0.005937765240396453,0.003659580002495037,0.004808094859997153,8.49952073353962e-06
2025-07-11,0.05570415772958179,0.01113663899665274,-0.01691543910355455,0.0016829705588991886,0.005434167611592863,0.01630508083388904,0.006263256027546939,0.0036391875151035725,0.004398391634315156,5.028255296160572e-06
2025-07-14,0.06108606097242138,0.01229952244311519,-0.017201209263341462,0.0022453142578183092,0.005759307539621585,0.01638075339978989,0.0060465785554500145,0.004134518134704749,0.00441536654734602,8.569730951351102e-06
2025-07-15,0.05647153581408159,0.014881784956125587,-0.014726280235178496,0.0028076579567374296,0.006196487695595898,0.016468637553158434,0.0059668129637935816,0.0046298487543059265,0.004296621661696737,1.211120660654163e-05
2025-07-16,0.05283033564955201,0.01467778383043588,-0.016817853141190452,0.0020089503816925207,0.0054187592755516045,0.016388056963386393,0.005940319339562622,0.004181462894768852,0.0042770906460760745,2.5410120972085446e-05
2025-07-17,0.05970790637805863,0.014358126452096278,-0.0161178606734168,0.002524721825376521,0.005295877684496934,0.016534194851952292,0.005920140510780112,0.004196320250599452,0.0044495428544611155,1.8072448147842375e-05
2025-07-18,0.06612858888169068,0.015129278070285523,-0.01771270916447984,0.0024352213903784123,0.0054825931745134445,0.01619370930655892,0.006157131598063588,0.004390658436133675,0.004619650569674632,1.0391656122188721e-05
2025-07-21,0.07074699739108857,0.0175200308158868,-0.020105706467696726,0.0017494969259597161,0.0049949747932462665,0.016518160339891085,0.006441202025449318,0.0041066520483221645,0.0049626093133731735,2.1661459943094666e-05
2025-07-22,0.06766152916741021,0.01742463231620614,-0.021333421620383774,0.0020370430691702677,0.005034918293472504,0.01633663856026151,0.0067455545859979645,0.004232135777704638,0.005169835612135399,1.4264588752671127e-05
2025-07-23,0.07211698352191333,0.017830497284451876,-0.019068589838190736,0.0016968018812744867,0.00507769882956359,0.016375289514610078,0.006730387366451192,0.004059828296943511,0.005125158467381438,2.2304999326129567e-05
2025-07-24,0.07880210785718993,0.01722009074589285,-0.017928781793726437,0.0022908691910624107,0.005069935013749516,0.015831263037160034,0.006622779086760276,0.004105511912892608,0.005264946984856476,3.7706652353291016e-05
2025-07-25,0.0779819243085834,0.01442750964364114,-0.018773936323058342,0.0014004358495983526,0.005378193635847178,0.01591470027322923,0.006356911742127349,0.004381963060769863,0.005280721915316948,1.4591215292962135e-05
2025-07-28,0.06976545566827404,0.013336364572375652,-0.017884124463799573,0.0019091882721068512,0.004890862162824222,0.015042063772781276,0.005980002699365446,0.003957431976717333,0.005415500439618657,2.0112651661872955e-05
2025-07-29,0.06302565544030166,0.01261519136229754,-0.021148437077628195,0.0025291679481396537,0.004936847356716768,0.01526988815897495,0.006227954727845084,0.003991009832077677,0.005571901686636535,1.674124496944875e-05
2025-07-30,0.06257982180006906,0.01147838309505497,-0.019140776398701147,0.0018637078998794212,0.004929145975344048,0.015312910299701653,0.0060626596289723115,0.003976425750343619,0.005367471060897334,4.529590603473834e-05
2025-07-31,0.07159220260637103,0.013077785910954383,-0.01954330012212059,0.003228091841086552,0.005151277520038609,0.015402127147997179,0.0029118432167344254,0.00395354066752241,0.005494610879544245,3.8219645190047595e-05
2025-08-01,0.05940644518032523,0.01135568249696809,-0.026976908676157728,0.0034686330330368173,0.005944040495594657,0.016077602451412855,0.0031907062523788676,0.004361060903536167,0.005675785351498578,3.275760207471644e-05
2025-08-04,0.066998129992855,0.014118645679654825,-0.028527837683847587,0.002369969106016126,0.004722485753980078,0.016081837344002262,0.003247589151059032,0.0034788426266113876,0.005931533804977857,4.06889277657869e-05
2025-08-05,0.06874993905235577,0.014442489491958753,-0.028358627937555333,0.002657123720629448,0.0053073328874130915,0.016027043073373833,0.003048978470370026,0.0038747889656944394,0.006157887329263475,2.6919561982719093e-05
2025-08-06,0.07075955202462224,0.013980660037477784,-0.02823982317282162,0.003148908162481064,0.005021059626280706,0.01609078327064796,0.003050280965579709,0.0036968407290512723,0.006149599293410355,3.9998048044408166e-05
2025-08-07,0.07096855691157468,0.01936773603178808,-0.02723015395659436,0.0029246783755139645,0.004984487654181633,0.01643061254801827,0.003065456344319996,0.004018400450544947,0.006455647372058157,6.611308385779383e-05
2025-08-08,0.07290543034815902,0.022336647251129743,-0.025819540775412157,0.00311795245535473,0.005001190422360779,0.01596696015807995,0.0034593180512911296,0.004079925382761006,0.0062587629200146835,5.241860448091801e-05
2025-08-11,0.07025094493413139,0.024369618364478568,-0.026042904671260417,0.0022101730721954043,0.005039535153847202,0.016288277107639422,0.002964981467113449,0.00442087477006086,0.006651370373720582,3.8643259968983626e-05
2025-08-12,0.06713876104834315,0.027438362343350696,-0.02598022293095921,0.0023244332702174516,0.004584901866314861,0.01633320329954925,0.0031299745958845633,0.00436627690971072,0.006991663281504273,4.538489977133641e-05
2025-08-13,0.06631673201600652,0.03094948620932062,-0.028494669575004815,0.002559186384923583,0.004515189474242676,0.016388906428891882,0.00305693234319504,0.004574093176169451,0.0074690126587245945,4.5029723290041235e-05
2025-08-14,0.06693076988675917,0.029511675055693673,-0.02646216547432346,0.002492071618519587,0.005171946327112497,0.01604915794645424,0.002978752144850313,0.004790127478657886,0.007674419734088944,6.196916206822083e-05
2025-08-15,0.06449476194646878,0.030724205640251672,-0.025373669162843917,0.002423676573676661,0.004863313244902691,0.0159591035539708,0.0029354868360818797,0.004314283738880087,0.007658903678145259,5.714995807156048e-05
2025-08-18,0.06246791484516419,0.028663501231477914,-0.02476440167246996,0.002363737688344644,0.00507969308535944,0.01589126591362699,0.002903585212039307,0.004332638207605091,0.007716792730949285,5.8744197437885484e-05
2025-08-19,0.06757140049671634,0.028852853239044653,-0.026466010007426082,0.0024217313801356906,0.005462557780593052,0.015715808983010743,0.002613618701752131,0.004286321525895102,0.007739371064188264,8.202237653276692e-05
2025-08-20,0.07121834180822337,0.02513692232963168,-0.02676552914722702,0.002702699243174382,0.005102481274072312,0.01593036556443077,0.0028709718780200438,0.004242742103970552,0.007683881791049854,7.589427972784778e-05
2025-08-21,0.06812538472640647,0.02355305855896391,-0.025003000192632845,0.0018921135445837268,0.004966672291512625,0.015915594950583048,0.002906477016609601,0.0038853960356846928,0.007622242907207103,9.619346831417611e-05
2025-08-22,0.07804957654450731,0.026557430162955115,-0.02908015260810202,0.002180782359756685,0.004963524106416966,0.016061443204785694,0.0031209091322519453,0.004653501002516965,0.007915225458317608,0.00010125155359640918
2025-08-25,0.07738192526410531,0.0262826982944195,-0.02824704291175554,0.0024694511749296434,0.0065083591969525125,0.015851240418602586,0.003237739183973791,0.005421605969349237,0.007930182015005779,0.00010630963887864224
2025-08-26,0.06746199309677386,0.02394221146865505,-0.029586226390303186,0.001923066764057748,0.005890654560712097,0.016049298086599037,0.003137660515600301,0.005085376153933563,0.007926936491905892,0.00010377333216296372
2025-08-27,0.06485735691477394,0.02643743682437949,-0.03125010046577552,0.002739846834709258,0.0058205584375700115,0.01611180482643213,0.003163119942559546,0.004876317570878431,0.007908686688596803,8.781509138523446e-05
2025-08-28,0.06175049638266655,0.025206346663140033,-0.031844511003415614,0.0014670359102224933,0.00561413597277313,0.016171265373729773,0.0034547293248736836,0.0047206949378260955,0.007991698414966534,8.161560002899747e-05
2025-08-29,0.05581617879800956,0.024001210952316984,-0.03202283824881335,0.001481331538468456,0.006343395400031737,0.016367740542948508,0.003749454299400357,0.005079947698186007,0.008015671262605986,9.32450725491385e-05
2025-09-01,0.057115965259072546,0.02359919447181619,-0.03207608912461452,0.0014956271667144188,0.006723261997483572,0.01609110197136063,0.0037393319111870315,0.005439200458545918,0.008020042943631631,0.00010487454506927952
2025-09-02,0.03388259666281729,0.019094922917051716,-0.030531889010379322,0.0015099227949603815,0.006503071902702975,0.01606739731338252,0.004279768187620455,0.0053098735416641915,0.007831922082348302,0.00013844148118108006
2025-09-03,0.040279062090673806,0.01657599226751338,-0.03325708064269827,0.0008353031644769466,0.0061630289113487075,0.016081731902720012,0.004321877339233131,0.005098298016180458,0.007823114595105629,0.0001310243808195608
2025-09-04,0.049674170210563307,0.02177555521254327,-0.03499988238878187,0.0008834461388601685,0.0063653656978784464,0.01589103516542182,0.0039555628641424374,0.0050836674698117165,0.008032663105822796,0.00012959835845532237
2025-09-05,0.0517430066981094,0.02280054285683347,-0.03988897125347963,0.0009851366706577285,0.006536060508704294,0.01594980539583053,0.004027140895743411,0.005239771994403455,0.008018143260183104,0.0001369366573338981
2025-09-08,0.055953270726639595,0.02295959562233399,-0.040616973445852904,0.00026007921170434457,0.006012776418935739,0.01537650000177124,0.004186182610629039,0.004770014097020296,0.008329870484720746,0.00011091037560341907
2025-09-09,0.05112193908812974,0.021491925431123823,-0.03923597426260866,0.0010580118018305973,0.006117319053671216,0.014743526821036827,0.004254806374520061,0.004829323144271698,0.008225010648630245,0.00011807830474055594
2025-09-10,0.04749719101719581,0.021500631673758815,-0.040730924102264074,0.000780114416702226,0.00627823126559171,0.014436933334437688,0.004459818841606047,0.005131185565048061,0.008299004366951634,0.00010232121539666719
2025-09-11,0.05387937698793581,0.02106492003514471,-0.041311599824930656,0.0007697268602323785,0.0059145194602363395,0.014478290966178779,0.004446295341625088,0.004932535046035903,0.008505993897660529,0.00014719147960539172
2025-09-12,0.050665802724467406,0.019318322201425292,-0.03949266068512732,0.0015044118189894463,0.005921124406363972,0.014687270111268207,0.004530925063158562,0.005184454006446936,0.008475343467797995,0.00011499651287220645
2025-09-15,0.05146230722418477,0.020025626950713492,-0.04106627496612985,0.00017418479109379613,0.006069368084376046,0.015277218807258108,0.004872293500820294,0.005108309669576177,0.008686494053183773,0.00014797045447453484
2025-09-16,0.04183064632013411,0.019013711112260048,-0.041834833178518924,0.0007086250473084368,0.0058156191969834965,0.015218526663148314,0.004906561655156238,0.004881087885813198,0.008822636518791208,0.00014242289555472688
2025-09-17,0.04695928340353382,0.018626241159429277,-0.04009124633776726,0.0005477576348662321,0.006150657132299392,0.014868185546118682,0.004663494048556291,0.005262473957553495,0.008692824066786876,0.00013268019764893575
2025-09-18,0.052351264981268165,0.017738876508978083,-0.039092060155851774,0.0003524676625943896,0.005829666459598809,0.015325944078721093,0.004371619360999784,0.004951910995721688,0.008757742884116529,0.0001314888283031769
2025-09-19,0.04645392201696386,0.016293840044811193,-0.037967315970300564,0.000200566693194226,0.005807876110154545,0.01526295268275236,0.004500361336092308,0.00472952582887366,0.008746679824641262,0.00015069695961508994
2025-09-22,0.04611959419976302,0.019125368116397125,-0.038441393251328136,0.00034141256678088473,0.007057955703392606,0.01535530668103048,0.004786957796042317,0.0055531375390289045,0.008630550841307948,0.0001392632646803408
2025-09-23,0.05033769973963498,0.01672930796151625,-0.03936558568218602,0.0007162004510603588,0.006506672829535166,0.015243215575924092,0.005052928753135619,0.004908163447646473,0.008719390307273379,0.00012493836226527358
2025-09-24,0.05005489893417854,0.0173587490183737,-0.0380058855559088,0.0008991938609995663,0.006508004499406712,0.015192126826991545,0.005401232632467556,0.004943517889407045,0.008543965019821244,0.00015012907236091287
2025-09-25,0.04548920804291605,0.01699308806384396,-0.03599261702025675,0.0005981910894479175,0.007816630405422497,0.015192485397867776,0.005283283942335958,0.00571464881928433,0.008350813923292639,0.00011702689461147548
2025-09-26,0.05201213531807046,0.015583388204571872,-0.03615021559944296,0.0003094507935231425,0.0072083128974043615,0.015671218475892455,0.005524890991696208,0.005301697124721878,0.008439902523756405,0.0001328219399856321
2025-09-29,0.0591517055970935,0.011921433054651773,-0.03759641752471395,-0.0002172607686690841,0.006693400979759133,0.01570601015002643,0.005870467563123331,0.005189431465114832,0.008533464320631694,0.00012675966687097543
2025-09-30,0.06566125854776916,0.011954104388892226,-0.03803950169445314,0.0017074961570332752,0.006778188238515437,0.015826165457591905,0.00578117606406965,0.005165618378452264,0.008541923227642361,0.00013579031948594323
2025-10-01,0.06593186301755445,0.01350869980270011,-0.03990283401834843,0.001526112786342549,0.006631028350508389,0.016075217517196747,0.005820054474656337,0.0054262520750489275,0.008653484199541072,0.00015926492219230486
2025-10-02,0.06461922210729666,0.013831709241750907,-0.04038253439436539,0.0019437871491356344,0.006452802239304757,0.01602930807502844,0.005771246936540881,0.0054559153967435004,0.008668710985992954,0.00014791222138745816
2025-10-03,0.0717368798874895,0.010084550670930562,-0.03896584846890454,0.001190328480541864,0.0065035650268189015,0.016223081447391322,0.00635452144718512,0.005586259383477614,0.008591925373232306,0.0001401107317814541
2025-10-06,0.06587903969669483,0.015262537968119725,-0.037434260779346466,0.0013690044752813183,0.006092248435116811,0.015874943994221274,0.006515479268793857,0.005428641315723356,0.008611113682512352,0.0001402013006080047
2025-10-07,0.06201006126385014,0.016340689125554305,-0.03925040697249762,0.0013711772083183564,0.00664549112586572,0.01625764162337929,0.006764333906534996,0.005592072675170158,0.00863082761689561,0.00013639690594725894
2025-10-08,0.06313258749133537,0.011540128916621806,-0.03899891177019172,0.001410688469490967,0.006207874140743515,0.016628446967179206,0.007071570206677175,0.0052950890823559036,0.008728733102556688,0.00014898000663683122
2025-10-09,0.06379834496073647,0.014465384998456404,-0.03808314708845063,0.0016331140185583243,0.006654656796703102,0.016795910828298764,0.006672636898819364,0.005495710221546667,0.008653670061778654,0.00015042424418429382
2025-10-10,0.0572302496137958,0.012423700812235634,-0.04184089896169356,0.0019629699817481404,0.008568220561031872,0.016725493214897882,0.006027670993241703,0.006438752416066857,0.008775654195006494,0.00013496993707209885
2025-10-13,0.06520388760256773,0.010850768006286092,-0.04189414983749473,0.0013768574210484663,0.007127708572268763,0.01694823603497521,0.0072011509311481064,0.00550389036518266,0.008803082357663633,0.00014034193717045115
2025-10-14,0.06610725673857082,0.00767371837817282,-0.043312817507744794,0.001608729691396804,0.007733006080439387,0.01780003561227597,0.006941460338424671,0.005862380483043749,0.008642648263173293,0.0001483380795389668
2025-10-15,0.06239495281447688,0.009890178782592128,-0.04230314829151754,0.0017135766640598291,0.0076721664315834446,0.018267915132940894,0.007016954434984578,0.005520784814196114,0.008789530218357442,0.0001568802127579343
2025-10-16,0.05923477258685156,0.0131740479825362,-0.04534579925274909,0.0018414053696676116,0.008032660829869667,0.017548012290582064,0.007288795005268184,0.0056291122290141275,0.009007563872098799,0.00016332615455022227
2025-10-17,0.048765763357854125,0.015081892681218342,-0.04441028778801139,0.0019758847353981523,0.008401580322211262,0.01694997989825707,0.006895763929547588,0.005820705261742538,0.008782503121573217,0.00016038535547964342
2025-10-20,0.05111565415464794,0.017236989260490457,-0.04581434064221524,0.0012593398523248799,0.007518037613854891,0.017263843231548448,0.007568337347668602,0.005292469005256566,0.009026414910778161,0.00016899815939406087
2025-10-21,0.05405650193984347,0.014014965372907917,-0.046917606445719,0.0017976272267883494,0.008210906530482101,0.016942931400160358,0.006485159824027075,0.005745519597352286,0.009336685845673072,0.00016711866563896426
2025-10-22,0.06901174834961923,0.014732958907697357,-0.04725933100653873,0.0016737139812858523,0.008148600456753892,0.016993487784430186,0.00648543647847222,0.005547242663921577,0.009393469022074722,0.0001673416694470651
2025-10-23,0.0738279100419677,0.01002365403373558,-0.04571372493204534,0.002252617645533401,0.007582783701500936,0.017203352939050672,0.007344831074719832,0.005138179652802391,0.009313281982746889,0.0002018103529343447
2025-10-24,0.0808966536135796,0.01007538603047308,-0.04604955256665038,0.0009413981745798117,0.007340179838706876,0.01797730284286877,0.007331477958024084,0.005011208032619109,0.009557306108691143,0.0002151684787594632
2025-10-27,0.07943351170329879,0.006426724599938013,-0.04676641357674056,0.0008486160263952593,0.007285565338842272,0.018320686394464623,0.006957570952432904,0.0052872832298699836,0.009715004778609319,0.00017249171667601415
2025-10-28,0.07855591592514935,0.006746352495884956,-0.04707365992951908,0.0010438867996364727,0.007529021355078052,0.018302588503575197,0.0067133727546267175,0.005309427697445878,0.009794816843490598,0.0001226326815998085
2025-10-29,0.07557079685619075,0.008772232658377926,-0.04386454673306157,0.001239157572877686,0.007801264702179007,0.01801870046977301,0.007031818941950418,0.005331572165021773,0.009611938437343884,7.277364652360287e-05
2025-10-30,0.06951164252555476,0.009781501359220509,-0.04226030241031494,0.00013979089413728623,0.008077884943102135,0.018163881173743623,0.006728163000704732,0.005389983810034561,0.00969705267927372,0.00011678286735537362
2025-10-31,0.06493960148905456,0.007999976772826357,-0.04298587643303343,0.001907892356881052,0.007852759146376063,0.017781664703633657,0.006617823949250645,0.00525766348838642,0.009774615742323396,0.000132244889052692
2025-11-03,0.060893390207892396,0.009485504521319722,-0.041691699345110925,0.0019221879851270148,0.008658686828668006,0.0178896360275133,0.006620666576840451,0.005608679185464075,0.009804517665585169,0.0001334107347101839
2025-11-04,0.058325178733618074,0.004824332856626021,-0.0421458989075472,0.0019364836133729775,0.009678423489954801,0.01777361909645194,0.006070624343968201,0.0059596948825417296,0.009700038967358767,0.00013457658036767579
2025-11-05,0.06259459131689826,0.004732525583943132,-0.03975046381585597,0.0019507792416189403,0.009368621475930452,0.01775676750334669,0.006210454952925151,0.005924415107633084,0.009596668821163137,0.00013721118755790048
2025-11-06,0.05529798077422385,0.004425563559207397,-0.04299564103975446,0.0021281192652321734,0.009386362210993808,0.017818788488655368,0.00614460372731037,0.005638878727530265,0.009647520745283814,0.00013098228842900868
2025-11-07,0.05028894563122105,0.004601316468370433,-0.0433383971988549,0.0016429001286678378,0.009478902603571744,0.017858023310688417,0.006212403287883582,0.0059810286571621496,0.009540117770544702,0.0001387811401122031
2025-11-10,0.057871307771529296,0.0037480878709360245,-0.04197430321798382,0.00152300386096818,0.008895240200127611,0.017739468088617278,0.007036052733445001,0.005680674239405735,0.009585735988684,0.0001291073235824253
2025-11-11,0.06685281201409408,0.0030877034617314125,-0.04166070428076403,0.0020300290286720804,0.009349632622846094,0.017898725884851478,0.00699808020220442,0.005768388733137484,0.00958208023499641,0.00014501422118708422
2025-11-12,0.06740291515947329,0.0019327721155149912,-0.043859113680548255,0.0019839369117970926,0.009296202971852003,0.017870943505297818,0.0072672599471822275,0.005620057044115843,0.009636831454791106,0.00013400674816490207
2025-11-13,0.0619765190314905,0.0011537668748071756,-0.04202953583857419,0.0017073490623187566,0.01019866271810184,0.018168762590060308,0.007210239392238585,0.006163006337688088,0.009605000295925469,0.0001259156475819874
2025-11-14,0.052544592623822946,0.00025014847992245806,-0.04086872613819494,0.0025413393535763324,0.01073496142974051,0.018095023778949757,0.006837462626754571,0.0062007413394215855,0.009494662385960594,0.00013424256193676962
2025-11-17,0.04620956054871349,2.2362830392926025e-06,-0.041798603075657,0.001957753044335907,0.010787882539383807,0.017885896641254666,0.006617602628574505,0.005986005478381324,0.009483978530489493,0.00014127661778302395
2025-11-18,0.03347810107253449,0.0018564517923832838,-0.04256006724603883,0.0020964196587755185,0.010678745335571909,0.0180924087987697,0.006541149263904866,0.006045897041793307,0.009499565691972033,0.00014566596401048115
2025-11-19,0.033264942246733015,0.000694496578365397,-0.042151646877877556,0.002112045214566085,0.01075306500347617,0.01828912974423012,0.006599789797795551,0.00587263463426225,0.009445498775767822,0.00015905322989928948
2025-11-20,0.032924880472960695,-0.0020567410988220455,-0.04333890828462151,0.0020587774784750993,0.011546040917917107,0.018662781891366893,0.0063783203011606665,0.0060639556484424085,0.009513051114020636,0.0001580525950577222
2025-11-21,0.03396463059496444,-0.0024342561495745273,-0.045971898292865195,0.0019534607119769216,0.012055605312753216,0.019101140103513922,0.00650229798863219,0.0063533446525823566,0.009504680880378934,0.00015577305652928397
2025-11-24,0.034466075093421276,-0.0025726470704369358,-0.04696016121076717,0.0018534126566529035,0.0109279407176825,0.019422088137420766,0.0065003534200654715,0.0056907320942703055,0.009596851465133302,0.0001535472463385859
2025-11-25,0.04568631914191916,-6.589849280688297e-05,-0.04843861081653938,0.0034813261023637545,0.010694761392342647,0.019267797918421637,0.0066934179628874105,0.0053867052718362465,0.009608152232611206,0.00015929454516420445
2025-11-26,0.058220173632870076,0.002116700185777694,-0.04802169064624259,0.0025930856232737783,0.010378329892056472,0.019428378168783105,0.007087509285630891,0.0053508512562092615,0.009723625234291653,0.00013115575979092726
2025-11-27,0.06757392244452615,0.0015859253116522931,-0.048074941522043765,0.001704845144183802,0.010332917642792164,0.019638701410676675,0.007077386897417565,0.0053149972405822764,0.00971967042469778,0.00010301697441765007
2025-11-28,0.07150669176318368,0.004943519261732098,-0.04833348448571409,0.0014108874748058656,0.01026967686432039,0.01989347646408229,0.007464978175116351,0.005235156050241651,0.00973367536596162,0.0001099771863400246
2025-12-01,0.06447287920047523,0.005880184810947261,-0.04553177185446752,0.001180871034241545,0.011538100516072559,0.019841997652725398,0.007609539560757654,0.00585471341977965,0.009643180164200571,0.00012425671066208403
2025-12-02,0.06366556780614181,0.005814588341417161,-0.046462598161459104,0.00142251021111645,0.010667943704941455,0.020058607343886307,0.007208844438277199,0.005573312361451427,0.009732804714784448,0.0001222045287984917
2025-12-03,0.06445353321991161,0.005063839801425621,-0.04848125658605704,0.0016073658484573286,0.010360591864061824,0.020016045721480216,0.007607504530464221,0.005645291887757,0.009828979653852111,0.00014726740860651882
2025-12-04,0.06793976286376317,0.0035737180259618655,-0.04688958680005266,0.0012166950231329546,0.010363004131592654,0.020073627550965114,0.007652498648513938,0.005467892556211026,0.00983346302581133,0.00012015547270720632
2025-12-05,0.06619825902545481,0.0072841367900201345,-0.04588710777488764,0.0008214724649631495,0.010706454652876023,0.02049334611758401,0.007892193641398428,0.00547029901103764,0.009708957742142817,0.00014133188071960325
2025-12-08,0.06008267097361746,0.006951288389892214,-0.04427526829258881,0.0011721123366116282,0.010379118792298208,0.0204870408287172,0.007646997672381229,0.005341364513234769,0.009620399703768615,0.00013602423659887872
2025-12-09,0.06005044761027394,0.009709390119865432,-0.043264576876834354,0.000981318203678045,0.010271713101763204,0.02018951369548929,0.007380152276495349,0.005599094115050009,0.009412382171705055,0.00013089523882799567
2025-12-10,0.05650174396849754,0.012946589102458758,-0.04495795245496396,0.0016429612621099324,0.010286776063626596,0.019763824645375072,0.0074343885985777795,0.005559843340481924,0.009585354292251136,0.00013034690254123108
2025-12-11,0.060033840201018214,0.017198953756344264,-0.04675402263637976,0.0017236517290054863,0.010348663789625663,0.018727485021778546,0.00802716982510541,0.005517916762718929,0.009625648885598276,0.00014847513227447888
2025-12-12,0.06251316766353673,0.01889667694453551,-0.04593641659858281,0.0017947448853175472,0.010745042049459325,0.018822185456273677,0.007729783208798428,0.00555188357676034,0.009728461238784139,0.0001238971720395025
2025-12-15,0.07194901736457208,0.022150296152057034,-0.0463089737256287,0.0016820294689244388,0.010910118661298946,0.01915852076832618,0.007824979153740313,0.005284626612159537,0.009863367037123942,0.00012594678144015788
2025-12-16,0.07267535059866832,0.021000923481942938,-0.0476295486850997,0.0019026009559453406,0.010620770462383288,0.019395952289844032,0.0075522881755727255,0.005067861946640263,0.010013384676135382,0.00012067807552757353
2025-12-17,0.079652147963662,0.02223384876376077,-0.04764525168067212,0.002120468084618986,0.01108511318586868,0.01867835187122884,0.007937997404932205,0.0052085594730061045,0.010038591356808155,0.00012417020838340046
2025-12-18,0.085810689169672,0.02416176528791206,-0.04946474609891624,0.001196071666019539,0.01134487129991329,0.01908904295998074,0.00791729751502154,0.005398216319961002,0.010076568388781952,0.0001322138536039837
2025-12-19,0.08435800316702585,0.02540690483709346,-0.04820556578588171,0.0014328616131921899,0.010864944724215803,0.01878263429405037,0.008205310807209862,0.00529112419281169,0.010148193420163308,0.00012855706424950191
2025-12-22,0.08564892478872577,0.0249122444196634,-0.047312764974965546,0.001502454718999889,0.010480946338789788,0.01966835464986544,0.008617682454548534,0.0049525781491566705,0.010077131426786484,0.00013768302050729534
2025-12-23,0.0856520427123807,0.024594687558350415,-0.0466863037181043,0.0009624265533475712,0.01075838887213062,0.0199818331784102,0.00885338431034513,0.005081486976908763,0.010022243979699781,0.0001371745607724803
2025-12-24,0.08415888703155108,0.023846839346210496,-0.04755088179518795,0.00026494765188466037,0.010158533779459137,0.019456518017678365,0.008874581246171817,0.00444964037954594,0.010235022041234621,0.00013993690698042242
2025-12-26,0.08317842863685206,0.02489433165282835,-0.048221079044444705,-0.0004325312495782504,0.00959442311835609,0.02021186238633915,0.00948749137613987,0.0038177937821831176,0.010278248179979832,0.00014269925318836454
2025-12-29,0.08681969981637132,0.0239713665035519,-0.049144984019149705,-0.0006459393713286221,0.010440128075223131,0.019758434564317053,0.008256110999533812,0.004646705017265638,0.010240424121365714,0.0001429705150457339
2025-12-30,0.09327285400481583,0.025656569042232954,-0.04878917026215759,0.001039476999986405,0.00991259331150888,0.019284218613285043,0.008924569624852349,0.004235768385069603,0.010242698216285843,0.00013887093410345063
2025-12-31,0.08925389274334576,0.02563712352272315,-0.04729783999438842,0.0027248933713014322,0.009585719329078353,0.01974064114304396,0.008456812450042183,0.003824831752873568,0.010166429614484893,0.00013477135316116736
2026-01-02,0.08310758097329558,0.023197790600478996,-0.046835139748851985,0.004410309742616459,0.008819990076535139,0.018984188867984753,0.008419415963504975,0.003413895120677533,0.01004954278273701,0.0001306717722188841
2026-01-05,0.09069922700643766,0.02627710064117315,-0.048226414349820626,0.0044475046794930344,0.008974035564374126,0.018797957104457218,0.009534196188597138,0.003925434850981238,0.01025688234766913,0.0001478675856622802
2026-01-06,0.09753981582925428,0.02642629756390909,-0.047716361738689476,0.0046503844218129566,0.008916936650245011,0.018892442510049453,0.009774762530698427,0.00393119176955436,0.010241170809372868,0.00014975299635829194
2026-01-07,0.10079304435214817,0.02511251283471691,-0.04916601267057508,0.004853264164132879,0.009258503504539235,0.018952461198131577,0.009170596232624572,0.003936948688127482,0.010186857890167746,0.0001516384070543037
2026-01-08,0.10207068752810981,0.021274115755265915,-0.04769840916865897,0.00551346388655485,0.009109641774410347,0.019229770536280392,0.009194343000130115,0.003666985165659611,0.010067617193781369,0.00014219134733335385
2026-01-09,0.10722639509482347,0.022653382932773414,-0.04746998254949743,0.004881654683624165,0.009003706494406604,0.019821556799490415,0.00966389141443188,0.0034808900311179888,0.010098447347496856,0.00016457290800946494
2026-01-12,0.10541358297845173,0.021136905568313765,-0.04662363413866605,0.004862709547188203,0.00909511336332078,0.020226284772020736,0.010357681150929925,0.003607977698270191,0.01001557613380693,0.00016807430939172203
2026-01-13,0.10142970420259675,0.020959921568319103,-0.04691119547725584,0.0054444989649528016,0.008917067607594116,0.019943583085697728,0.010387577688041537,0.003964104388218924,0.009994849059169105,0.00017275984849535457
2026-01-14,0.10215256203286388,0.019031477304985542,-0.04806566224271679,0.005948414989782894,0.00901042199530355,0.020144148059996446,0.010662743928571227,0.0041737494672336875,0.009948242287696737,0.00015773020802749375
2026-01-15,0.11516874817153851,0.01891819940643666,-0.04677413357857573,0.005405548073334746,0.008938391199518954,0.02022488507456605,0.010283907442779737,0.003954375979311806,0.009901834617467603,0.00016298122570622392
2026-01-16,0.11768926182057024,0.020382374825856402,-0.04434133305511295,0.0043461770859052305,0.008552231746496546,0.02044624765131222,0.009874312524688659,0.0035198004071796633,0.009771026581421892,0.00018967898255112782
2026-01-19,0.10911867603485692,0.021773602817007316,-0.044394583930914125,0.0032868060984757156,0.008456836701169736,0.020705135507570412,0.009864190136475333,0.003085224835047521,0.009797941069452044,0.0002163767393960317
2026-01-20,0.10228954974835229,0.022683009884569345,-0.04232633327986873,0.004251431528328449,0.009643227889834044,0.02048091237326712,0.010459005142845045,0.0036403463615357744,0.009693871377134714,0.00019993143262473222
2026-01-21,0.10529836811527638,0.022861147041246803,-0.04339868700366045,0.0040916773802334525,0.009627950307878323,0.021041409421517426,0.010617868611668645,0.00373557894883791,0.009868555427601532,0.00021168227533318438
2026-01-22,0.11775886285530114,0.02386147062844661,-0.04322696826613637,0.004021889078345795,0.009063951876159635,0.021599569671458957,0.010794217834750305,0.0031158660524415894,0.00995232163177969,0.0002172630478996204
2026-01-23,0.114023872817709,0.02576339970992318,-0.04374693620897128,0.003143622392504041,0.009151688730877716,0.021790842956112215,0.01149150476913046,0.0031923570690457932,0.009985147217384714,0.00020429627515339976
2026-01-26,0.11611690646142163,0.028058609200265032,-0.04484711796908438,0.00277516126085355,0.009571969829051218,0.021131308064265296,0.011934062422685259,0.0034767705233244017,0.010000775859058234,0.00022249016659745983
2026-01-27,0.11721023420958182,0.033075192836669765,-0.04487907932652521,0.0029647375346963877,0.009261229146307011,0.021330082970888373,0.01174960288023869,0.0033367752894821944,0.009986228484415431,0.00021707860825420639
2026-01-28,0.1141012141154445,0.0412845829938379,-0.04361438771211324,0.003955802034138303,0.009154411039860285,0.02101900233812906,0.012606551384920754,0.003194026009397025,0.009926011729346557,0.0002535829229648371
2026-01-29,0.11082097935194828,0.04168737910953782,-0.04487974718946028,0.004104135406314675,0.0104254929994194,0.021355462339775592,0.013384691204077277,0.0038722935825404965,0.009858540004623438,0.0002684162170819707
2026-01-30,0.1132177912428658,0.040144246553942387,-0.04496851219300378,0.005352387348421368,0.010798697103658817,0.02132618989128502,0.010907564993875322,0.004019039277621407,0.009741219302463492,0.00024238468751409633
2026-02-02,0.12178848436990021,0.039631787244889013,-0.04351529576991485,0.004993838264878583,0.011927258012324398,0.021145900434593155,0.010071801024732709,0.004149023074925536,0.009703256461312296,0.00024082149689726024
2026-02-03,0.11455472183626075,0.03909757064765529,-0.043312588642782514,0.004774522250442519,0.012311754139346482,0.021031494475815232,0.011606859214600765,0.004074970473600002,0.009707925283091525,0.0002474478716825878
2026-02-04,0.11853554881171748,0.03819069953890823,-0.04332305884527616,0.005242443392220638,0.012646609742938601,0.02117374083143805,0.011317569181443594,0.004029898684943044,0.009710449377888376,0.00023469016236172621
2026-02-05,0.10644487150739615,0.03402379710575419,-0.04656216393131839,0.004451730698477296,0.014817528504242223,0.021226350376044503,0.010922523324082577,0.0046354247312640874,0.009862792091481479,0.00022936139225378916
2026-02-06,0.10904071819739021,0.03244107114072067,-0.0463614139067933,0.004641751606117755,0.013635104040918956,0.021255011123003854,0.011372628015433452,0.004625687074168092,0.009810223864216733,0.00021864683308961912
2026-02-09,0.114818646466361,0.03173440495592299,-0.04677769635499606,0.0037761206288851002,0.012508270848785258,0.021217998177328275,0.011917008115154393,0.0035272033554677217,0.01000268485356555,0.00023585015145934971
2026-02-10,0.11852683601945004,0.03449452669820262,-0.0486873537169862,0.003667307569315279,0.012554212372560311,0.021026902646527713,0.011640769114810804,0.0032734291508984036,0.01018438592147375,0.00022705583882555764
2026-02-11,0.11233030915418155,0.03611618313703381,-0.0472556137822651,0.004256708059885868,0.01304643219093137,0.021187614237147843,0.011995174786842448,0.003428240397848015,0.01023330047173197,0.00025412306974972773
2026-02-12,0.10779971550546531,0.03922353127617016,-0.050066853913833476,0.004081650430662855,0.012935381791528916,0.021157770298007483,0.011011108469980038,0.0032471278071687544,0.010445423255838722,0.000272054713822832
2026-02-13,0.11080500433631267,0.03939768395723663,-0.05227966525915416,0.0038858077614176757,0.012471834658701891,0.021464533958555364,0.011374765121949971,0.0031997899277679117,0.01057556143046411,0.0002493897877924835
2026-02-16,0.10860458362760127,0.03915472177788924,-0.05233291613495533,0.003689965092172496,0.012551195305061803,0.02141218544446534,0.011364642733736646,0.003152452048367069,0.0106020823494907,0.00022672486176213507
2026-02-17,0.11888770603187679,0.038854611374725255,-0.05223706027909093,0.004493534996483667,0.012607313588628261,0.02165933100930112,0.010546147934309975,0.003066342813299436,0.010655705516164363,0.00022236180529537232
2026-02-18,0.12434760224806382,0.039629207595327336,-0.05110745705601598,0.004169825131710358,0.012742685776402208,0.021548874869353845,0.011421159075017024,0.0030107195051920477,0.01070988135489955,0.0002477959862295717
2026-02-19,0.1190745163099139,0.03642782508433366,-0.05135967984019079,0.004062185053992497,0.012601987724953724,0.021634637364703984,0.011333982699014438,0.0028831121949686126,0.010651255948715738,0.00022286413840606197
2026-02-20,0.12475575360577042,0.0368910810421942,-0.051140245237462315,0.0033831601594797862,0.012908266550448282,0.021706260034986113,0.011806444967973395,0.003302630451440031,0.010651719061670742,0.000224563274111375
2026-02-23,0.11675326449635394,0.03950343991776545,-0.05373990555753015,0.002704135264967075,0.013886106129484368,0.02156134503835806,0.012101740164451086,0.0037221487079114497,0.010821797257601023,0.00022626240981668804
2026-02-24,0.1115582952373415,0.03872514809852973,-0.05341124777845367,0.00264790057366465,0.013755952857653242,0.02180450649518476,0.012206663389208516,0.0035203523956196126,0.010815223455006667,0.00021057455409387963
2026-02-25,0.1177184253797769,0.038439426127015515,-0.05277198711123781,0.0030419474537434973,0.013452591696498616,0.021808065481224763,0.01247217262197422,0.003967102995943501,0.01077312284507287,0.00021799527619993536
2026-02-26,0.12322464904515176,0.03980904394789353,-0.05411609190598525,0.0026381180848789494,0.013315176889704825,0.021657126122807402,0.012297630022549567,0.003710653788937656,0.010864302540690877,0.0002216069548858102
2026-02-27,0.12328088210918671,0.037980758545104056,-0.05679282398187127,0.004222380995652416,0.01356829328216026,0.021556886655583894,0.012688336547415663,0.003605959885982291,0.010845961885298475,0.00023400641366927351
2026-03-02,0.10943803942236177,0.03800676500894238,-0.05285420300002317,0.004635289100776537,0.013508860504041303,0.021687797518944334,0.012990082850006539,0.003976041858913277,0.010572627596986127,0.000236176610500836
2026-03-03,0.0830132066543584,0.03258590502219389,-0.05246183954160339,0.005785562301030778,0.01349775569212762,0.02159184127994688,0.012387362651467481,0.0038119846048212873,0.01013758873869067,0.00023124230241460954
2026-03-04,0.09167612426474,0.030969676763004002,-0.05134259199085025,0.0049050395877958996,0.013384213521534218,0.021681361383056038,0.012588199717970653,0.004328550142983397,0.01026953439544439,0.0002280147437810465
2026-03-05,0.08499711499728081,0.03500381487687601,-0.048817387600302936,0.0052240754710869055,0.013144455893318342,0.02131548612937025,0.012431229822397295,0.003812390462942324,0.010313640347386004,0.0001943463090991739
2026-03-06,0.07601220288434057,0.031726018908551805,-0.05001315337533948,0.005152611613821301,0.013393839034447453,0.02120359149775777,0.013083858030509512,0.0036293267051347735,0.009924118995088922,0.00022426378489720863
2026-03-09,0.055468388360988406,0.034259860286036475,-0.04915378952466081,0.005626217867076006,0.013572328682710985,0.021606382175533886,0.013321806267913803,0.0038409869397993705,0.009358570346054605,0.00024697926429190995
2026-03-10,0.07265612503655544,0.035813088428657845,-0.04956569289576539,0.005195996452401913,0.013422311381653585,0.02111736574300314,0.013357728795452804,0.003888798611998171,0.00953194785909634,0.00023615671616053062
2026-03-11,0.06699291802970835,0.03321515915541988,-0.046836854489897356,0.00445369608979002,0.01313547096587153,0.021098097089148057,0.013267175804856174,0.003635218031160616,0.00941907765340132,0.00022610205422789702
2026-03-12,0.05974739282864449,0.03667089482624634,-0.04358157600952491,0.0041857344451522996,0.013074226888001214,0.020973676475068113,0.013491447136653822,0.0036223972233781795,0.009184270892548895,0.0002509429456172662
2026-03-13,0.054282323636882915,0.03242305799966434,-0.04362867798667434,0.003844059907669018,0.013515452480358675,0.020732631967083796,0.013182189593878783,0.004121884005769976,0.00895758818346137,0.00025876324806232834
2026-03-16,0.05000081929255036,0.03300017805069497,-0.04626392878898749,0.003766286507141085,0.012861507025695352,0.020220262155908445,0.013007590476656904,0.004244097762992569,0.008943243521454133,0.00023431057080609472
2026-03-17,0.057150598333902486,0.03513897063348657,-0.046992680095938225,0.0036917997620231546,0.012693365542895201,0.019749751016940383,0.013039619835927793,0.003925779253099693,0.008989984577248714,0.00023185147662381085
2026-03-18,0.054101072382919425,0.03542115390401619,-0.044387424958484537,0.004422293294587926,0.013063832660373424,0.019015821525221355,0.012487287808092365,0.003855063163495264,0.00885086083534756,0.0002398973771611805
2026-03-19,0.030250891805839387,0.0324590842251977,-0.042888494403190446,0.004445750805682828,0.013257909566842757,0.018159625815505044,0.011305365591906058,0.003794318068409121,0.008398274568327256,0.00018489811103316507
2026-03-20,0.022907706675002255,0.03217817490028794,-0.0389013231392033,0.00446920831677773,0.013149511583703642,0.019368890955873155,0.011144307387044127,0.003733572973322978,0.007833694091543272,0.00012989884490514965
2026-03-23,0.01653819873738075,0.02729184490817997,-0.04136738204409872,0.004783784031196178,0.013333389307726139,0.02010906197983118,0.010198048426620695,0.0039406711049446925,0.007805432842437219,0.0002441799532578986
2026-03-24,0.01266043022836949,0.02519126116601617,-0.03860722643450557,0.0040393836358561565,0.012929784436636607,0.02064703855782303,0.010352830672218231,0.0034935531621858645,0.007821962957126526,0.00018677584730820342
2026-03-25,0.02789127602791344,0.027019557134605666,-0.041053861000766904,0.003638442579076058,0.012732718592665632,0.02041702252679507,0.01100194188295546,0.0033642894016674488,0.008152956847950518,0.00019283717785631134
2026-03-26,0.022641988151350892,0.03153291740040148,-0.03701022341611094,0.0028791791255984613,0.013293870610587805,0.02033618935172918,0.010465170724623885,0.003486455490488512,0.007603371027431772,0.0001963707968257369
2026-03-27,0.006453424006209008,0.026674959266830806,-0.03732422266558131,0.0034760185277675553,0.013808133390763177,0.020270337133788667,0.011119711116346385,0.0036345367496897476,0.007267039567720338,0.00018048290566301112
2026-03-30,0.008058320934467431,0.025112221258341588,-0.04120398019458149,0.0027665251961928707,0.013536040661833844,0.020525470925967144,0.01125774201830974,0.0034414858987256384,0.00715887951796191,0.00017917037218236176
2026-03-31,0.018147322523158343,0.02661253490886454,-0.0424705621264078,0.004653228303922592,0.013463961211691692,0.02065165454000034,0.012150604941751289,0.0036458870155529365,0.007370837152052041,0.000195448288215625
2026-04-01,0.04134903418699265,0.029421963342444082,-0.042078208022134744,0.004277833974697117,0.01326522301634713,0.021091544361397815,0.011896357618549963,0.0034835949198028624,0.007832050268859083,0.00020398599995028637
2026-04-02,0.04044642501401807,0.030257710418209675,-0.04234229531358412,0.0042921296029430804,0.013578462175310715,0.021095830708375427,0.011683775161805337,0.00351279098216079,0.007759936182936075,0.00020848656188654556
2026-04-03,0.04045422816627143,0.029197577314770753,-0.04239554618938529,0.004306425231189044,0.013630337077289403,0.021265409783473924,0.011673652773592011,0.003541987044518718,0.007568600917620954,0.00021298712382280475
2026-04-06,0.03975762475235746,0.030658425705129406,-0.04107452546594731,0.004320720859435007,0.013408098341833433,0.021843306385017098,0.011759962914790477,0.003571183106876646,0.007715680471532814,0.00021748768575906394
2026-04-07,0.0354756791958829,0.027852104599630705,-0.04122409450929379,0.00433501648768097,0.013123934534356587,0.0220987663361457,0.011642487791293309,0.0037757061459611886,0.007819562164229391,0.00021445015223016124
2026-04-08,0.07097901749402563,0.03154795465328416,-0.043656524556101445,0.004745476925356113,0.013241740447527474,0.02194538695416929,0.0117016224374193,0.0037115504620796025,0.008824177672400624,0.00023962705916746857
2026-04-09,0.061434345214356915,0.030010384836224598,-0.0440030076236927,0.0046831700565985995,0.013012191663253101,0.02243983315062286,0.011868806405558327,0.003511200372536121,0.008868656072014152,0.00022788562331535752
2026-04-10,0.06727703940204724,0.03328901880160211,-0.043031283768599125,0.003738427571605886,0.01281045633793144,0.0226940533087603,0.011979492633181472,0.0034917227762214444,0.00903653274784948,0.00023868853705867377
2026-04-13,0.0642502668660513,0.03400138130332071,-0.04369605572050439,0.0035857935542521046,0.012913859548139301,0.023274388575236334,0.01233438714010978,0.003922108647878586,0.009188982119359274,0.0002392568112612522
2026-04-14,0.08195137974806957,0.034596421836866426,-0.04524774435935594,0.003724726970147475,0.01309930583818195,0.023502170998629484,0.012555213083710548,0.003979687679523293,0.009767644724214576,0.0002540170059702368
2026-04-15,0.07993873284295164,0.03658605098896949,-0.0443168348317322,0.003641773627392135,0.01252698843002644,0.023126386839230753,0.012473575785828686,0.0035008895566193046,0.009760583970242235,0.00024379580452467363
2026-04-16,0.08342466068181956,0.037208625949722705,-0.04355763140994433,0.003950092427905416,0.012720688156916207,0.0229525656155366,0.012631640717988389,0.0036819720841891656,0.009908838768440027,0.00025601986594279156
2026-04-17,0.1008890297201181,0.04256294354755601,-0.04646716057644597,0.0052165388719089475,0.01280996611002627,0.023194266544590576,0.01246144405793648,0.004026844293334939,0.010256786019389195,0.00028910810729939864
2026-04-20,0.09003351262589082,0.04328304135958502,-0.046253970821294406,0.004299080731772616,0.012694799493289671,0.023816819602605826,0.012420690470442607,0.003610443912345421,0.010254905467449196,0.0002576424839795975
2026-04-21,0.09186607441157613,0.044259232967710394,-0.044383350914631435,0.004465655566221023,0.012491277325373888,0.023706821216620464,0.012134861770615436,0.0034466184694177194,0.010065479447534623,0.00024450107781131354
2026-04-22,0.0886502866405675,0.041748378040413286,-0.044324021330221064,0.00414985803998393,0.012695078798594682,0.023722466535575033,0.012647402233896042,0.0038526642755419434,0.01024610479099317,0.00023340729779497502
2026-04-23,0.08042931240486932,0.041114567071573675,-0.04310668619666156,0.003834060513746838,0.01319604664409656,0.023332481459174225,0.012607661011381855,0.0042587100816661675,0.010235461934543532,0.0002223135177786365
2026-04-24,0.06930850977284743,0.039775564744529646,-0.04406143826431898,0.003665757437334943,0.012710307160081612,0.023737137280721896,0.01256207946229919,0.0036663378578781275,0.010317126929847617,0.00023422331255333742
2026-04-27,0.06947135771018374,0.041640804596209224,-0.04315201035303575,0.003334425897629807,0.013050665817716101,0.02389919231696916,0.012517973623733048,0.003957945385760955,0.01043504103510909,0.00024796202180973176
2026-04-28,0.06359479133677073,0.039323684712219587,-0.04216942005855239,0.004124198468657709,0.012837367818830207,0.023747631144157774,0.012146965315084756,0.003626183119400673,0.010295961635275913,0.0002540613119001586
2026-04-29,0.05417605010303539,0.04298804845009077,-0.03941206571327044,0.0030886208599512064,0.01348978093859151,0.023823164983720342,0.012194859992885764,0.004149734877910793,0.009932351234485604,0.00025839944675005994
2026-04-30,0.06466238130446626,0.042528991013986044,-0.04091014513584782,0.004138721304002474,0.012867300950734172,0.02394152101559546,0.01235076117202165,0.00355248846857051,0.009936607733179136,0.00025123865928088345
2026-05-01,0.0668718201094458,0.04501926419633598,-0.041434770664079565,0.005188821748053741,0.012080401640631814,0.023834073611844673,0.012144539514805546,0.002955242059230227,0.010051072190752568,0.00024407787181170696
2026-05-04,0.06441955784208117,0.04282989465469639,-0.0384915319786002,0.006238922192105008,0.011291126052150567,0.023547442407647008,0.011747199759973407,0.002357995649889944,0.00988620922751244,0.00023691708434253047
2026-05-05,0.05822764539184243,0.04082829975447242,-0.03933351571423994,0.005771895203090652,0.011643976515835507,0.023682086368380328,0.011969962867638365,0.002795185662349099,0.010038815209700125,0.0002466912095691523
2026-05-06,0.07368222415158988,0.04247145337684128,-0.04189132572686007,0.0064483134106525395,0.011844524749227644,0.024071654069634952,0.012378578893486583,0.002992491128225647,0.01054250104187759,0.00027579625098459636
2026-05-07,0.07597637865289314,0.03818839623214351,-0.04048143734415299,0.006376948567160047,0.012011081365298343,0.024082050301249738,0.012351115180447066,0.0029320734140746416,0.010514859557729399,0.00026498836985953093
2026-05-08,0.07191997166720453,0.036043836965506455,-0.04173129602655722,0.00541442862460537,0.01183009465878801,0.024400505694137688,0.012710634562579565,0.0027737574836555596,0.010572987977367642,0.00026112795186590185
