date,actual,Mean Benchmark,predicted,Lasso,Elastic Net,split_date,is_hit
2025-01-02,-0.003472387830386719,-0.00045369015266201733,-0.00020172998194378441,-0.00025564226585096124,-0.00026884365197837835,2025-01-01,1
2025-01-03,0.00966032585843717,-0.00045369015266201733,0.0012163851020450204,-0.0010192399023773255,-0.0010209301041754703,2025-01-01,1
2025-01-06,0.0056910706121021965,-0.00045369015266201733,0.00033314981249312506,0.0004148456089715216,0.0004861961374609088,2025-01-01,1
2025-01-07,-0.019313006034185624,-0.00045369015266201733,0.00037405710380681727,0.0001628767621198868,0.00010507926044443208,2025-01-01,0
2025-01-08,-0.01644467288552149,-0.00045369015266201733,-0.0011962954626241393,-0.001199075114675337,-0.001216554921007271,2025-01-01,1
2025-01-09,-0.011504208245127972,-0.00045369015266201733,-0.0004207159745809817,-0.0012709598410538393,-0.0012946623674559134,2025-01-01,1
2025-01-10,-0.02260258668895246,-0.00045369015266201733,0.0009230606553952924,-0.0003334473577623951,-0.00026256991948784577,2025-01-01,0
2025-01-13,-0.025288768003600495,-0.00045369015266201733,-0.0012051482001492846,-0.0027859573761951618,-0.0028212711528232096,2025-01-01,1
2025-01-14,0.008104616897228698,-0.00045369015266201733,-0.0008501623216758938,-0.0006437576305654796,-0.0006537312686962558,2025-01-01,0
2025-01-15,0.03822953816866606,-0.00045369015266201733,-0.00037447160926050275,0.0007880837329677415,0.000752214417111261,2025-01-01,0
2025-01-16,-0.002226921331181657,-0.00045369015266201733,0.00428100689187615,0.002494016114151274,0.0026126192092219597,2025-01-01,0
2025-01-17,0.004424463831604869,-0.00045369015266201733,-0.0006396720932835139,0.0002503901861903732,0.00025107697251774085,2025-01-01,0
2025-01-20,0.0015717439815254618,-0.00045369015266201733,6.279246452455705e-06,0.0001888623914543425,0.00017837154786039884,2025-01-01,1
2025-01-21,0.014380191575119506,-0.00045369015266201733,-0.0009520225583214488,-0.0006899100990831169,-0.000718354817766616,2025-01-01,0
2025-01-22,-0.002755132199213938,-0.00045369015266201733,0.0014786406447138782,0.0012664214253345443,0.0012713349964760564,2025-01-01,0
2025-01-23,0.0047178920728744795,-0.00045369015266201733,-0.0016467648112659227,-0.000834824720496557,-0.0008801356582148712,2025-01-01,0
2025-01-24,0.005865037582388496,-0.00045369015266201733,0.00030882797488494823,0.00033634620263063944,0.0003374346456755104,2025-01-01,1
2025-01-27,-0.01847575813987233,-0.00045369015266201733,-0.0006923709350006222,-0.00010867168478185363,-0.0001340856106178012,2025-01-01,1
2025-01-28,0.01226009741916257,-0.00045369015266201733,-0.001640883924588355,-0.0007700040215806556,-0.0008054048081112604,2025-01-01,0
2025-01-29,0.05541081353561627,-0.00045369015266201733,-0.0007778169379906747,0.00013646831614107528,0.00017408613601869061,2025-01-01,0
2025-01-30,-0.016839989361856628,-0.00045369015266201733,0.0005549394724591787,-0.0005409561855377079,-0.0005537814473902461,2025-01-01,0
2025-01-31,-0.002952108874433552,-0.00045369015266201733,0.001580651497015958,0.0009993617481924883,0.001077151934594477,2025-01-01,0
2025-02-03,-0.0049586100847490945,-0.00045369015266201733,-0.000938422286905647,-0.0011249469655016816,-0.0010915053418509495,2025-01-01,1
2025-02-04,-0.004191411449505538,-0.00045369015266201733,-0.0010976176660292825,-0.0018761805203017451,-0.001856403075968916,2025-01-01,1
2025-02-05,-0.0062721590221666715,-0.00045369015266201733,0.00010429723967044776,0.0005874068803947467,0.0006252902173961528,2025-01-01,0
2025-02-06,0.03740362190633068,-0.00045369015266201733,0.0011747375871920195,0.0002792233539447599,0.0003446499744199264,2025-01-01,1
2025-02-07,-0.0005929659175821399,-0.00045369015266201733,0.0010097970593956915,0.0009769205410548373,0.0010736881223717062,2025-01-01,0
2025-02-10,0.012377398337582352,-0.00045369015266201733,0.00015746401446932072,-0.0011978031303227564,-0.0011417441243058706,2025-01-01,1
2025-02-11,0.02186720731959594,-0.00045369015266201733,0.0006950647802217674,0.00023296741320912864,0.000216207631807488,2025-01-01,1
2025-02-12,0.0572623433133439,-0.00045369015266201733,-0.0017437088150119792,-0.0003182272058394977,-0.00036104690710090027,2025-01-01,0
2025-02-13,-0.0022978195150277847,-0.00045369015266201733,-0.00016312646203654133,-5.430370992863634e-05,-0.00010663950545342744,2025-01-01,1
2025-02-14,0.006333675757810835,-0.00045369015266201733,0.00010350902179632186,0.00011379273196907599,3.002382971041388e-05,2025-01-01,1
2025-02-17,0.004855237114920834,-0.00045369015266201733,-0.00010694723996250416,2.696240026369757e-05,3.896121539616218e-05,2025-01-01,0
2025-02-18,0.001535721381933313,-0.00045369015266201733,8.360566069165725e-06,-0.00040269450849375263,-0.00036071160799217364,2025-01-01,1
2025-02-19,-0.012942481733781881,-0.00045369015266201733,0.000409595298026375,0.0005086836911455357,0.0005421940858664833,2025-01-01,0
2025-02-20,0.008143037490077725,-0.00045369015266201733,-0.001246819902634653,-0.0015529062200743435,-0.001574018387145668,2025-01-01,0
2025-02-21,0.046380543073575274,-0.00045369015266201733,0.00027025839523857424,-0.00039325803818908564,-0.0003929616703203651,2025-01-01,1
2025-02-24,0.025533960517190417,-0.00045369015266201733,-0.0010543117219390817,-0.0010879348039574907,-0.0010836678352313318,2025-01-01,0
2025-02-25,0.028177816913464413,-0.00045369015266201733,-0.0022549276008868983,-0.001133363108743886,-0.0011984340021095083,2025-01-01,0
2025-02-26,0.02688014662345433,-0.00045369015266201733,0.0007919770556823033,0.0003775092330790744,0.0004171891433445541,2025-01-01,1
2025-02-27,-0.018472436646121724,-0.00045369015266201733,0.0003405006331832717,0.0004045162058277257,0.0004022307926971313,2025-01-01,0
2025-02-28,-0.01731083476157187,-0.00045369015266201733,-0.0006353643057579626,-0.0015957593478356374,-0.0015463435948349412,2025-01-01,1
2025-03-03,0.004126117211810524,-0.00045369015266201733,-0.0004066848329678524,-0.00047602233414882964,-0.0004113952679761099,2025-01-01,0
2025-03-04,-0.024632904381701595,-0.00045369015266201733,-0.001754537770564216,-0.00023390040883054472,-0.0002698151173420747,2025-01-01,1
2025-03-05,0.04709939314213051,-0.00045369015266201733,-0.0011455500122779687,-0.0019956903032168102,-0.0020520668121364297,2025-01-01,0
2025-03-06,0.007378295687501705,-0.00045369015266201733,0.0016150952917697893,0.0024852048124682216,0.002549545383856071,2025-01-01,1
2025-03-07,-0.002091786196049373,-0.00045369015266201733,-0.0019238962624055405,-0.0014509153871948132,-0.0014868146418839357,2025-01-01,1
2025-03-10,-0.033671698700990196,-0.00045369015266201733,-0.0004253349838116178,0.00034003074926834914,0.0003811918848523816,2025-01-01,1
2025-03-11,-0.035431734441558754,-0.00045369015266201733,-0.0046948716218065635,-0.003731204759920347,-0.003811013317571494,2025-01-01,1
2025-03-12,0.03473624915690786,-0.00045369015266201733,0.000985068146051669,-0.000647163113505205,-0.0006740595143546644,2025-01-01,1
2025-03-13,-0.0034269387575821425,-0.00045369015266201733,0.00022683858831768405,0.0004059656876672377,0.00043153779935808164,2025-01-01,0
2025-03-14,0.05311590859285758,-0.00045369015266201733,-0.0011966438688659705,-0.001458677891298501,-0.0014817209310550865,2025-01-01,0
2025-03-17,-0.007607537813569311,-0.00045369015266201733,0.0014713449260353648,0.0023813467337084056,0.0024400382613324347,2025-01-01,0
2025-03-18,0.03584052033856614,-0.00045369015266201733,0.0006026557936974885,0.0009313242578144512,0.0009082740069476901,2025-01-01,1
2025-03-19,-0.008725773142610652,-0.00045369015266201733,0.0003640335554732146,-0.00014983945406014276,-0.00014779871417195322,2025-01-01,0
2025-03-20,-0.010841301277909993,-0.00045369015266201733,0.0013899559489372521,-0.00017019987269172217,-0.00011496023081136904,2025-01-01,0
2025-03-21,-0.007276492336814394,-0.00045369015266201733,-0.0014797585403685458,-0.0013922918171748403,-0.001393493661950383,2025-01-01,1
2025-03-24,-0.011483838722236302,-0.00045369015266201733,-0.0017409902951935783,-0.0012336214832860159,-0.0012401574620449064,2025-01-01,1
2025-03-25,0.01322105281842152,-0.00045369015266201733,0.0014112773701888395,0.0003040700681960364,0.00029954364258769225,2025-01-01,1
2025-03-26,0.011812111920496207,-0.00045369015266201733,0.00010505202304036363,0.00029357055977919494,0.0003244476894273321,2025-01-01,1
2025-03-27,-0.020221553007771544,-0.00045369015266201733,-0.0009173734931535497,-0.001240040761869364,-0.0012371478645909293,2025-01-01,1
2025-03-28,-0.01132315741343061,-0.00045369015266201733,0.0007987419771200246,-0.00046203629986153624,-0.000447433460772107,2025-01-01,0
2025-03-31,-0.02500070728896025,-0.00045369015266201733,-0.0020982204628260293,-0.0020767154970207278,-0.002114757269280572,2025-01-01,1
2025-04-01,0.01635456229805888,-0.00045369015266201733,-0.0006884162649570696,-0.0014929946402035908,-0.001500229745203776,2025-01-01,0
2025-04-02,0.006087581351553793,-0.00045369015266201733,0.0006672502704602279,-2.523938254886393e-05,-8.256899993761913e-06,2025-01-01,1
2025-04-03,-0.0510165808608322,-0.00045369015266201733,-0.0007895691666193099,0.0003406211154451913,0.00034810446354621954,2025-01-01,1
2025-04-04,-0.12388794295032209,-0.00045369015266201733,-0.006042425642866979,-0.00466254952141798,-0.00477900010095711,2025-01-01,1
2025-04-07,-0.04666662250780798,-0.00045369015266201733,-0.009943307256096757,-0.009790321231785273,-0.009980046279650372,2025-01-01,1
2025-04-08,0.0502662432562312,-0.00045369015266201733,-0.007654902417491064,-0.004324802109509387,-0.0043801254288632525,2025-01-01,0
2025-04-09,-0.042024595892579224,-0.00045369015266201733,-0.002432302436570155,7.635381006847641e-05,8.783311745848754e-05,2025-01-01,1
2025-04-10,0.0962472059944701,-0.00045369015266201733,0.006216863958504388,0.006193380454541091,0.006341606223417303,2025-01-01,1
2025-04-11,-0.007878451273023465,-0.00045369015266201733,-0.001476303255194426,-0.0009890414781644117,-0.0010514893605989822,2025-01-01,1
2025-04-14,0.04297873419674189,-0.00045369015266201733,0.002164305674056611,0.0019212309526910076,0.0019521817377693893,2025-01-01,1
2025-04-15,0.024605378993916346,-0.00045369015266201733,0.0017257284041203597,0.0017885733808494049,0.0018193548132874001,2025-01-01,1
2025-04-16,-0.005004615185718427,-0.00045369015266201733,-3.548974970051357e-05,0.0008085110058960607,0.0008470722066941302,2025-01-01,1
2025-04-17,-0.004828930483141944,-0.00045369015266201733,0.00012773203196716636,-0.0012865140577862106,-0.001321743507982139,2025-01-01,0
2025-04-22,0.047552285437317925,-0.00045369015266201733,0.0004787674998403128,0.0002935917595052,0.0003099591021803453,2025-01-01,1
2025-04-23,0.035102264777675425,-0.00045369015266201733,0.003228012436899639,0.0010996685357904348,0.0010300542191807372,2025-01-01,1
2025-04-24,0.003857899074032378,-0.00045369015266201733,0.001260152222413523,0.0010237820188617936,0.001082768995373763,2025-01-01,1
2025-04-25,0.020923367792271212,-0.00045369015266201733,0.000310465435908938,0.000677982886050903,0.0006951835723695824,2025-01-01,1
2025-04-28,0.020381424209462425,-0.00045369015266201733,0.0001641584657670105,-0.00011593116253440396,-0.0001086680156759843,2025-01-01,1
2025-04-29,0.01965333823845252,-0.00045369015266201733,0.001399555272154962,0.00022505976375180345,0.00023649324144707788,2025-01-01,1
2025-04-30,-0.00014369310822597448,-0.00045369015266201733,-0.0015440859404977688,0.0002749598134353746,0.00027526327624120784,2025-01-01,1
2025-05-01,0.03199075440905988,-0.00045369015266201733,-0.0020570026449119472,-0.0006980117116745963,-0.0006876159107839267,2025-01-01,0
2025-05-02,-0.01626724213018018,-0.00045369015266201733,-0.0010879106026541485,-7.037626871793986e-05,-4.835535815345365e-05,2025-01-01,1
2025-05-05,-0.0008448755022711618,-0.00045369015266201733,0.001528683341016599,0.0017912954860993613,0.0018500420309516884,2025-01-01,0
2025-05-06,0.02725718986263449,-0.00045369015266201733,-0.0007512187373467001,-7.635187450622964e-05,-6.567796067905295e-05,2025-01-01,0
2025-05-07,0.031696181147543225,-0.00045369015266201733,0.0006765011379107348,-0.000464514752170417,-0.0004735796561079293,2025-01-01,1
2025-05-08,-0.029911065491314302,-0.00045369015266201733,-0.00014855254553282674,-0.0009856568133205217,-0.0009986575965023649,2025-01-01,1
2025-05-09,0.026120577643938228,-0.00045369015266201733,0.0013732214612510883,0.00012362297954586238,0.00016176946366798896,2025-01-01,1
2025-05-12,0.018795170920001363,-0.00045369015266201733,0.0007435233301030483,0.00022940190418594645,0.00025048749935564947,2025-01-01,1
2025-05-13,0.01183810515505682,-0.00045369015266201733,0.0027570580138995262,0.0008911733766684169,0.0009343855217803131,2025-01-01,1
2025-05-14,-0.01935411739263857,-0.00045369015266201733,0.0012794801670218906,0.00010293676598783174,0.00010713181571455764,2025-01-01,0
2025-05-15,-0.054330132841392,-0.00045369015266201733,-0.0010313638181046682,0.0001924205368083492,0.00020272771853527228,2025-01-01,1
2025-05-16,0.03282124303200327,-0.00045369015266201733,-0.0017107761105789412,-7.37282512169239e-05,-7.77865659671412e-05,2025-01-01,0
2025-05-19,0.0018878724405092834,-0.00045369015266201733,-0.0012599106615648974,-1.317003545952438e-05,4.748213433457325e-06,2025-01-01,0
2025-05-20,-0.004676763288738165,-0.00045369015266201733,0.0002046924303336567,0.0001953025708367912,0.00019622375205940751,2025-01-01,0
2025-05-21,0.01146049730929732,-0.00045369015266201733,-0.0003899707990508276,-0.0001722927101033812,-0.00018357459065041946,2025-01-01,0
2025-05-22,0.021066012218658864,-0.00045369015266201733,-0.0004775594060709526,-0.0015065060594459368,-0.0015240694585632502,2025-01-01,0
2025-05-23,-0.0030904852595611885,-0.00045369015266201733,-0.0005074486478135187,-0.0007595408161104535,-0.0007718044339733755,2025-01-01,1
2025-05-26,-0.0008448755022711618,-0.00045369015266201733,-0.0012125603877967467,-0.0007774784394596365,-0.000797272030451769,2025-01-01,1
2025-05-27,0.008402555127844455,-0.00045369015266201733,-0.001120639325011633,-0.0004802348308614972,-0.0004951405384223756,2025-01-01,0
2025-05-28,-0.03845468806016964,-0.00045369015266201733,-0.0002591134592395165,0.0006027356912875252,0.0006399398423659783,2025-01-01,1
2025-05-29,-3.91621726369323e-05,-0.00045369015266201733,0.00019131790232431665,-0.0012097604551597916,-0.0012082907209589565,2025-01-01,0
2025-05-30,0.00933884067540983,-0.00045369015266201733,0.0003706888413038465,0.00014542391033478725,0.0001476028304653273,2025-01-01,1
2025-06-02,-0.008888885218921833,-0.00045369015266201733,-0.00117971361142568,-0.0006672149806742607,-0.0006716910744656015,2025-01-01,1
2025-06-03,0.003100735445913407,-0.00045369015266201733,8.758964022135266e-05,0.0002719110017909323,0.00028370207608746276,2025-01-01,1
2025-06-04,0.027175474631694143,-0.00045369015266201733,0.00038918913266812596,-0.0006915867893916737,-0.0006985042227388903,2025-01-01,1
2025-06-05,-0.009957324741806857,-0.00045369015266201733,-0.0003086359469224862,-1.7899746240485027e-05,-1.077106518636501e-05,2025-01-01,1
2025-06-06,0.011325747579586728,-0.00045369015266201733,-6.964302405496574e-05,-0.00015517094510649398,-0.0001614879626043616,2025-01-01,0
2025-06-09,-0.006892194782147961,-0.00045369015266201733,7.196247556982886e-05,0.00038556086930625823,0.0004143708090779144,2025-01-01,0
2025-06-10,-0.018277930915348024,-0.00045369015266201733,0.0019015944228879204,-7.14799517845605e-05,-5.795338694466432e-05,2025-01-01,0
2025-06-11,0.001966280487076377,-0.00045369015266201733,-0.0006555776078267272,-0.0006751982732786799,-0.0006837028046673905,2025-01-01,0
2025-06-12,0.005968303434318693,-0.00045369015266201733,0.0007675512936919245,-0.0002889444643928668,-0.0002833863509541326,2025-01-01,1
2025-06-13,-0.022261729791510844,-0.00045369015266201733,0.0001114589788084298,-0.00016975672237319335,-0.00017761455880848764,2025-01-01,0
2025-06-16,-0.0035234001112200834,-0.00045369015266201733,-0.0012212251583391216,-0.0026539645996230435,-0.002706902929220813,2025-01-01,1
2025-06-17,0.002714944662239312,-0.00045369015266201733,-1.8834423733176168e-05,0.001031399358995255,0.0010728213203737248,2025-01-01,0
2025-06-18,0.01085451145584198,-0.00045369015266201733,-0.0005173755229496074,-0.0020445584205423667,-0.0020623545603527566,2025-01-01,0
2025-06-19,-0.03130664465320329,-0.00045369015266201733,-1.8320400764560807e-05,-0.00018358119779087384,-0.00015837940826073245,2025-01-01,1
2025-06-20,0.0026782209575648384,-0.00045369015266201733,-0.0008782047339437277,-0.0008626750015738088,-0.0008763497472946196,2025-01-01,0
2025-06-23,-0.016223194776199497,-0.00045369015266201733,-0.0018415938185810078,-0.0006838263930550705,-0.0006880568750145344,2025-01-01,1
2025-06-24,0.02628604101265717,-0.00045369015266201733,-0.0015385877779795299,0.00020152190771699106,0.00021877395041284393,2025-01-01,0
2025-06-25,0.01361656893463157,-0.00045369015266201733,0.0009125492263385392,0.0020631998708179615,0.0021035293864174833,2025-01-01,1
2025-06-26,0.020431022924747147,-0.00045369015266201733,-0.0005033329817002266,-0.0007962694908548757,-0.0008173049919056931,2025-01-01,0
2025-06-27,0.010641004315347095,-0.00045369015266201733,0.0018640169835834309,0.0006164345842787426,0.0006265495471666668,2025-01-01,1
2025-06-30,0.014689890157686101,-0.00045369015266201733,-0.0011755785900550194,0.0003115816851039085,0.0003266187035445259,2025-01-01,0
2025-07-01,-0.014627918752507114,-0.00045369015266201733,0.0003202685468135736,-0.00038676415656100786,-0.0003939172143463279,2025-01-01,0
2025-07-02,0.004011751659048516,-0.00045369015266201733,0.00024858311320260373,-0.00015382111190464327,-0.0001379857562579221,2025-01-01,1
2025-07-03,0.048694987139428166,-0.00045369015266201733,0.0009189702443834864,-0.000832210870761532,-0.0008417664882181477,2025-01-01,1
2025-07-04,-0.011409564458870178,-0.00045369015266201733,0.0003729688563484125,0.0006390215847744083,0.0006800807366705552,2025-01-01,0
2025-07-07,0.00010520837851277872,-0.00045369015266201733,-0.0013921200478366055,-0.0007284752932652856,-0.0007365291218148591,2025-01-01,0
2025-07-08,0.005407663372568826,-0.00045369015266201733,-0.0009792427494630278,-0.0014078770323909672,-0.001415282862663923,2025-01-01,0
2025-07-09,0.0014047924660779308,-0.00045369015266201733,0.0021969477080641675,8.814033505124012e-05,9.888178740255417e-05,2025-01-01,1
2025-07-10,0.006881911376985995,-0.00045369015266201733,4.221820970067388e-05,0.00015934438138850363,0.00017741602883274545,2025-01-01,1
2025-07-11,0.0007394711151751142,-0.00045369015266201733,0.0004142273862540521,-0.00029370953826109874,-0.00029533971655324516,2025-01-01,1
2025-07-14,0.02320758350642209,-0.00045369015266201733,-0.0010038702534407038,-0.0015544742413090163,-0.0015559452314520298,2025-01-01,0
2025-07-15,-0.019594642683089532,-0.00045369015266201733,0.00014771489130242695,5.477844677847328e-05,8.007434835073581e-05,2025-01-01,0
2025-07-16,0.021378577798525762,-0.00045369015266201733,-0.000469086856061115,-0.0012404311693843995,-0.0012399019246929473,2025-01-01,0
2025-07-17,0.009355936770838442,-0.00045369015266201733,-0.000516218991464053,0.00015966878805556,0.00017700429920290337,2025-01-01,0
2025-07-18,-0.009467311691028497,-0.00045369015266201733,0.0013258918172757575,0.0002037249658155615,0.0002256029140219601,2025-01-01,0
2025-07-21,0.0033526663109833574,-0.00045369015266201733,-0.0002004160625169965,-0.0002822832120903178,-0.00028085844555895967,2025-01-01,0
2025-07-22,-0.01749592506571955,-0.00045369015266201733,0.00038398618220459067,0.00012623177603037633,0.00013150389625672426,2025-01-01,0
2025-07-23,0.005947551403361309,-0.00045369015266201733,0.0006126888560882982,-0.0002766884053549908,-0.000283767611701357,2025-01-01,1
2025-07-24,0.008294376787133097,-0.00045369015266201733,0.00020399550442938948,0.0012400049942132754,0.0012728246850702515,2025-01-01,1
2025-07-25,-0.007758885373074763,-0.00045369015266201733,4.464514826820035e-05,-0.0006365339813569123,-0.0006353386561884465,2025-01-01,0
2025-07-28,0.005005293805609371,-0.00045369015266201733,-0.0010205874167220845,-0.0004190681685045796,-0.0004102364166171622,2025-01-01,0
2025-07-29,0.00933610431368147,-0.00045369015266201733,-0.001442952110501232,-0.0019183181366644229,-0.001909617692507966,2025-01-01,0
2025-07-30,0.013590965946066477,-0.00045369015266201733,0.001832449320541853,-0.0005514930730985367,-0.0005394906333929019,2025-01-01,1
2025-07-31,-0.01222827846276661,-0.00045369015266201733,-0.0012216655638479159,-0.0011871400807044203,-0.0011844573081348769,2025-01-01,1
2025-08-01,-0.008685192047347452,-0.00045369015266201733,-0.005114329803619635,-0.0006240734826486198,-0.0006145238097893097,2025-01-01,1
2025-08-04,0.028526480554228947,-0.00045369015266201733,-0.002725769771905572,-0.0020388862451935614,-0.0020934526564350127,2025-01-01,0
2025-08-05,0.002718695236214287,-0.00045369015266201733,-0.00032953268149169446,0.0011663113488164538,0.0012031896125367218,2025-01-01,0
2025-08-06,0.0018804390666842612,-0.00045369015266201733,-0.00035081882064101155,-0.0001810503513565105,-0.00016609959904307205,2025-01-01,0
2025-08-07,0.04327830198687929,-0.00045369015266201733,-0.00033575078592692055,0.0005484082889344978,0.0005627194749591769,2025-01-01,0
2025-08-08,-0.027128376951654164,-0.00045369015266201733,0.0016406899302096787,0.00015571042818951714,0.00016580250112399196,2025-01-01,0
2025-08-11,0.009203536708528982,-0.00045369015266201733,-0.00024106559192784287,2.314600732343004e-05,3.4178927401538645e-05,2025-01-01,0
2025-08-12,0.0010347735669829457,-0.00045369015266201733,0.0006353799971817056,-0.0006992795316619661,-0.0006967858818387022,2025-01-01,1
2025-08-13,-0.012605623594304297,-0.00045369015266201733,0.0011476504434543772,0.0005304806889869514,0.0005305999527160976,2025-01-01,0
2025-08-14,0.0025329267761433896,-0.00045369015266201733,-0.0003012628584748972,0.00029253143404939404,0.00018389005152371772,2025-01-01,0
2025-08-15,-0.024068691021194865,-0.00045369015266201733,0.0005140864464899316,-0.00048392341525446887,-0.00038268376990424055,2025-01-01,0
2025-08-18,-0.011805077019404352,-0.00045369015266201733,-0.0014497183562148601,-0.0007140163901813859,-0.0007035072852725799,2025-01-01,1
2025-08-19,-0.005934214170843768,-0.00045369015266201733,-0.000860164164743578,-0.0006186895275462386,-0.0006329808079984676,2025-01-01,1
2025-08-20,0.005702878371418422,-0.00045369015266201733,-0.0018564364567691435,-0.0006650371203551406,-0.0006555318278588758,2025-01-01,0
2025-08-21,-0.009157321691527597,-0.00045369015266201733,0.0006108745318675337,0.00012215458322097094,0.00012033727524520769,2025-01-01,0
2025-08-22,0.0021560681546867705,-0.00045369015266201733,-0.0018521841088123818,-0.0008559788533344581,-0.0008716743045293022,2025-01-01,0
2025-08-25,-0.0008448755022711618,-0.00045369015266201733,0.0029149362426901396,0.0015261369452320077,0.0015712552258198322,2025-01-01,0
2025-08-26,-0.031098184653957164,-0.00045369015266201733,-0.0007985624169275362,-0.0014707210989522309,-0.0014623850680455172,2025-01-01,1
2025-08-27,-0.0009383026638520905,-0.00045369015266201733,-0.0013639929094341225,-0.0011040535561339733,-0.0011327296473750427,2025-01-01,1
2025-08-28,-0.00021995225721007733,-0.00045369015266201733,-0.00013665426542015617,-0.0011830834236127308,-0.001188295547182152,2025-01-01,1
2025-08-29,-0.013836196232437595,-0.00045369015266201733,5.007109666006689e-05,-0.0002533843228577907,-0.0002541011076870167,2025-01-01,0
2025-09-01,-0.006958084792057169,-0.00045369015266201733,-0.0014888797977617178,-0.0010227193207996712,-0.0010395729995854965,2025-01-01,1
2025-09-02,-0.021524880064951707,-0.00045369015266201733,-0.00034020594723631017,-0.00042097710729267323,-0.0004165959351154192,2025-01-01,1
2025-09-03,0.018880156848242673,-0.00045369015266201733,-0.0012441576868160963,-0.0020413743807128114,-0.002075820907866346,2025-01-01,0
2025-09-04,0.03154343966872459,-0.00045369015266201733,-0.0011643775160766385,-0.00011789153352914563,-9.794430867305059e-05,2025-01-01,0
2025-09-05,-0.030673691492376715,-0.00045369015266201733,-0.0008499294809948506,0.00041701098197756935,0.0004381107952197218,2025-01-01,1
2025-09-08,0.007635883833902496,-0.00045369015266201733,-0.0019973369365295333,-0.000370479475974125,-0.0003710659984547852,2025-01-01,0
2025-09-09,0.023256920147379356,-0.00045369015266201733,0.0003222918629610944,0.00036668387011267,0.00037550430764200446,2025-01-01,1
2025-09-10,0.014681569777797368,-0.00045369015266201733,0.00028681418106776146,-0.00032459186681220876,-0.0003105942129335284,2025-01-01,1
2025-09-11,0.019653192578098624,-0.00045369015266201733,0.0003184154498440473,-0.00014547406160391108,-0.00013728424895049937,2025-01-01,1
2025-09-12,-0.028325242437332608,-0.00045369015266201733,0.0005275516765957666,0.0011440443334653078,0.0011547147563458694,2025-01-01,0
2025-09-15,0.026865972927324497,-0.00045369015266201733,-8.857147143290879e-05,-0.0007863139979667607,-0.0008059631058605106,2025-01-01,0
2025-09-16,-0.029463653087996703,-0.00045369015266201733,-0.0010724295007342888,0.00033953947759447734,0.0003348054039571867,2025-01-01,1
2025-09-17,0.001805378085855807,-0.00045369015266201733,-0.0009841947553522635,-0.0011507325703032272,-0.0012030109724203483,2025-01-01,0
2025-09-18,0.03675732162514951,-0.00045369015266201733,-0.0014626627196282886,-7.78091082533841e-05,-0.00010847484238942526,2025-01-01,0
2025-09-19,-0.0414578119560515,-0.00045369015266201733,-0.0017042192309566543,-0.0003866406322913739,-0.00045117629682108726,2025-01-01,1
2025-09-22,-0.011595576101250461,-0.00045369015266201733,-0.0009250197351476254,-0.0007220040154453887,-0.0006822907678312121,2025-01-01,1
2025-09-23,-0.000789108782472558,-0.00045369015266201733,-0.00021571317772675706,-0.00021511306817984291,-0.00017516454457475563,2025-01-01,1
2025-09-24,0.012923174144464401,-0.00045369015266201733,3.465191117911097e-05,-0.0004393301416809671,-0.00038944166226381445,2025-01-01,1
2025-09-25,-0.017012216104477822,-0.00045369015266201733,0.0005398538615679089,-0.0009554194796425935,-0.0009598849800802002,2025-01-01,0
2025-09-26,-0.002175611919999859,-0.00045369015266201733,-0.0012559258831172434,-0.0012544070400820383,-0.001248250612313429,2025-01-01,1
2025-09-29,0.024481188240653307,-0.00045369015266201733,0.0005611792657434192,0.0006097525959945961,0.0006376091229268404,2025-01-01,1
2025-09-30,0.011817031060189317,-0.00045369015266201733,0.0004901239004584984,0.0003110050231025954,0.00030454366590065027,2025-01-01,1
2025-10-01,-0.00935443693296143,-0.00045369015266201733,-0.0017953963955374811,1.528707627341142e-05,-1.712113568262837e-05,2025-01-01,1
2025-10-02,-0.020067620552566164,-0.00045369015266201733,7.659463784834075e-05,-0.00025759957485799824,-0.0002722747850696563,2025-01-01,0
2025-10-03,0.012572632307996295,-0.00045369015266201733,0.00030082016707956046,-0.0005369400131700714,-0.0005226978677611417,2025-01-01,1
2025-10-06,-0.006488871113703919,-0.00045369015266201733,0.0002751488671893624,0.00036443149722991384,0.0003689129980651312,2025-01-01,0
2025-10-07,0.005996773071483549,-0.00045369015266201733,0.0006108056346294393,-0.0007708551352994281,-0.000734308495842783,2025-01-01,1
2025-10-08,0.010167176222477228,-0.00045369015266201733,-0.0012741935241042468,-0.0012330637674625748,-0.001240688668932234,2025-01-01,0
2025-10-09,-0.00048270508640826595,-0.00045369015266201733,0.0002892080681066325,0.0001119366255238122,0.00014162298854095948,2025-01-01,0
2025-10-10,-0.007720810619655573,-0.00045369015266201733,-0.0012738533994850307,-0.0015530428099704715,-0.0015683716806335255,2025-01-01,1
2025-10-13,0.03135159674134806,-0.00045369015266201733,-0.0043195633168444355,-0.003198918612941599,-0.003254686760904278,2025-01-01,0
2025-10-14,-0.04980510263975553,-0.00045369015266201733,0.001991156912355831,0.0014979030022988751,0.0015459717539013408,2025-01-01,0
2025-10-15,0.002681663422374656,-0.00045369015266201733,-0.0011965838984008472,-0.00028244515386558,-0.00028719388620706274,2025-01-01,0
2025-10-16,0.0037490343815827693,-0.00045369015266201733,-0.0005905307741509063,-0.00023656447841207282,-0.00023885651363825857,2025-01-01,0
2025-10-17,-0.05153193224358768,-0.00045369015266201733,-0.0009459090531878254,-0.0009173223969013763,-0.0009279321107121939,2025-01-01,1
2025-10-20,0.015970577431042604,-0.00045369015266201733,-0.0016647879894595649,-0.0012249548274417801,-0.001237314474875898,2025-01-01,0
2025-10-21,0.013977344365255913,-0.00045369015266201733,-0.00031721756278165484,0.0006556197823896274,0.0006500470487036798,2025-01-01,0
2025-10-22,0.019672449076428705,-0.00045369015266201733,-0.0009672676632696338,-0.0011039496543320437,-0.0010834739585960794,2025-01-01,0
2025-10-23,0.007030114148599861,-0.00045369015266201733,-0.0006842320046217437,6.245123562348973e-05,5.475266991554148e-05,2025-01-01,0
2025-10-24,0.006233083797711144,-0.00045369015266201733,0.00013141196766129273,0.00021124726170282675,0.00018525305623039406,2025-01-01,1
2025-10-27,0.010720575688765525,-0.00045369015266201733,0.0002066652737914508,0.0005211191432181312,0.000589995735016339,2025-01-01,1
2025-10-28,0.01339824465037425,-0.00045369015266201733,-0.00015723321960694776,0.0004280995519030876,0.00041538334712481367,2025-01-01,0
2025-10-29,-0.0017852980922242264,-0.00045369015266201733,-0.0005062420927933799,-0.00041193461235268725,-0.00040515481456072623,2025-01-01,1
2025-10-30,0.008958271874133495,-0.00045369015266201733,-0.0003825544788704626,-0.0007793218340172428,-0.0007573234095421442,2025-01-01,0
2025-10-31,-0.0026287420089470717,-0.00045369015266201733,-0.00027908925498711253,-0.0011362325004669852,-0.0011372953851155943,2025-01-01,1
2025-11-03,0.00012129070477177241,-0.00045369015266201733,-0.0012016739441369554,-0.0007899701778900734,-0.0007788132116750423,2025-01-01,0
2025-11-04,-0.0241737820139635,-0.00045369015266201733,0.0005283462191888488,-0.0004785192623856607,-0.0004656880815186373,2025-01-01,0
2025-11-05,0.0034675369916763676,-0.00045369015266201733,-0.0026767612766633066,-0.001499263539841152,-0.0015196070499611178,2025-01-01,0
2025-11-06,-0.07577638992153594,-0.00045369015266201733,0.00010592440473289436,0.0006388051677381647,0.0006835906927864156,2025-01-01,0
2025-11-07,0.0008121407116103201,-0.00045369015266201733,-0.0017831356021149444,-0.001105252080370737,-0.0011314765738487573,2025-01-01,0
2025-11-10,0.03393292295935882,-0.00045369015266201733,-9.233017866840809e-05,-0.00044495466462295016,-0.0004489345262042325,2025-01-01,0
2025-11-11,-0.003688300718562882,-0.00045369015266201733,0.002333990582892255,0.0012501671864170298,0.0012943488455654218,2025-01-01,0
2025-11-12,-0.009740451676641169,-0.00045369015266201733,-0.00048263139862369646,0.0003372816256059708,0.000343060674535459,2025-01-01,1
2025-11-13,0.0024376684007900514,-0.00045369015266201733,-0.0008269359299416195,0.00020719886647492611,0.0002240935044269982,2025-01-01,0
2025-11-14,-0.016046438272111618,-0.00045369015266201733,-0.0013729881747598194,-0.0018478626888352497,-0.001892841357615408,2025-01-01,1
2025-11-17,-0.012495678726822713,-0.00045369015266201733,-0.0017449515287744977,-0.0013952066931776951,-0.0014177683379799333,2025-01-01,1
2025-11-18,-0.017267303064118698,-0.00045369015266201733,-0.003124888344362732,-0.0024252715202370922,-0.002462870887320827,2025-01-01,1
2025-11-19,0.008375318640223603,-0.00045369015266201733,-0.0003853393658979778,-0.0017535389697998765,-0.0017710810696036565,2025-01-01,0
2025-11-20,0.03491319353181948,-0.00045369015266201733,-0.0014739231611296442,-0.0007108870556656551,-0.0007234339119535792,2025-01-01,0
2025-11-21,0.020681821894679958,-0.00045369015266201733,-0.0023665362908567664,-0.0016960788387858643,-0.0017078448046376708,2025-01-01,0
2025-11-24,0.03670564323373739,-0.00045369015266201733,-0.00031639538948218904,0.0005096553908930903,0.000532462182743567,2025-01-01,0
2025-11-25,-0.000254029929473393,-0.00045369015266201733,0.0005182182858213128,5.600888478411606e-05,6.043516310411958e-05,2025-01-01,0
2025-11-26,0.02128424647295309,-0.00045369015266201733,0.0019941130896159744,0.001155903178508617,0.0011840443234952154,2025-01-01,1
2025-11-27,0.016696050564643947,-0.00045369015266201733,0.0012623131261430855,0.0009692539161309774,0.0009935722113807487,2025-01-01,1
2025-11-28,0.013701355174173969,-0.00045369015266201733,-0.0007560160853934635,-0.00012065935201795934,-0.00012095462002009955,2025-01-01,0
2025-12-01,0.0004071738890756055,-0.00045369015266201733,-0.0015869941953755087,0.0001880991310907711,0.00021065691554148197,2025-01-01,0
2025-12-02,0.022247833567896683,-0.00045369015266201733,-0.0019043795753838479,-0.0011332730907738556,-0.001147964515767728,2025-01-01,0
2025-12-03,-0.016033759642068084,-0.00045369015266201733,-0.0001303606816496814,-8.690103131206846e-05,-7.518343230992792e-05,2025-01-01,1
2025-12-04,0.01591045102661549,-0.00045369015266201733,0.00014015524408818818,-0.00026845058031497277,-0.00027795391232747046,2025-01-01,1
2025-12-05,-0.010978597410680732,-0.00045369015266201733,-0.0012989778956219195,-0.00018095619823121824,-0.0001826352402439195,2025-01-01,1
2025-12-08,0.02409951936789221,-0.00045369015266201733,-0.0008347351803017312,-0.00024723674326078643,-0.00023597188022382015,2025-01-01,0
2025-12-09,-0.0010077145393949044,-0.00045369015266201733,-0.0009473177966108678,-0.0008748616828560688,-0.0008831307523478734,2025-01-01,1
2025-12-10,-0.011363457859644146,-0.00045369015266201733,-0.0004454522431831413,-0.0004891544187260163,-0.0004861561121554649,2025-01-01,1
2025-12-11,0.003493271334433275,-0.00045369015266201733,0.0002822257290158513,0.0007507677693304162,0.0007630715245347262,2025-01-01,1
2025-12-12,-0.00501528201706886,-0.00045369015266201733,-0.0004905442974299203,0.00041463834106572606,0.0004412136551929794,2025-01-01,1
2025-12-15,0.02217788287595972,-0.00045369015266201733,-0.0022935327580712586,-0.0010510513385001618,-0.0010611813605445638,2025-01-01,0
2025-12-16,-0.011436813632455191,-0.00045369015266201733,-0.0004768873472819952,0.00022381466820143605,0.00023747646840728749,2025-01-01,1
2025-12-17,0.0007439186037513302,-0.00045369015266201733,-0.0008367946989687109,-0.0008005631509804211,-0.0008114026826453719,2025-01-01,0
2025-12-18,0.005506827823118227,-0.00045369015266201733,-0.0006329980426505675,-0.0004608209687809127,-0.00046036582366476846,2025-01-01,0
2025-12-19,-0.006677061141260303,-0.00045369015266201733,-0.00032089355623947954,0.0005859244433030151,0.0006147928030543198,2025-01-01,1
2025-12-22,0.005943060803605112,-0.00045369015266201733,0.0009012283893715593,0.00020513631904223216,0.00021488542284612752,2025-01-01,1
2025-12-23,-0.008919553614515654,-0.00045369015266201733,0.0007750422689514229,0.0003457333764663394,0.0003564915087286743,2025-01-01,0
2025-12-24,-0.005606986292239523,-0.00045369015266201733,0.00014994532303684035,5.445137982177696e-05,5.3513166319145455e-05,2025-01-01,0
2025-12-26,-0.0008448755022711618,-0.00045369015266201733,-0.0003897799904745405,-0.0002182688994816297,-0.00020902702259847054,2025-01-01,1
2025-12-29,0.012278886673872,-0.00045369015266201733,-0.00035782562075846875,-0.00016634313016400913,-0.00015964039411246343,2025-01-01,0
2025-12-30,0.011802518187288863,-0.00045369015266201733,-0.0005777153058654313,-0.0008707202196516252,-0.0008711933255232582,2025-01-01,0
2025-12-31,-0.005036958518797776,-0.00045369015266201733,0.0005922785981010853,3.0732209806331816e-05,4.200366731360464e-05,2025-01-01,0
2026-01-02,-0.014519543546277987,-0.00045369015266201733,-0.0015993837054659738,-0.0011170134583523145,-0.0011365704368414859,2025-01-01,1
2026-01-05,-0.01892005319877098,-0.00045369015266201733,0.00038992571566279823,0.0010065583139485094,0.0010474304328363109,2025-01-01,0
2026-01-06,0.008657532348872283,-0.00045369015266201733,0.00218802427092564,0.0010850595981717961,0.0011257174501175097,2025-01-01,1
2026-01-07,-0.005165393351202491,-0.00045369015266201733,-0.00021908993248756644,-0.00011507901604409284,-0.00011483031273523073,2025-01-01,1
2026-01-08,0.0075442956527625735,-0.00045369015266201733,-0.002541342340406239,-0.0016292295462783076,-0.0016531010801457222,2025-01-01,0
2026-01-09,-0.0009503978295139281,-0.00045369015266201733,-0.0003403295829371304,-2.815154977918661e-06,1.4264109213644853e-05,2025-01-01,1
2026-01-12,0.010912456268257802,-0.00045369015266201733,-0.00018173259290073788,-0.00022765557016908296,-0.00022190248135978648,2025-01-01,0
2026-01-13,-0.0013186439186113053,-0.00045369015266201733,0.00113318528864952,0.0001612557568155587,0.0001741862644962245,2025-01-01,0
2026-01-14,0.02169738406537107,-0.00045369015266201733,0.0009862758978794912,-0.0014217677011173257,-0.001446021857604589,2025-01-01,1
2026-01-15,-0.0028726908713189244,-0.00045369015266201733,0.0009254429639790208,-0.00014497918769321264,-0.00013372734712298318,2025-01-01,0
2026-01-16,0.02479491888245043,-0.00045369015266201733,-0.001209049955642682,0.0003927959635590721,0.00041003232934291986,2025-01-01,0
2026-01-19,-0.014847009719580851,-0.00045369015266201733,-0.0022116600911365795,-0.00031215021001872927,-0.0002966718640330983,2025-01-01,1
2026-01-20,-0.02165993196159536,-0.00045369015266201733,-0.0019484519868456604,-0.0008080509582377061,-0.0008323380617703193,2025-01-01,1
2026-01-21,-0.006764942743825142,-0.00045369015266201733,-0.002093503834430959,-0.0021569631059313032,-0.0022037378958122632,2025-01-01,1
2026-01-22,0.03423202545236646,-0.00045369015266201733,0.0019439038980365777,0.0007237689550784301,0.0007588224784915489,2025-01-01,1
2026-01-23,0.0024116092339558533,-0.00045369015266201733,-0.0006569398710665535,0.0007324463841338365,0.0007380687316804882,2025-01-01,0
2026-01-26,0.016593758854437823,-0.00045369015266201733,5.32736905642076e-05,-0.0006506100715801898,-0.0006734551391482531,2025-01-01,1
2026-01-27,0.033597653626608735,-0.00045369015266201733,-0.0003813073057307427,5.987290361954289e-05,5.679938022511708e-05,2025-01-01,0
2026-01-28,-0.01055476812624935,-0.00045369015266201733,0.0007374579684674553,0.0012512543398269763,0.0012665158053790952,2025-01-01,0
2026-01-29,0.010568931364885919,-0.00045369015266201733,0.0011507558453547906,-0.0009155914281919126,-0.0009291117770833361,2025-01-01,1
2026-01-30,-0.00092446930028393,-0.00045369015266201733,0.0008899500644266685,-0.00017229924654128446,-0.00016507631704696968,2025-01-01,0
2026-02-02,0.005029517385759167,-0.00045369015266201733,-0.0032080954000310636,-0.001686238123250083,-0.0016943652081875724,2025-01-01,0
2026-02-03,0.0011177793923149418,-0.00045369015266201733,-0.0029529074240505077,0.0007759940346973533,0.0008338305022386054,2025-01-01,0
2026-02-04,-0.029733983950121685,-0.00045369015266201733,-0.00022885168687356583,-0.0007740045110326068,-0.0007843426177168073,2025-01-01,1
2026-02-05,-0.010793463544474267,-0.00045369015266201733,-0.0010364644665456309,-0.0007865612780662758,-0.0007896099173861741,2025-01-01,1
2026-02-06,0.012173881093621948,-0.00045369015266201733,-0.004888278307935038,-0.0025401099228789135,-0.0025819839610939804,2025-01-01,0
2026-02-09,0.02799192964285951,-0.00045369015266201733,0.0038264933374628964,0.001985351886790494,0.0020516781524550004,2025-01-01,1
2026-02-10,-3.024059168998604e-05,-0.00045369015266201733,-0.000334005488655192,0.0006032355671069177,0.0006156984045973553,2025-01-01,1
2026-02-11,-0.022549200438875063,-0.00045369015266201733,-0.001529959105401978,-0.0009841600384998019,-0.0009951518658991845,2025-01-01,1
2026-02-12,-0.01767210340714613,-0.00045369015266201733,0.00022001096628311226,-0.0006602656124887126,-0.0006577355752842883,2025-01-01,0
2026-02-13,0.001613150093212331,-0.00045369015266201733,-0.0026378144293828835,-0.0020202684629833903,-0.002047922175863276,2025-01-01,0
2026-02-16,0.00816767746213432,-0.00045369015266201733,0.0004000671116207439,-0.0008379633729461237,-0.0008471649589621026,2025-01-01,1
2026-02-17,0.022016549120504776,-0.00045369015266201733,-0.0007010048449256779,-0.0005521467439552042,-0.0005469142744298926,2025-01-01,0
2026-02-18,0.005580451719143137,-0.00045369015266201733,-0.000721485167554775,0.0005799373453114644,0.0006026964666750698,2025-01-01,0
2026-02-19,-0.013189150511527008,-0.00045369015266201733,0.0014887664042732614,0.00035300090677257176,0.0003932054973104501,2025-01-01,0
2026-02-20,0.046737841777490796,-0.00045369015266201733,-0.0015243910475070158,-0.00115124624733016,-0.001160914069639221,2025-01-01,0
2026-02-23,0.016022723629516376,-0.00045369015266201733,0.0017256372440306832,0.001353813147881772,0.0014030529846290828,2025-01-01,1
2026-02-24,-0.0036123141296686926,-0.00045369015266201733,-0.0020522776315564633,-0.002134087773288898,-0.002174966120903236,2025-01-01,1
2026-02-25,0.05643151093748555,-0.00045369015266201733,-8.103057016005963e-05,-0.0002733966808088832,-0.0002564969172815614,2025-01-01,0
2026-02-26,0.02357994606567262,-0.00045369015266201733,0.003805723078671725,0.0013294839446358992,0.0013597215367054352,2025-01-01,1
2026-02-27,0.008891435870853606,-0.00045369015266201733,-0.0014566473845507944,-0.00034359102003709224,-0.0003481809198608034,2025-01-01,0
2026-03-02,-0.016163230716226055,-0.00045369015266201733,-0.001673984522516324,-0.0016046988359555434,-0.0016242538084645097,2025-01-01,1
2026-03-03,-0.04834073655367926,-0.00045369015266201733,-0.0018922456980061632,-0.0029368929182059422,-0.003101407091321012,2025-01-01,1
2026-03-04,0.015020672492312965,-0.00045369015266201733,-0.0033215072236784183,-0.005072892984961494,-0.005143906736075363,2025-01-01,0
2026-03-05,-0.02679122265867399,-0.00045369015266201733,0.000999773975999688,0.0010054274596905575,0.0009728050470817093,2025-01-01,0
2026-03-06,-0.030300227554807838,-0.00045369015266201733,-0.002687397649054469,-0.0027446979469565504,-0.0028334406905747653,2025-01-01,1
2026-03-09,-0.029444667194515252,-0.00045369015266201733,-0.002192891079828336,-0.0017437129237133269,-0.0017908984587144353,2025-01-01,1
2026-03-10,0.05207205997461356,-0.00045369015266201733,0.0015563747067830398,-0.00018474721572920368,-0.00018902722177035076,2025-01-01,1
2026-03-11,-0.016963023532951774,-0.00045369015266201733,-0.00030024771811473273,0.0005215873165404814,0.0006138817589433611,2025-01-01,1
2026-03-12,-0.04360753074959702,-0.00045369015266201733,-0.0009408064863849995,-0.000832625882129591,-0.0008461390206264312,2025-01-01,1
2026-03-13,-0.020251625468829637,-0.00045369015266201733,-0.001596577058860806,-0.0036602714150577483,-0.003707506533123112,2025-01-01,1
2026-03-16,0.002377522017922734,-0.00045369015266201733,-0.0013089675622963437,-0.0014419525155770288,-0.0014746287626875073,2025-01-01,0
2026-03-17,0.012509076865420748,-0.00045369015266201733,0.002469638454175544,0.0017635642751547332,0.0018532850941337308,2025-01-01,1
2026-03-18,0.0012762871729165401,-0.00045369015266201733,0.00019060972428165533,0.0004222139057367363,0.00045804361478977464,2025-01-01,1
2026-03-19,-0.047211046446541796,-0.00045369015266201733,-0.0025181002783782407,-0.0023019554004079655,-0.002347280309848162,2025-01-01,1
2026-03-20,-0.021013362734326402,-0.00045369015266201733,-0.0029981102137192225,-0.0012827887181454853,-0.0013163902449607491,2025-01-01,1
2026-03-23,0.01904011874645244,-0.00045369015266201733,-0.002797535866857089,-0.0034576711923320594,-0.003526680798830977,2025-01-01,0
2026-03-24,0.012321048379101932,-0.00045369015266201733,-0.0006288732092195456,0.0018565668711652311,0.0018907926700569826,2025-01-01,0
2026-03-25,0.03720667156912982,-0.00045369015266201733,-7.017907940037811e-05,-0.0015770930804127302,-0.0015609444778452298,2025-01-01,0
2026-03-26,-0.03297133912268195,-0.00045369015266201733,0.0016025748491186268,0.0016371702048583081,0.001714375998883585,2025-01-01,0
2026-03-27,-0.01721873895807522,-0.00045369015266201733,-0.003573356575879635,-0.0033112658763588356,-0.0033640152564562336,2025-01-01,1
2026-03-30,-0.017858494592809013,-0.00045369015266201733,-0.00010888819926631142,-0.0021417535255633465,-0.002140164716595737,2025-01-01,1
2026-03-31,0.0213896885633478,-0.00045369015266201733,-0.0009639624233540546,-0.00033742400116638786,-0.0003313496584746964,2025-01-01,0
2026-04-01,0.06279624447583432,-0.00045369015266201733,0.004568077958467197,0.0035566081696634007,0.0036432726491955328,2025-01-01,1
2026-04-02,0.005813993937871876,-0.00045369015266201733,-0.0013629464362722543,0.0015876439897197282,0.0016196486502664492,2025-01-01,0
2026-04-03,-0.0008448755022711618,-0.00045369015266201733,-0.0004987764233823481,-0.0012477035669492085,-0.0012674104830786006,2025-01-01,1
2026-04-06,-0.0008448755022711618,-0.00045369015266201733,-0.0006779519238535273,-0.0004706480785353714,-0.00046822023447041177,2025-01-01,1
2026-04-07,-0.004058161269003691,-0.00045369015266201733,0.001657103739541998,0.00032104449998150903,0.00036520929956034985,2025-01-01,0
2026-04-08,0.09666375779680528,-0.00045369015266201733,0.0004719662379702927,-0.0003796530469458971,-0.0003972486863224457,2025-01-01,1
2026-04-09,-0.010840392541782633,-0.00045369015266201733,0.0015450540775525522,0.005304616371564289,0.005393571640375523,2025-01-01,0
2026-04-10,0.01578151955296036,-0.00045369015266201733,-8.794610047938012e-05,-0.0007862789250355645,-0.0008015308840023797,2025-01-01,0
2026-04-13,0.021496673584906305,-0.00045369015266201733,-0.00021823737651193668,-0.00014068357359661574,-0.00014315807337458196,2025-01-01,0
2026-04-14,0.022473363286093347,-0.00045369015266201733,0.0025076887434339226,0.0006667545247398861,0.0006881314698826924,2025-01-01,1
2026-04-15,-0.006666590375847223,-0.00045369015266201733,0.0013369083613229446,0.0014300483041769243,0.0014609080805568575,2025-01-01,0
2026-04-16,-0.0006005675216084026,-0.00045369015266201733,-0.0008613500847459954,-0.00031005115589287976,-0.0003152415437123945,2025-01-01,1
2026-04-17,0.033220382752356704,-0.00045369015266201733,0.0008453337428217542,-0.0005605543352267954,-0.0005567048664083217,2025-01-01,1
2026-04-20,-0.010888579620972526,-0.00045369015266201733,0.0009372280462612663,0.002000450808581358,0.0020641280176905714,2025-01-01,0
2026-04-21,-0.010377211070515162,-0.00045369015266201733,-0.0010851120918050994,-0.0014814336858554587,-0.0015028723603997406,2025-01-01,1
2026-04-22,0.0028138924949111343,-0.00045369015266201733,-0.0016471072403572598,-0.0019471411616764295,-0.0019914062356630067,2025-01-01,0
2026-04-23,-0.013287399227868067,-0.00045369015266201733,0.0016565494364206446,-2.1050237988322568e-05,-4.776638839878522e-06,2025-01-01,0
2026-04-24,-0.021111886812674258,-0.00045369015266201733,-0.0013146857409245248,-0.0023192247262796314,-0.00235522219129938,2025-01-01,1
2026-04-27,-0.006567893522730393,-0.00045369015266201733,-0.0008444736149921955,0.0001663522572383587,0.00017684146423079005,2025-01-01,1
2026-04-28,-0.019746661304792874,-0.00045369015266201733,0.0004694187889109238,-0.00044224292139828067,-0.0004496119220551638,2025-01-01,0
2026-04-29,-0.004633100530198151,-0.00045369015266201733,3.2414104755496356e-05,-0.0009080620392770604,-0.000915740323807996,2025-01-01,0
2026-04-30,0.010333171932532408,-0.00045369015266201733,-0.0015075882248189898,-0.0016006933681067988,-0.0016201210256692826,2025-01-01,0
2026-05-01,-0.020517777975897062,-0.00045369015266201733,-0.00020022156885710215,0.0018312796628199078,0.0018822439631598236,2025-01-01,1
2026-05-04,-0.0008448755022711618,-0.00045369015266201733,-0.0020896130328009314,-0.0005508292979828575,-0.0005623055930819537,2025-01-01,1
2026-05-05,-0.01114042908009749,-0.00045369015266201733,-0.0015624345056216183,-0.001732209121700348,-0.001749218992033614,2025-01-01,1
2026-05-06,-0.0027558218741871084,-0.00045369015266201733,0.0010028692036264078,0.0006071480161238821,0.000634159418683074,2025-01-01,0
2026-05-07,0.026265765624438556,-0.00045369015266201733,0.0022856213763824914,0.003023445900419661,0.003088972969541278,2025-01-01,1
2026-05-08,-0.018063871264974066,-0.00045369015266201733,-0.002630717049729262,-0.0019271899427947682,-0.001959270453434006,2025-01-01,1
2026-01-02,-0.014519543546277987,-5.034713140509534e-05,-0.0017533999535359966,-5.034713140509534e-05,-5.034713140509534e-05,2026-01-01,1
2026-01-05,-0.01892005319877098,-5.034713140509534e-05,0.0012646131156084104,-5.034713140509534e-05,-5.034713140509534e-05,2026-01-01,0
2026-01-06,0.008657532348872283,-5.034713140509534e-05,0.0033800415008559633,-5.034713140509534e-05,-5.034713140509534e-05,2026-01-01,1
2026-01-07,-0.005165393351202491,-5.034713140509534e-05,7.700460139640323e-05,-5.034713140509534e-05,-5.034713140509534e-05,2026-01-01,0
2026-01-08,0.0075442956527625735,-5.034713140509534e-05,-0.0030677673320987802,-5.034713140509534e-05,-5.034713140509534e-05,2026-01-01,0
2026-01-09,-0.0009503978295139281,-5.034713140509534e-05,3.773355466856862e-05,-5.034713140509534e-05,-5.034713140509534e-05,2026-01-01,0
2026-01-12,0.010912456268257802,-5.034713140509534e-05,0.000164195145703115,-5.034713140509534e-05,-5.034713140509534e-05,2026-01-01,1
2026-01-13,-0.0013186439186113053,-5.034713140509534e-05,0.0022993261405374384,-5.034713140509534e-05,-5.034713140509534e-05,2026-01-01,0
2026-01-14,0.02169738406537107,-5.034713140509534e-05,0.001241705667627969,-5.034713140509534e-05,-5.034713140509534e-05,2026-01-01,1
2026-01-15,-0.0028726908713189244,-5.034713140509534e-05,0.0015724849315127657,-5.034713140509534e-05,-5.034713140509534e-05,2026-01-01,0
2026-01-16,0.02479491888245043,-5.034713140509534e-05,-0.0011538497544915194,-5.034713140509534e-05,-5.034713140509534e-05,2026-01-01,0
2026-01-19,-0.014847009719580851,-5.034713140509534e-05,-0.0020655007565761846,-5.034713140509534e-05,-5.034713140509534e-05,2026-01-01,1
2026-01-20,-0.02165993196159536,-5.034713140509534e-05,-0.0013198412963586952,-5.034713140509534e-05,-5.034713140509534e-05,2026-01-01,1
2026-01-21,-0.006764942743825142,-5.034713140509534e-05,-0.0017110577857937172,-5.034713140509534e-05,-5.034713140509534e-05,2026-01-01,1
2026-01-22,0.03423202545236646,-5.034713140509534e-05,0.002811137208102345,-5.034713140509534e-05,-5.034713140509534e-05,2026-01-01,1
2026-01-23,0.0024116092339558533,-5.034713140509534e-05,-0.0006403095502574622,-5.034713140509534e-05,-5.034713140509534e-05,2026-01-01,0
2026-01-26,0.016593758854437823,-5.034713140509534e-05,0.00098623889523857,-5.034713140509534e-05,-5.034713140509534e-05,2026-01-01,1
2026-01-27,0.033597653626608735,-5.034713140509534e-05,0.00038572064520017816,-5.034713140509534e-05,-5.034713140509534e-05,2026-01-01,1
2026-01-28,-0.01055476812624935,-5.034713140509534e-05,0.0015011730916353865,-5.034713140509534e-05,-5.034713140509534e-05,2026-01-01,0
2026-01-29,0.010568931364885919,-5.034713140509534e-05,0.0019087523052919002,-5.034713140509534e-05,-5.034713140509534e-05,2026-01-01,1
2026-01-30,-0.00092446930028393,-5.034713140509534e-05,0.002137141209116268,-5.034713140509534e-05,-5.034713140509534e-05,2026-01-01,0
2026-02-02,0.005029517385759167,-5.034713140509534e-05,-0.004752286820371045,-5.034713140509534e-05,-5.034713140509534e-05,2026-01-01,0
2026-02-03,0.0011177793923149418,-5.034713140509534e-05,-0.002932817470393679,-5.034713140509534e-05,-5.034713140509534e-05,2026-01-01,0
2026-02-04,-0.029733983950121685,-5.034713140509534e-05,0.0010272059493567774,-5.034713140509534e-05,-5.034713140509534e-05,2026-01-01,0
2026-02-05,-0.010793463544474267,-5.034713140509534e-05,-0.0012473901795320758,-5.034713140509534e-05,-5.034713140509534e-05,2026-01-01,1
2026-02-06,0.012173881093621948,-5.034713140509534e-05,-0.004908526752439932,-5.034713140509534e-05,-5.034713140509534e-05,2026-01-01,0
2026-02-09,0.02799192964285951,-5.034713140509534e-05,0.005362015736175067,-5.034713140509534e-05,-5.034713140509534e-05,2026-01-01,1
2026-02-10,-3.024059168998604e-05,-5.034713140509534e-05,-6.402009729748517e-05,-5.034713140509534e-05,-5.034713140509534e-05,2026-01-01,1
2026-02-11,-0.022549200438875063,-5.034713140509534e-05,-0.0019877741998790407,-5.034713140509534e-05,-5.034713140509534e-05,2026-01-01,1
2026-02-12,-0.01767210340714613,-5.034713140509534e-05,0.001042600255464418,-5.034713140509534e-05,-5.034713140509534e-05,2026-01-01,0
2026-02-13,0.001613150093212331,-5.034713140509534e-05,-0.0033307599865616292,-5.034713140509534e-05,-5.034713140509534e-05,2026-01-01,0
2026-02-16,0.00816767746213432,-5.034713140509534e-05,0.000622449621255408,-5.034713140509534e-05,-5.034713140509534e-05,2026-01-01,1
2026-02-17,0.022016549120504776,-5.034713140509534e-05,-0.00029399434786808905,-5.034713140509534e-05,-5.034713140509534e-05,2026-01-01,0
2026-02-18,0.005580451719143137,-5.034713140509534e-05,-0.0010639981393268654,-5.034713140509534e-05,-5.034713140509534e-05,2026-01-01,0
2026-02-19,-0.013189150511527008,-5.034713140509534e-05,0.002362771839039622,-5.034713140509534e-05,-5.034713140509534e-05,2026-01-01,0
2026-02-20,0.046737841777490796,-5.034713140509534e-05,-0.0013551122131333889,-5.034713140509534e-05,-5.034713140509534e-05,2026-01-01,0
2026-02-23,0.016022723629516376,-5.034713140509534e-05,0.003074854068043899,-5.034713140509534e-05,-5.034713140509534e-05,2026-01-01,1
2026-02-24,-0.0036123141296686926,-5.034713140509534e-05,-0.0016732716424612145,-5.034713140509534e-05,-5.034713140509534e-05,2026-01-01,1
2026-02-25,0.05643151093748555,-5.034713140509534e-05,0.0006463396853381818,-5.034713140509534e-05,-5.034713140509534e-05,2026-01-01,1
2026-02-26,0.02357994606567262,-5.034713140509534e-05,0.005183698780733049,-5.034713140509534e-05,-5.034713140509534e-05,2026-01-01,1
2026-02-27,0.008891435870853606,-5.034713140509534e-05,-0.0016606724213062863,-5.034713140509534e-05,-5.034713140509534e-05,2026-01-01,0
2026-03-02,-0.016163230716226055,-5.034713140509534e-05,-0.0020379266377927503,-5.034713140509534e-05,-5.034713140509534e-05,2026-01-01,1
2026-03-03,-0.04834073655367926,-5.034713140509534e-05,-0.0014157499896662589,-5.034713140509534e-05,-5.034713140509534e-05,2026-01-01,1
2026-03-04,0.015020672492312965,-5.034713140509534e-05,-0.0039009112350991033,-5.034713140509534e-05,-5.034713140509534e-05,2026-01-01,0
2026-03-05,-0.02679122265867399,-5.034713140509534e-05,0.0020257104166217068,-5.034713140509534e-05,-5.034713140509534e-05,2026-01-01,0
2026-03-06,-0.030300227554807838,-5.034713140509534e-05,-0.0031953089533472614,-5.034713140509534e-05,-5.034713140509534e-05,2026-01-01,1
2026-03-09,-0.029444667194515252,-5.034713140509534e-05,-0.0017751113368728044,-5.034713140509534e-05,-5.034713140509534e-05,2026-01-01,1
2026-03-10,0.05207205997461356,-5.034713140509534e-05,0.0032479079552051684,-5.034713140509534e-05,-5.034713140509534e-05,2026-01-01,1
2026-03-11,-0.016963023532951774,-5.034713140509534e-05,-8.725466603429595e-05,-5.034713140509534e-05,-5.034713140509534e-05,2026-01-01,1
2026-03-12,-0.04360753074959702,-5.034713140509534e-05,-0.00044103344350803424,-5.034713140509534e-05,-5.034713140509534e-05,2026-01-01,1
2026-03-13,-0.020251625468829637,-5.034713140509534e-05,-0.0019375352548455216,-5.034713140509534e-05,-5.034713140509534e-05,2026-01-01,1
2026-03-16,0.002377522017922734,-5.034713140509534e-05,-0.0009354771256855008,-5.034713140509534e-05,-5.034713140509534e-05,2026-01-01,0
2026-03-17,0.012509076865420748,-5.034713140509534e-05,0.0037679866756287978,-5.034713140509534e-05,-5.034713140509534e-05,2026-01-01,1
2026-03-18,0.0012762871729165401,-5.034713140509534e-05,0.0003135878567117364,-5.034713140509534e-05,-5.034713140509534e-05,2026-01-01,1
2026-03-19,-0.047211046446541796,-5.034713140509534e-05,-0.0030980845824782506,-5.034713140509534e-05,-5.034713140509534e-05,2026-01-01,1
2026-03-20,-0.021013362734326402,-5.034713140509534e-05,-0.0024106615919174093,-5.034713140509534e-05,-5.034713140509534e-05,2026-01-01,1
2026-03-23,0.01904011874645244,-5.034713140509534e-05,-0.0029520515735456513,-5.034713140509534e-05,-5.034713140509534e-05,2026-01-01,0
2026-03-24,0.012321048379101932,-5.034713140509534e-05,0.0007185268389265186,-5.034713140509534e-05,-5.034713140509534e-05,2026-01-01,1
2026-03-25,0.03720667156912982,-5.034713140509534e-05,0.00023937000988459247,-5.034713140509534e-05,-5.034713140509534e-05,2026-01-01,1
2026-03-26,-0.03297133912268195,-5.034713140509534e-05,0.002140394813882452,-5.034713140509534e-05,-5.034713140509534e-05,2026-01-01,0
2026-03-27,-0.01721873895807522,-5.034713140509534e-05,-0.004058721007354627,-5.034713140509534e-05,-5.034713140509534e-05,2026-01-01,1
2026-03-30,-0.017858494592809013,-5.034713140509534e-05,0.000954311897954733,-5.034713140509534e-05,-5.034713140509534e-05,2026-01-01,0
2026-03-31,0.0213896885633478,-5.034713140509534e-05,-0.0007540913280177812,-5.034713140509534e-05,-5.034713140509534e-05,2026-01-01,0
2026-04-01,0.06279624447583432,-5.034713140509534e-05,0.006018741306737562,-5.034713140509534e-05,-5.034713140509534e-05,2026-01-01,1
2026-04-02,0.005813993937871876,-5.034713140509534e-05,-0.001297031013620413,-5.034713140509534e-05,-5.034713140509534e-05,2026-01-01,0
2026-04-03,-0.0008448755022711618,-5.034713140509534e-05,-0.0006010922074034618,-5.034713140509534e-05,-5.034713140509534e-05,2026-01-01,1
2026-04-06,-0.0008448755022711618,-5.034713140509534e-05,-0.0002435616880504046,-5.034713140509534e-05,-5.034713140509534e-05,2026-01-01,1
2026-04-07,-0.004058161269003691,-5.034713140509534e-05,0.0024893309269156767,-5.034713140509534e-05,-5.034713140509534e-05,2026-01-01,0
2026-04-08,0.09666375779680528,-5.034713140509534e-05,0.0013344200202224717,-5.034713140509534e-05,-5.034713140509534e-05,2026-01-01,1
2026-04-09,-0.010840392541782633,-5.034713140509534e-05,0.0020618939657075105,-5.034713140509534e-05,-5.034713140509534e-05,2026-01-01,0
2026-04-10,0.01578151955296036,-5.034713140509534e-05,0.0007516194130334152,-5.034713140509534e-05,-5.034713140509534e-05,2026-01-01,1
2026-04-13,0.021496673584906305,-5.034713140509534e-05,0.00011596890773668872,-5.034713140509534e-05,-5.034713140509534e-05,2026-01-01,1
2026-04-14,0.022473363286093347,-5.034713140509534e-05,0.0037654777840708475,-5.034713140509534e-05,-5.034713140509534e-05,2026-01-01,1
2026-04-15,-0.006666590375847223,-5.034713140509534e-05,0.0015708367946787995,-5.034713140509534e-05,-5.034713140509534e-05,2026-01-01,0
2026-04-16,-0.0006005675216084026,-5.034713140509534e-05,-0.0005525900393959484,-5.034713140509534e-05,-5.034713140509534e-05,2026-01-01,1
2026-04-17,0.033220382752356704,-5.034713140509534e-05,0.0010850068396217457,-5.034713140509534e-05,-5.034713140509534e-05,2026-01-01,1
2026-04-20,-0.010888579620972526,-5.034713140509534e-05,0.0012097288648551076,-5.034713140509534e-05,-5.034713140509534e-05,2026-01-01,0
2026-04-21,-0.010377211070515162,-5.034713140509534e-05,-0.0007240173479658874,-5.034713140509534e-05,-5.034713140509534e-05,2026-01-01,1
2026-04-22,0.0028138924949111343,-5.034713140509534e-05,-0.0020545179294345533,-5.034713140509534e-05,-5.034713140509534e-05,2026-01-01,0
2026-04-23,-0.013287399227868067,-5.034713140509534e-05,0.002775742779653319,-5.034713140509534e-05,-5.034713140509534e-05,2026-01-01,0
2026-04-24,-0.021111886812674258,-5.034713140509534e-05,-0.0010285083627651053,-5.034713140509534e-05,-5.034713140509534e-05,2026-01-01,1
2026-04-27,-0.006567893522730393,-5.034713140509534e-05,-1.5252020693382489e-05,-5.034713140509534e-05,-5.034713140509534e-05,2026-01-01,1
2026-04-28,-0.019746661304792874,-5.034713140509534e-05,0.001049644916190405,-5.034713140509534e-05,-5.034713140509534e-05,2026-01-01,0
2026-04-29,-0.004633100530198151,-5.034713140509534e-05,0.00033130852481874537,-5.034713140509534e-05,-5.034713140509534e-05,2026-01-01,0
2026-04-30,0.010333171932532408,-5.034713140509534e-05,-0.0007849856477685323,-5.034713140509534e-05,-5.034713140509534e-05,2026-01-01,0
2026-05-01,-0.020517777975897062,-5.034713140509534e-05,0.00011063710022715431,-5.034713140509534e-05,-5.034713140509534e-05,2026-01-01,0
2026-05-04,-0.0008448755022711618,-5.034713140509534e-05,-0.0024000607183304466,-5.034713140509534e-05,-5.034713140509534e-05,2026-01-01,1
2026-05-05,-0.01114042908009749,-5.034713140509534e-05,-0.0021729027761692417,-5.034713140509534e-05,-5.034713140509534e-05,2026-01-01,1
2026-05-06,-0.0027558218741871084,-5.034713140509534e-05,0.002454482269100821,-5.034713140509534e-05,-5.034713140509534e-05,2026-01-01,0
2026-05-07,0.026265765624438556,-5.034713140509534e-05,0.003420245474816967,-5.034713140509534e-05,-5.034713140509534e-05,2026-01-01,1
2026-05-08,-0.018063871264974066,-5.034713140509534e-05,-0.003011818078355697,-5.034713140509534e-05,-5.034713140509534e-05,2026-01-01,1
