Date,Global equities,Regional equities,US Treasury rates,Commodity volumes,Crypto,Local currency,Commodities,Crypto volumes,Regional ICE bond indices,Regional market volumes
2025-01-02,-4.066605429512869e-05,0.0058436888314742225,-1.4019584337325923e-05,0.002449677700525257,-0.00021161241012962315,0.0009004776004058765,0.0002593457698129817,0.00012219680239248078,2.4920555625248693e-05,-2.3958558136144767e-05
2025-01-03,-0.002779573107880623,0.004888876048015945,0.0006165639156517113,0.0025591869383588223,-0.0008849161749557087,0.0013444814998931067,0.0003597860092874228,-0.00031469188779152793,4.3183309256342644e-05,3.912116298512581e-05
2025-01-06,-0.001096989309254536,0.0018831804078206283,0.001163055797165956,0.002967351422126729,-0.0008743973663426501,0.0024868536890132213,0.0005589173424808095,-3.2336480730776255e-06,1.6260142590271804e-05,3.8188135197636006e-05
2025-01-07,-0.012631252191054541,0.0013695835538105525,0.0034578584911202125,0.0033755159058946357,0.00011648561260260443,0.002487636372112127,0.0008050407721198033,0.0003082245916453727,-0.00013454108786775212,3.72551074101462e-05
2025-01-08,-0.03132007257769697,-0.00037582037935978037,0.0036783056438528887,0.003299079090095351,0.000690130990448248,0.004146976516954374,0.0009790774133358522,0.0006829365503316115,-0.0002612635463342329,2.3228175767968467e-05
2025-01-09,-0.028670825075899048,-0.0017848694193741653,0.0036250547680517194,0.003222642274296066,0.0013759571243677437,0.005153764878765278,0.0012814097634446999,0.0010576485090178504,-4.129040120908549e-05,9.20124412579073e-06
2025-01-10,-0.041190586160709614,-0.002106397861731764,0.007748013284082551,0.0039153351169821885,0.0010144501844290936,0.005392337397979256,0.0015807915847498631,0.0008729726999552614,-0.00031330598014905084,9.462484144942676e-06
2025-01-13,-0.04075445077318328,-0.0016781111174407838,0.008778602673749105,0.003729898824164917,0.0015958538321524602,0.0051429239995051685,0.0015026978041011547,0.001248909363854566,-0.000591557747296947,3.053273058041385e-05
2025-01-14,-0.03874343175131803,-0.0026258126724352654,0.007820027843922054,0.0037301511197234774,0.0008159120341662144,0.005250351968508879,0.0014917286119105048,0.0006863442151107065,-0.000533492074582658,2.657869724779485e-05
2025-01-15,-0.010335956302736163,-0.0034090385862803963,0.0021911753550879556,0.0037056768288073767,0.00045393455450588524,0.005355338911506671,0.001953527174821539,0.0008206547531481342,0.00015077807279473417,1.635699519319451e-05
2025-01-16,1.4879572056251955e-06,-0.0002506336525241199,0.00010758130908243655,0.003720398559505939,0.0006624116489339195,0.005400260487412748,0.0022365437675370323,0.0007891521639856385,0.00019388362121129277,3.1390124681985876e-05
2025-01-17,0.0025465514835082406,0.0032763573808848433,0.0004149398310620192,0.003099421053073153,0.0004495392305487162,0.005443504430428261,0.0019796056113622882,0.001023646445638126,0.00016702005023588068,1.929236501027945e-05
2025-01-20,-0.002821629148716422,0.00440842013556054,0.00036168895526084995,0.0024784435466403665,0.001083093156231774,0.006136306177192805,0.0019694832231489626,0.0012581407272906134,0.00019276385826403432,7.194605338573022e-06
2025-01-21,0.0029689444445505815,0.0033219511122925824,-0.0006213499172866668,0.003591127537713918,0.001056723471775872,0.006635255856375982,0.001852909605017407,0.0014988090262130682,0.00042954810910300633,1.6298276534145916e-05
2025-01-22,0.001562551951926768,0.005881812526342437,0.0007222884666526143,0.00265888180498463,0.0007385083777821092,0.006707910810170772,0.0017839075000248667,0.0009152902461650087,0.0005621323870322894,1.6534944539348646e-05
2025-01-23,7.16238582106326e-05,0.00402793766640352,0.0016979211988580798,0.0028774107394050445,0.0013058667241804278,0.006557787297204039,0.0017834056717148405,0.0016024748817593773,0.000528337479503227,1.2289184750066e-05
2025-01-24,-0.0009381830066439861,0.0020408137889025477,0.0009853271768779231,0.002259734276110561,0.0007029427681101998,0.0074782684746554015,0.001840235992508561,0.0009944195618555754,0.0006001613877204288,2.8375017816606086e-06
2025-01-27,-0.00401647085131118,-0.0022372648777488264,-0.003261463130809222,0.0026875309050988032,0.0016770142906872682,0.007564961243942502,0.0012630947549810367,0.0016300068985968864,0.0007365895987573726,7.104843292772015e-06
2025-01-28,0.005190753545553275,0.001173370255345672,-0.0024635889429901457,0.0022977883189755437,0.0010393034072151699,0.007228180447633531,0.001496353145048576,0.0007931030718639424,0.0007629617429355952,1.7018462631281895e-05
2025-01-29,0.0038466508993919464,-0.0007389456821807038,-0.002250404020435036,0.0026603700486381595,0.0009454800671799916,0.006759445141841118,0.0015476526226020613,0.0008592188838784505,0.0009506907789810913,6.071060126001788e-06
2025-01-30,0.013505793966057507,-0.00017780646928474537,-0.0041383884589868206,0.0013956743457727019,0.0005646534334764561,0.007033736664913056,0.0019473071056163782,0.0006951978278632359,0.0010967791917299403,2.6439635197446736e-06
2025-01-31,0.021329837702236405,-0.0019137451891914818,-0.0019495153072487384,0.0033032886636760305,0.0009719100546004047,0.006948932767893646,0.0017969668054930055,0.0010228598635392445,0.0012519578226696264,1.832019171484683e-05
2025-02-03,0.009480254555612619,-0.003935528812430448,-0.002605948297456951,0.0037168009832786227,0.0029618803651632886,0.0065397004439354724,0.0019459359503402507,0.0023685214005745286,0.0011065223876013212,2.9509763346666772e-05
2025-02-04,0.004972070485559576,-0.003803888401312304,-0.0035318504246420394,0.0034409399191744658,0.0026895776959213386,0.0060224418026514105,0.0021963489248209072,0.0016518222102386518,0.0012832418514300867,1.8189336144207743e-05
2025-02-05,0.011776835851313252,-0.0051783409392793574,-0.006852017315043783,0.0026176439899818437,0.0021643622571194737,0.007075655013181234,0.0024390980665719383,0.0011163459486948856,0.0016733613398051744,3.353147239680125e-05
2025-02-06,0.022885972952414332,-0.0012888206638351513,-0.00592381269651359,0.002971819611670729,0.0022358173667936174,0.007592900312744963,0.0023741907268091866,0.0010130054906722279,0.0017262585159773774,2.9716517138853558e-05
2025-02-07,0.014359143454684005,-0.0022727329936787872,-0.003601136788392426,0.0025555053555138666,0.0025057105545845406,0.007490717674280042,0.0027976064760137946,0.0011540380748628167,0.0016921286045186975,3.427223562272869e-05
2025-02-10,0.02106801569084399,-0.0005793696549042607,-0.003555647817533556,0.0023353989154146866,0.0019205778797531724,0.007659746435648328,0.0034369939775312744,0.0006651091587484835,0.001845376154655503,2.1635593302684582e-05
2025-02-11,0.01956172263429018,-0.0014237341032255278,-0.0021034720804327086,0.0027598359676293425,0.0021459788958426602,0.007885905207510247,0.0032112224206443376,0.0006789455670372535,0.001715301296068896,2.621419989258526e-05
2025-02-12,0.017695759116335027,-0.0003207933158839364,0.0020263878624163347,0.002980461410241941,0.002168947001803856,0.008818753466495927,0.0033363353577218753,0.0010204877325127512,0.0015262870935403483,3.9649374502607676e-05
2025-02-13,0.018758551254862157,0.009550862049395724,-0.0023795906563472214,0.002858649655228425,0.001960559737429019,0.010915792144327406,0.0035904729035395365,0.0006243733665787618,0.0017723128254471274,4.7282096811990274e-05
2025-02-14,0.01775218567754773,0.008619574389161031,-0.004648365696570676,0.0030022153207260524,0.0017060700704163638,0.009971042354036643,0.0030402947622570355,0.00048101193800914106,0.0020886338392719504,4.460859230941536e-05
2025-02-17,0.018985127743527164,0.01305809336749471,-0.004701616572371845,0.00314578098622368,0.001655854056990211,0.009815541801930741,0.00303017237404371,0.0003376505094395203,0.002113979498958311,4.193508780684044e-05
2025-02-18,0.017018338960307865,0.010921685179444867,-0.0020338652361557353,0.0035657890739822376,0.002064197524166837,0.009742299764015723,0.003163124942976455,0.0005970901680923135,0.0021314370284184637,4.241571145492393e-05
2025-02-19,0.007387982240318697,0.012879135918773491,-0.00260084651080059,0.002772323158424941,0.0015145991837027563,0.01054450228792772,0.003025382416794254,0.00016576228954621487,0.0020030668220554306,4.365534892249497e-05
2025-02-20,0.0015084258880978876,0.012408710196904366,-0.004129156956190518,0.002720747650430282,0.0014856950213830336,0.011059737118676036,0.0032907847511753742,0.00025387081025002653,0.0020742512871806023,4.787811928427611e-05
2025-02-21,0.0013730417259820312,0.010837671693289821,-0.007503244634991756,0.002514997117190704,0.0025020841538125355,0.010959762092734648,0.003005169342221012,0.0009966067384564981,0.002137455827884474,4.716789873341589e-05
2025-02-24,-0.0020432264417466588,0.01310030408522435,-0.008755794757085007,0.001779951277368192,0.002916440694238547,0.011776408356388244,0.0029574798019797897,0.0008704228129513941,0.002215407413618247,1.6632658074643206e-05
2025-02-25,-0.0019288876463791453,0.012303463216562484,-0.01267068723492355,0.0020966844470357788,0.003836840234619206,0.012310229969751618,0.0025115177319506013,0.0015704218277242318,0.002483327031984456,3.111133060479683e-05
2025-02-26,0.004325390305505701,0.011290744401635713,-0.01452935252402895,0.0023823434516609164,0.003979188042436409,0.012254374940221038,0.002686447767408637,0.0011232048795267176,0.0026663673752941024,3.383918305639689e-05
2025-02-27,-0.0016615530286709828,0.009772759435434845,-0.013343694384838976,0.0016781155285225987,0.0037778834553104557,0.011782189785716213,0.00269773014024417,0.0008788736484203714,0.0028275899412700417,3.8438547214961644e-05
2025-02-28,-0.0028108527272751307,0.008213177947626457,-0.01591824201808432,0.003351249083386507,0.004506182523540907,0.011111748040502606,0.0021979048347754234,0.001439556076623228,0.0029084086468275675,4.0113343827902415e-05
2025-03-03,0.0027961360930367097,0.008837345346944444,-0.017673660525935442,0.0035388696149323395,0.004395726955395063,0.011086832675914128,0.002541836088823467,0.0012421385802988336,0.002978521933813306,7.379387911330639e-05
2025-03-04,-0.02109674486890316,0.011419545353975848,-0.016871206215183752,0.003846584136123955,0.004324101831470571,0.01099740212831194,0.002465143562565002,0.0012744877648234836,0.0029880203891781754,4.752989926918704e-05
2025-03-05,-0.013865516510491354,0.013293219886297785,-0.014642344405186148,0.0034723326958986844,0.003515422526901742,0.010692047466565787,0.0029925670609892226,0.0008000540524056305,0.0028784380350858037,6.771149525012406e-05
2025-03-06,-0.012609490661732711,0.013948270062271484,-0.01434725300539148,0.003565052448027775,0.0035013082444305026,0.011241302107701929,0.003032931326642211,0.0006501434151331338,0.0026317915347305073,7.056567928647952e-05
2025-03-07,-0.013321942058105,0.012851372294254844,-0.013185498657162871,0.003373309198592657,0.004190958552335469,0.010806301784374462,0.0027738186559097765,0.0009919639282590456,0.0026768849234454334,6.419714086495365e-05
2025-03-10,-0.025466675636224366,0.014454616124775343,-0.01777338318134157,0.002542384382615069,0.005518806727250836,0.011824238495885077,0.0024984466377139082,0.0011511768099482288,0.0027570398158009097,4.709467712469698e-05
2025-03-11,-0.03241012286925904,0.017936694975463453,-0.014867701825484029,0.0024495780657250747,0.00503422996788543,0.012893915204184328,0.0028894180419718066,0.0010805910639977855,0.0028124342924242445,6.199529113903026e-05
2025-03-12,-0.02659121194475442,0.01919766058543043,-0.013591141071330932,0.0026114510865052126,0.00462529280408628,0.012149163457439516,0.0033256496473219968,0.0006863511759504072,0.0028254023974023388,7.343498506457635e-05
2025-03-13,-0.036809896563788844,0.015641803371979963,-0.01565297528807348,0.003190853811744836,0.004607831907930119,0.012567232138218058,0.003675894583223063,0.00036527723905755284,0.0027925977299945995,6.073956501960932e-05
2025-03-14,-0.0214356872964273,0.018547303902744144,-0.014015152472026176,0.002578125481292445,0.004031850603421918,0.012875714137388595,0.0036962127426861864,7.236120342418798e-05,0.0028638922969558044,5.8229533073942506e-05
2025-03-17,-0.02131678042932165,0.023232422666739038,-0.013804193399937676,0.0025456807835953334,0.0038006651193625706,0.014000856518961031,0.003909022690754314,-0.00013188021500935086,0.00300618477556763,7.091697612542182e-05
2025-03-18,-0.01601792179279686,0.020532974768282017,-0.014740255170666568,0.002739196906098757,0.0038575629646702995,0.01468033798377006,0.004193206113811217,-0.0001730804653991958,0.003008675084768948,6.752864399688508e-05
2025-03-19,-0.015180962664855017,0.013848698230976945,-0.016141547216724568,0.0023885070346004946,0.004026337343121348,0.013117076397765659,0.00440438171087056,0.0005172861743091115,0.0027966145419316916,8.365176046944417e-05
2025-03-20,-0.01620349094271622,0.0113236453195011,-0.017240620573154637,0.0027508333228684276,0.003989559802463627,0.012790122835654913,0.00452179520113469,0.00012586886527161977,0.0030963626126512176,0.00013060024188681427
2025-03-21,-0.02506798316161718,0.008132036711554508,-0.016842774555763707,0.002302833530240659,0.003575505827463049,0.013112279764545601,0.004415288929589878,-0.0003527097017538571,0.002618623950647668,0.00010289097048931913
2025-03-24,-0.024298456563246647,0.007940272097420863,-0.01371781775837803,0.002743878422954104,0.0037709136993255357,0.013246319159121927,0.0043791610249788665,0.00028673642631307745,0.002601314679880592,0.0001190849679780657
2025-03-25,-0.019381619679857437,0.00944360436699276,-0.014981498346040265,0.002448183082455767,0.003603219281326111,0.012926652008164369,0.004709939925457045,7.829014184829115e-05,0.002712543667938967,0.00011692370265306443
2025-03-26,-0.01688244769878739,0.008106496739646559,-0.013794074811600682,0.0024070594110833943,0.0037814649871683163,0.013149707471255255,0.00481480936073985,7.849134753718456e-05,0.0026506046673935107,9.312876630622966e-05
2025-03-27,-0.023665302172889577,0.01949536942756666,-0.012994330537915228,0.0034372889625328552,0.003656946589063045,0.013110740971911903,0.004743202005270427,-6.179004340702482e-05,0.0023940291001503973,0.00010057570946720514
2025-03-28,-0.024350020479154223,0.02010169691401433,-0.01750280250321429,0.0025563281131063846,0.00461190047023813,0.012866215578448656,0.004877038149562122,0.0004561218462278465,0.0023889123264996563,0.0001008968675806945
2025-03-31,-0.044699427146476435,0.019486607741562096,-0.017595667980310998,0.0016753672636799141,0.005434929274696251,0.013781856268489873,0.004901776716478442,0.0009740337358627178,0.002421657299093357,0.00010121802569418387
2025-04-01,-0.038995436138332534,0.020390491950793167,-0.020660246397160215,0.0007944064142534437,0.005609509399855419,0.01312392368477603,0.004852941990910232,0.0014919456254975892,0.0024976198132057683,0.00010153918380767324
2025-04-02,-0.03517701453704222,0.015180663691493703,-0.019091844779865395,0.002474250221730741,0.0064254599525090505,0.01330608680212275,0.004989985078512404,0.0018559046414976844,0.002525266887061202,8.297811148318655e-05
2025-04-03,-0.0583224756114394,0.007446732520379525,-0.025870889711761404,0.0029891868691254253,0.005981489803350428,0.013313315143245163,0.0039059083660782697,0.0014825597874959882,0.002455163086145767,7.977400275091614e-05
2025-04-04,-0.10368307471506219,-0.005048734055535605,-0.028877617261373032,0.0033095353991880756,0.006149814339639434,0.013055839795110108,0.0019886776697730303,0.0016808850234253706,0.0022634892819878515,9.567419109039383e-05
2025-04-07,-0.1331592876209436,-0.010973333428941905,-0.023210604187987236,0.003277744952812743,0.008221916927527228,0.012553781266357842,0.0009365959123692378,0.002758970334760005,0.0007999508454035638,0.0001172101246684884
2025-04-08,-0.09894585053931096,-0.008092799703591957,-0.019206922929677628,0.002904873374589408,0.007766524211356529,0.012967277778269079,0.0007867413928034643,0.001838334934050201,0.000763738136042289,8.420029840443792e-05
2025-04-09,-0.12586938406864284,-0.018969271942839067,-0.012016400759677576,0.0032287565838954105,0.00757832803076306,0.012811452299357337,0.0015841790925149547,0.0026065855865827145,-0.0009193071316159965,0.0001032547918586013
2025-04-10,-0.09019082216045954,-0.008039326156529318,-0.013996061053379631,0.0026771034702220125,0.007376903415674788,0.014114414923551907,0.0023286361278075734,0.001793873645084558,0.0006008012269955405,9.937060760783344e-05
2025-04-11,-0.09289761582006617,-0.005094391019494396,-0.009476664811352117,0.0021025399479713777,0.006732942737533791,0.014180336088784556,0.0032771535647554474,0.0015137454876970682,0.00028725724356028784,0.0001040690346324736
2025-04-14,-0.06799675504537098,6.528040547231634e-05,-0.015489278456267984,0.001560585338047074,0.006464966229268506,0.0144560789187325,0.0034673504901538803,0.0014510539613473404,0.0004334225646941936,9.329962349731053e-05
2025-04-15,-0.05106985698660525,0.0017333346916059093,-0.016911576879921102,0.0015486329239988153,0.006358576300713322,0.013723704697276731,0.0035106920698042767,0.0011769104370353994,0.000655783819282665,0.00010111765198981477
2025-04-16,-0.04962189214141855,-0.00037713715785811204,-0.01869364043476745,0.0020130853405393736,0.006519126877522163,0.013979315090511582,0.004275622985510062,0.0013145066669432355,0.0007242646811330331,0.00010873544438293436
2025-04-17,-0.050684674278708555,-0.0032420860884800435,-0.01712114305956687,0.0017333305701211818,0.006053926574889865,0.014598094841000563,0.004486238477863074,0.0008994191630414987,0.0009670773056940261,0.0001298880433213776
2025-04-22,-0.0514743984602772,0.00098287986942161,-0.015253643581809018,0.0019261664300281008,0.006215649807486206,0.013451552996808006,0.005224947316513566,0.002025619704595886,0.000886890402899329,0.00010564151280007324
2025-04-23,-0.03986085225638998,0.004650153681110794,-0.014743444515804595,0.00211900228993502,0.007252645768417045,0.012849622239790748,0.004441128834835947,0.0031518202461502734,0.0014372361944350021,8.139498227876889e-05
2025-04-24,-0.03959810120229955,0.0077923991551381334,-0.018273080609178597,0.002033793882795764,0.0066512514463643105,0.01281210432798504,0.004765329292386736,0.002483287022916528,0.0015749991723052795,8.389081437224211e-05
2025-04-25,-0.03339403622800722,0.014328321423440763,-0.019986102344306294,0.001407851066833006,0.00685037549396958,0.013025390611462009,0.004506023184472662,0.0027497188094765803,0.0018436167451327638,8.332245010536544e-05
2025-04-28,-0.02670084526882704,0.01184062469963701,-0.022309805906006952,0.0020738355526072763,0.006656088813041015,0.013108770863117456,0.004665543208587493,0.002580630518871336,0.0018614023509690109,8.829266619830942e-05
2025-04-29,-0.02239143670073078,0.009870068523859604,-0.024043556122886264,0.0014618275576260362,0.006472950711051499,0.01326289856289996,0.004430007380226914,0.0023380758688079433,0.0019159120510787706,7.469237151251712e-05
2025-04-30,-0.02001296564177408,0.008100861639276202,-0.024454524495664473,0.0030612585043489895,0.006577697401091731,0.013290120379901585,0.003580265570271639,0.0024063585612802345,0.0018810395524444519,9.735329858619132e-05
2025-05-01,-0.007747284384985627,0.000848482936701013,-0.02242855782668557,0.004660689451071943,0.0064242117179714835,0.013436233870985727,0.003088608246088835,0.0024746412537525256,0.0019161092898352249,0.00012001422565986553
2025-05-02,-0.005309051671584103,0.011099835371074318,-0.017946421513227808,0.004432326848809865,0.006310052009065047,0.0131025149160829,0.003241805522856677,0.0023736963496661352,0.0018167626930456317,8.968053718230613e-05
2025-05-05,-0.006015267378662182,0.00670255947014412,-0.017379100479356622,0.004203964246547787,0.0064081440679268345,0.01383684083070031,0.0036002081950586473,0.002272751445579745,0.0016878940485168914,5.934684870474674e-05
2025-05-06,0.0001284085826156996,0.008764781590559224,-0.018932755759422087,0.004308696412829094,0.00630587139733464,0.013760582224097782,0.0044231398874379655,0.0022608994861074987,0.0017181912997520337,7.935248895724097e-05
2025-05-07,0.001101112628875227,0.00868566733896849,-0.020008467357829785,0.004073477312994051,0.007901139500399683,0.014107983272781968,0.0038809997130673044,0.003842233056760208,0.001808631905238944,7.536766236976997e-05
2025-05-08,0.007518450323093359,0.010100287888127503,-0.015844508135074067,0.003814563989005977,0.006482791543424404,0.013353955204749047,0.0034601131899403437,0.00359166235394686,0.0018291134276807828,5.7946007345191205e-05
2025-05-09,0.009544810895059624,0.011193624795712245,-0.01599128043565963,0.003555650665017903,0.006006082721867782,0.013369668442090464,0.003851328514288016,0.0033410916511335117,0.0018301800386575603,4.052435232061244e-05
2025-05-12,0.012240832873201324,0.01869128162831285,-0.010986685178629354,0.003942011920828153,0.005599333761638468,0.014006155231847433,0.0032805697897321834,0.0031719513636403285,0.0021065231351285905,8.167254023299708e-05
2025-05-13,0.0187272773542742,0.018219001530867134,-0.0097377050545176,0.0038640875281478544,0.005150507368600671,0.01471950974316068,0.0037673357703923416,0.003079738977612528,0.0020808974569228858,8.423679405306657e-05
2025-05-14,0.020956377022405992,0.019034984597532778,-0.008444502828794272,0.0039099913317142835,0.00507878958852226,0.01439336460213995,0.0032422411301225402,0.0028422078142446667,0.0020213899080915405,7.540812286778818e-05
2025-05-15,0.022953669817579528,0.013173470358435555,-0.012152377722356474,0.004056569806585896,0.00525594343209765,0.014638789051262605,0.003395880917507914,0.0029070947171226436,0.0019769137404899444,6.913085025573752e-05
2025-05-16,0.029484002936476846,0.013443560658980815,-0.013066831416553529,0.0031518833417482645,0.0050792883833938604,0.014057567386206638,0.00302559668024309,0.002679880020640405,0.0020367991878605146,8.79397868384972e-05
2025-05-19,0.030023041101253145,0.02048547511311867,-0.012071299808637326,0.0022471968769106334,0.0047695820407322904,0.014274350803435459,0.003463561652181147,0.0024526653241581666,0.0019535288596512473,0.00010674872342125689
2025-05-20,0.036979622335841233,0.015462033540825822,-0.01211391218843038,0.0024891036256691292,0.00466968412950431,0.014275658153070843,0.0036531362266970656,0.002387854673467807,0.0020664245408478685,9.95918976298802e-05
2025-05-21,0.029437158473736926,0.015537590033718997,-0.008461818791214503,0.0031290965260641532,0.005200714665461739,0.014715732857586905,0.003794877794562101,0.0030966170544707485,0.0019792829818984473,8.782835465291485e-05
2025-05-22,0.0230272077658681,0.014578640910815217,-0.010252477640189455,0.0028418747840860703,0.00474854354189912,0.01468412182554945,0.003695310009836804,0.0029088887644107926,0.0018819157724208314,0.0001119131036340209
2025-05-23,0.017426139137011715,0.013447746694169406,-0.011872251441775,0.0017384426707627977,0.005284987613647201,0.014843253706214919,0.004457788493407061,0.002975806844257488,0.0018878009546397319,0.0001038448990919528
2025-05-26,0.017433942289265075,0.010426638568600736,-0.01192550231757617,0.0006350105574395252,0.005196570111704746,0.014610401394381125,0.004447666105193735,0.003042724924104183,0.001917480456350866,9.57766945498847e-05
2025-05-27,0.029968872672339032,0.008342560590708977,-0.015027808303239238,0.0010094994595242937,0.0048744720721346025,0.014352743596067412,0.003831316638722818,0.0028397556837308074,0.0020898833658499834,7.508201224096898e-05
2025-05-28,0.030013949300533114,0.006263739275863333,-0.013005307276444066,0.0012267864854971584,0.004616457972754548,0.01455781396300457,0.003684400247711994,0.0025314788405039787,0.002136286848062644,8.064522513736433e-05
2025-05-29,0.032606183873156794,0.0057458859210434985,-0.015269890025116908,0.0002434372205941857,0.005156393650027895,0.01618350948809098,0.0037537585232423655,0.002859482319680264,0.002228122293693516,8.44566237562899e-05
2025-05-30,0.0363670361059086,0.004803934201161398,-0.015800796831046748,0.0024369984755834764,0.005380408918794998,0.015780557095658225,0.0035871648597565996,0.002807209008473773,0.002225920844892849,9.08125000552893e-05
2025-06-02,0.03634456719046137,0.005176495981303816,-0.01423099975417582,0.0019531043724663286,0.004771162556773143,0.015031449387027504,0.004489407206000325,0.002407327002870314,0.002352369910689821,8.947100793903876e-05
2025-06-03,0.03461463325897858,0.006666067270600354,-0.01405545805435217,0.0020991136810768257,0.004901968068923696,0.01509662674602878,0.004396206547009672,0.0024726272104142167,0.0025912635343778106,0.00010753448018403143
2025-06-04,0.037172858931758895,0.00942470616697784,-0.017693937738877747,0.0017793319222512355,0.004923182325593177,0.015036335919610823,0.004575993987527599,0.0024625318473640995,0.002776232649212248,8.566236572950885e-05
2025-06-05,0.03452486931577634,0.00846677541152947,-0.016255725219360712,0.0013532000075907064,0.005833216136684219,0.01599863289894479,0.004618167240369563,0.0028560225315415098,0.002889596223291274,2.0001951185878733e-05
2025-06-06,0.03906801402176247,0.00462644151435562,-0.011435224114737207,0.0009270680929301774,0.005986603165612522,0.015211704295891422,0.004350981851554572,0.00324951321571892,0.002855266544109173,-4.565846335775138e-05
2025-06-09,0.043476432295903866,0.0021680352336088593,-0.012637918118892906,0.0005009361782696484,0.005753474671815841,0.015202867183303874,0.004627403243174762,0.0036430038998963303,0.0030087606203498627,-0.0001113188779013815
2025-06-10,0.04608266703455517,0.002608088623764282,-0.012687984125174965,5.574113061501088e-05,0.005737741214126633,0.0155267026134222,0.004487943947783438,0.003810789172547983,0.0031709534220754816,-1.84584455713831e-05
2025-06-11,0.04718154915386687,0.002916244275569614,-0.01537985138175068,0.0012584999052350837,0.0057568857304623475,0.0151368382056003,0.004480137470645323,0.0036695152768468037,0.0032767285122828342,-2.8870455102941707e-05
2025-06-12,0.04566006286914584,0.0044849341841517835,-0.01728288471725999,0.0024612586798551566,0.005969746291922364,0.014828481840669734,0.004773188427074141,0.0035282413811456243,0.0033253244335888998,-3.9282464634500316e-05
2025-06-13,0.0361925056571526,0.005964532067468433,-0.015164524326225663,0.0038072908187329387,0.006446878822579909,0.014900012179005407,0.005284604795461284,0.003877240954249979,0.0032178253999444557,-3.6613690756805254e-05
2025-06-16,0.04100944894796717,0.004123113602454922,-0.014301443407071781,0.003040323463850309,0.005949838245208311,0.01558830030557627,0.0051064597569340986,0.0033336917077216584,0.003383872559892788,-3.855492240085026e-05
2025-06-17,0.03882895365459282,0.011171564750654929,-0.0169786049314025,0.003089571035022321,0.006284988163406364,0.015600369741547831,0.005197732168248624,0.0034830244644794843,0.003416895125994168,-4.853672483976653e-05
2025-06-18,0.041798229018012736,0.01210258122223808,-0.01677851209857389,0.003103866663268284,0.005991347070971538,0.015783142171336157,0.005331557116706741,0.0032083101700758894,0.003445550679715417,-3.942401196333205e-05
2025-06-19,0.031619173678047785,0.008969173101571913,-0.01683176297437506,0.0031181622915142466,0.005750813458330178,0.015847417236126485,0.005321434728493416,0.0029335958756722944,0.003442616799369831,-3.0311299086897577e-05
2025-06-20,0.035747620127430615,0.005729563412247285,-0.018477973674126243,0.0031324579197602094,0.006176370914096857,0.01578506686320414,0.005182020363769022,0.0030685146525284727,0.00338168647401776,-4.528686329389859e-05
2025-06-23,0.03371930040905737,0.00867516877252477,-0.02180320184506101,0.0026364871919439935,0.006312290006836067,0.015923076781225187,0.004890892591017593,0.0033327283617437444,0.003577131172539022,-4.334014614796056e-05
2025-06-24,0.041397837042722846,0.009506031927784798,-0.02244182474557606,0.0023558760193768628,0.005879042052057609,0.015920949118137722,0.004347388034999414,0.0029509631853134152,0.003973083339133277,-1.2540589474940321e-05
2025-06-25,0.039447850555212535,0.011147534814988255,-0.022546933819637675,0.001070036616054025,0.005834478557196879,0.015870729921235168,0.00453802855949268,0.00290629421210149,0.0039017642109824757,-3.275210301827709e-05
2025-06-26,0.047476213727810385,0.00973961072856584,-0.02419616800232386,0.0013577212384618968,0.005816505887145341,0.015574410012437654,0.004935879987480165,0.0028426944288388743,0.0039750908007184,-3.8159637098334285e-05
2025-06-27,0.06034227255695852,0.011667506648028335,-0.02303170361702901,9.570598791892263e-05,0.005723825622303541,0.015665688276153722,0.004650729418131999,0.0027512519359106165,0.003939566262920014,-1.2759660057600547e-05
2025-06-30,0.05589957938892539,0.017372282050695024,-0.024889123897230983,0.0018974866220971812,0.0056469519872499405,0.015889522440811498,0.004634912136907779,0.0027662578641772196,0.00447976872466375,2.5446750689063578e-05
2025-07-01,0.060800255953181684,0.01839439213382149,-0.022945933250489083,0.0015059058709062847,0.0058414580940724945,0.015775389578953018,0.00483276025602843,0.0027256460674184723,0.004994868389324739,1.3867944271839736e-05
2025-07-02,0.046747070949592316,0.01666053282585858,-0.02168385611484076,0.0018269462053730557,0.005846703750700232,0.015590294488832469,0.005263679365063864,0.0031601973683351415,0.005094321176278931,1.131443740778517e-05
2025-07-03,0.05840322354600891,0.016413720845078753,-0.019012938100190228,0.0018412418336190184,0.005666544779801691,0.015632161148456624,0.005029734919696386,0.0030338766676613303,0.005262995708526252,8.009178759833415e-06
2025-07-04,0.05170976337234153,0.017406974939247553,-0.019066188975991397,0.0018555374618649811,0.005780081416663152,0.015805350474273745,0.00479711450362917,0.002907555966987519,0.005259811518671066,4.70392011188166e-06
2025-07-07,0.05269455289943652,0.01607631766362429,-0.017586363942061166,0.0018698330901109439,0.005578862421150509,0.01580895194872461,0.004795027620343676,0.0027591463383677857,0.005071128169235445,-1.0055939076950615e-05
2025-07-08,0.054488088845650415,0.01480193223395933,-0.016787923900706853,0.0013997736999361013,0.0053979020565214095,0.01595550024713883,0.006228348026137514,0.0027122901325208606,0.0049728987149580605,-8.002271726087959e-07
2025-07-09,0.05562329839299721,0.013053771285545827,-0.019604948618732285,0.0013426145938505451,0.005517239023730124,0.016197690697912683,0.005798181252799491,0.00317892089792099,0.004964139640441447,2.1045987744009203e-06
2025-07-10,0.06045628380290942,0.015431709538572765,-0.01947013986878639,0.0017184543157830945,0.00551334173439079,0.016222591908568205,0.005937765240396423,0.0036595800024950293,0.00480809485999717,8.499520733539425e-06
2025-07-11,0.055704157729581774,0.011136638996652782,-0.01691543910355453,0.0016829705588991873,0.005434167611592862,0.01630508083388901,0.006263256027546907,0.0036391875151035647,0.0043983916343151705,5.028255296160475e-06
2025-07-14,0.061086060972421356,0.012299522443115225,-0.01720120926334144,0.002245314257818307,0.005759307539621583,0.01638075339978986,0.006046578555449984,0.004134518134704741,0.004415366547346034,8.569730951350905e-06
2025-07-15,0.05647153581408157,0.014881784956125618,-0.014726280235178479,0.002807657956737427,0.006196487695595895,0.016468637553158402,0.005966812963793551,0.004629848754305917,0.004296621661696751,1.2111206606541335e-05
2025-07-16,0.052830335649551995,0.01467778383043591,-0.01681785314119043,0.002008950381692518,0.005418759275551601,0.016388056963386362,0.005940319339562592,0.004181462894768844,0.004277090646076088,2.5410120972084776e-05
2025-07-17,0.05970790637805862,0.014358126452096307,-0.01611786067341678,0.002524721825376519,0.0052958776844969305,0.01653419485195226,0.005920140510780082,0.004196320250599443,0.004449542854461129,1.8072448147841908e-05
2025-07-18,0.06612858888169065,0.01512927807028555,-0.01771270916447982,0.00243522139037841,0.005482593174513441,0.01619370930655889,0.006157131598063558,0.004390658436133666,0.004619650569674646,1.0391656122188484e-05
2025-07-21,0.07074699739108854,0.017520030815886826,-0.020105706467696702,0.0017494969259597144,0.004994974793246263,0.01651816033989105,0.006441202025449287,0.004106652048322156,0.004962609313373189,2.16614599430941e-05
2025-07-22,0.06766152916741018,0.017424632316206168,-0.02133342162038375,0.0020370430691702655,0.0050349182934725,0.016336638560261477,0.0067455545859979316,0.00423213577770463,0.0051698356121354155,1.4264588752670759e-05
2025-07-23,0.0721169835219133,0.0178304972844519,-0.019068589838190715,0.0016968018812744852,0.005077698829563586,0.016375289514610043,0.006730387366451159,0.004059828296943503,0.005125158467381454,2.230499932612898e-05
2025-07-24,0.0788021078571899,0.01722009074589288,-0.01792878179372642,0.002290869191062409,0.005069935013749511,0.01583126303716,0.006622779086760243,0.0041055119128926,0.005264946984856494,3.770665235328998e-05
2025-07-25,0.07798192430858338,0.01442750964364117,-0.018773936323058325,0.001400435849598351,0.0053781936358471725,0.015914700273229197,0.006356911742127317,0.004381963060769854,0.005280721915316965,1.4591215292961765e-05
2025-07-28,0.06976545566827402,0.013336364572375688,-0.017884124463799556,0.0019091882721068497,0.004890862162824218,0.015042063772781245,0.005980002699365415,0.003957431976717325,0.005415500439618675,2.0112651661872433e-05
2025-07-29,0.06302565544030166,0.012615191362297575,-0.021148437077628174,0.0025291679481396524,0.004936847356716764,0.015269888158974917,0.006227954727845052,0.003991009832077669,0.005571901686636554,1.6741244969448312e-05
2025-07-30,0.06257982180006906,0.011478383095055009,-0.019140776398701126,0.00186370789987942,0.004929145975344044,0.01531291029970162,0.006062659628972281,0.0039764257503436115,0.005367471060897353,4.529590603473708e-05
2025-07-31,0.07159220260637102,0.01307778591095442,-0.01954330012212057,0.003228091841086549,0.005151277520038604,0.015402127147997146,0.00291184321673441,0.003953540667522402,0.005494610879544264,3.821964519004655e-05
2025-08-01,0.05940644518032523,0.011355682496968125,-0.026976908676157697,0.0034686330330368138,0.005944040495594652,0.01607760245141282,0.003190706252378851,0.004361060903536158,0.005675785351498597,3.275760207471554e-05
2025-08-04,0.066998129992855,0.014118645679654854,-0.028527837683847552,0.0023699691060161234,0.004722485753980075,0.016081837344002228,0.003247589151059015,0.00347884262661138,0.005931533804977877,4.0688927765785774e-05
2025-08-05,0.06874993905235577,0.014442489491958782,-0.028358627937555298,0.0026571237206294454,0.005307332887413088,0.016027043073373798,0.0030489784703700102,0.003874788965694431,0.006157887329263496,2.691956198271837e-05
2025-08-06,0.07075955202462224,0.013980660037477813,-0.028239823172821584,0.003148908162481061,0.005021059626280702,0.016090783270647925,0.0030502809655796933,0.0036968407290512645,0.006149599293410376,3.999804804440708e-05
2025-08-07,0.07096855691157468,0.019367736031788096,-0.027230153956594325,0.002924678375513962,0.004984487654181628,0.016430612548018236,0.0030654563443199803,0.004018400450544939,0.006455647372058179,6.611308385779202e-05
2025-08-08,0.07290543034815902,0.022336647251129754,-0.025819540775412122,0.0031179524553547272,0.005001190422360775,0.015966960158079916,0.0034593180512911123,0.004079925382760998,0.006258762920014704,5.241860448091658e-05
2025-08-11,0.0702509449341314,0.024369618364478575,-0.026042904671260383,0.002210173072195402,0.0050395351538471975,0.016288277107639387,0.002964981467113434,0.004420874770060851,0.006651370373720603,3.8643259968982575e-05
2025-08-12,0.06713876104834317,0.0274383623433507,-0.025980222930959175,0.002324433270217449,0.0045849018663148555,0.016333203299549216,0.003129974595884548,0.004366276909710711,0.006991663281504296,4.538489977133516e-05
2025-08-13,0.06631673201600653,0.03094948620932063,-0.028494669575004777,0.00255918638492358,0.0045151894742426705,0.016388906428891847,0.0030569323431950254,0.0045740931761694414,0.007469012658724619,4.5029723290039995e-05
2025-08-14,0.06693076988675917,0.02951167505569368,-0.02646216547432342,0.0024920716185195834,0.005171946327112491,0.016049157946454205,0.0029787521448502987,0.004790127478657875,0.007674419734088969,6.19691620682191e-05
2025-08-15,0.06449476194646878,0.03072420564025168,-0.025373669162843882,0.0024236765736766583,0.004863313244902686,0.015959103553970764,0.002935486836081866,0.004314283738880077,0.007658903678145284,5.71499580715589e-05
2025-08-18,0.062467914845164195,0.028663501231477925,-0.024764401672469925,0.002363737688344641,0.0050796930853594345,0.015891265913626957,0.002903585212039293,0.004332638207605081,0.00771679273094931,5.874419743788386e-05
2025-08-19,0.06757140049671634,0.02885285323904466,-0.026466010007426048,0.0024217313801356876,0.005462557780593047,0.01571580898301071,0.0026136187017521185,0.004286321525895092,0.007739371064188289,8.202237653276464e-05
2025-08-20,0.07121834180822337,0.02513692232963169,-0.026765529147226984,0.002702699243174378,0.005102481274072306,0.015930365564430737,0.00287097187802003,0.004242742103970542,0.007683881791049879,7.589427972784567e-05
2025-08-21,0.06812538472640647,0.023553058558963925,-0.025003000192632813,0.0018921135445837236,0.00496667229151262,0.01591559495058301,0.002906477016609587,0.003885396035684684,0.007622242907207128,9.619346831417343e-05
2025-08-22,0.0780495765445073,0.02655743016295513,-0.029080152608101987,0.002180782359756682,0.004963524106416959,0.016061443204785655,0.0031209091322519306,0.0046535010025169545,0.007915225458317634,0.00010125155359640634
2025-08-25,0.0773819252641053,0.026282698294419517,-0.028247042911755504,0.0024694511749296403,0.006508359196952505,0.015851240418602548,0.0032377391839737753,0.005421605969349225,0.007930182015005805,0.00010630963887863926
2025-08-26,0.06746199309677386,0.02394221146865507,-0.029586226390303148,0.0019230667640577459,0.005890654560712089,0.016049298086599,0.0031376605156002864,0.0050853761539335525,0.007926936491905918,0.0001037733321629608
2025-08-27,0.06485735691477394,0.02643743682437951,-0.03125010046577548,0.0027398468347092533,0.005820558437570004,0.016111804826432093,0.0031631199425595307,0.004876317570878421,0.007908686688596829,8.781509138523198e-05
2025-08-28,0.06175049638266655,0.025206346663140058,-0.03184451100341557,0.0014670359102224903,0.005614135972773123,0.016171265373729735,0.003454729324873667,0.004720694937826085,0.00799169841496656,8.161560002899517e-05
2025-08-29,0.05581617879800957,0.024001210952317012,-0.03202283824881331,0.001481331538468453,0.006343395400031728,0.01636774054294847,0.0037494542994003393,0.005079947698185996,0.008015671262606012,9.324507254913588e-05
2025-09-01,0.057115965259072546,0.023599194471816222,-0.03207608912461448,0.0014956271667144157,0.006723261997483562,0.016091101971360593,0.0037393319111870137,0.005439200458545906,0.008020042943631657,0.00010487454506927659
2025-09-02,0.03388259666281731,0.019094922917051754,-0.03053188901037928,0.0015099227949603785,0.006503071902702965,0.01606739731338248,0.004279768187620435,0.005309873541664179,0.007831922082348328,0.00013844148118107616
2025-09-03,0.04027906209067383,0.01657599226751342,-0.03325708064269823,0.0008353031644769439,0.006163028911348699,0.016081731902719974,0.00432187733923311,0.005098298016180446,0.007823114595105655,0.00013102438081955708
2025-09-04,0.04967417021056332,0.021775555212543304,-0.03499988238878183,0.0008834461388601661,0.006365365697878439,0.01589103516542178,0.003955562864142418,0.005083667469811704,0.008032663105822822,0.00012959835845531868
2025-09-05,0.05174300669810941,0.022800542856833503,-0.03988897125347958,0.0009851366706577264,0.006536060508704286,0.01594980539583049,0.004027140895743392,0.005239771994403443,0.00801814326018313,0.0001369366573338942
2025-09-08,0.05595327072663961,0.022959595622334027,-0.040616973445852855,0.0002600792117043427,0.006012776418935732,0.015376500001771204,0.004186182610629019,0.0047700140970202845,0.008329870484720774,0.00011091037560341592
2025-09-09,0.05112193908812976,0.021491925431123857,-0.03923597426260861,0.0010580118018305947,0.006117319053671209,0.01474352682103679,0.00425480637452004,0.0048293231442716866,0.008225010648630272,0.00011807830474055258
2025-09-10,0.047497191017195836,0.021500631673758853,-0.040730924102264025,0.0007801144167022237,0.006278231265591702,0.014436933334437654,0.004459818841606025,0.005131185565048049,0.008299004366951662,0.00010232121539666426
2025-09-11,0.05387937698793583,0.02106492003514475,-0.04131159982493061,0.0007697268602323763,0.005914519460236333,0.014478290966178744,0.004446295341625066,0.004932535046035892,0.008505993897660557,0.00014719147960538754
2025-09-12,0.05066580272446743,0.019318322201425334,-0.03949266068512728,0.0015044118189894437,0.005921124406363964,0.014687270111268172,0.00453092506315854,0.0051844540064469235,0.008475343467798022,0.0001149965128722032
2025-09-15,0.051462307224184795,0.020025626950713533,-0.04106627496612981,0.00017418479109379526,0.0060693680843760395,0.015277218807258072,0.0048722935008202704,0.0051083096695761655,0.0086864940531838,0.00014797045447453064
2025-09-16,0.041830646320134154,0.01901371111226009,-0.04183483317851888,0.0007086250473084352,0.00581561919698349,0.015218526663148279,0.004906561655156213,0.004881087885813188,0.008822636518791236,0.00014242289555472284
2025-09-17,0.04695928340353386,0.01862624115942932,-0.04009124633776722,0.0005477576348662304,0.0061506571322993845,0.014868185546118648,0.004663494048556267,0.005262473957553485,0.008692824066786904,0.00013268019764893198
2025-09-18,0.05235126498126819,0.017738876508978128,-0.03909206015585173,0.00035246766259438797,0.005829666459598802,0.015325944078721057,0.004371619360999762,0.004951910995721678,0.008757742884116557,0.00013148882830317315
2025-09-19,0.0464539220169639,0.016293840044811242,-0.03796731597030052,0.00020056669319422495,0.005807876110154538,0.015262952682752323,0.004500361336092286,0.004729525828873651,0.00874667982464129,0.00015069695961508566
2025-09-22,0.04611959419976305,0.019125368116397177,-0.038441393251328095,0.00034141256678088354,0.007057955703392597,0.015355306681030443,0.004786957796042293,0.005553137539028895,0.008630550841307975,0.00013926326468033685
2025-09-23,0.050337699739635006,0.016729307961516303,-0.039365585682185976,0.0007162004510603572,0.006506672829535158,0.015243215575924056,0.005052928753135594,0.004908163447646464,0.008719390307273407,0.00012493836226527
2025-09-24,0.05005489893417857,0.017358749018373757,-0.03800588555590876,0.0008991938609995641,0.006508004499406704,0.015192126826991509,0.0054012326324675295,0.0049435178894070364,0.008543965019821272,0.0001501290723609086
2025-09-25,0.04548920804291608,0.016993088063844013,-0.03599261702025672,0.0005981910894479163,0.007816630405422489,0.015192485397867739,0.005283283942335931,0.00571464881928432,0.008350813923292665,0.00011702689461147212
2025-09-26,0.05201213531807048,0.015583388204571925,-0.036150215599442925,0.000309450793523142,0.007208312897404354,0.015671218475892416,0.005524890991696179,0.005301697124721869,0.008439902523756431,0.00013282193998562827
2025-09-29,0.05915170559709351,0.011921433054651834,-0.03759641752471392,-0.00021726076866908416,0.006693400979759125,0.015706010150026394,0.0058704675631233005,0.005189431465114823,0.008533464320631722,0.0001267596668709718
2025-09-30,0.06566125854776916,0.011954104388892285,-0.0380395016944531,0.0017074961570332724,0.006778188238515429,0.015826165457591863,0.005781176064069619,0.005165618378452255,0.00854192322764239,0.00013579031948593936
2025-10-01,0.06593186301755445,0.013508699802700173,-0.0399028340183484,0.0015261127863425469,0.006631028350508381,0.016075217517196705,0.005820054474656306,0.005426252075048919,0.0086534841995411,0.00015926492219230033
2025-10-02,0.06461922210729666,0.013831709241750973,-0.04038253439436536,0.0019437871491356316,0.006452802239304748,0.0160293080750284,0.005771246936540852,0.005455915396743492,0.008668710985992981,0.00014791222138745396
2025-10-03,0.0717368798874895,0.010084550670930632,-0.0389658484689045,0.0011903284805418618,0.006503565026818892,0.01622308144739128,0.006354521447185088,0.005586259383477605,0.008591925373232334,0.00014011073178145012
2025-10-06,0.06587903969669483,0.015262537968119792,-0.03743426077934643,0.001369004475281316,0.006092248435116802,0.015874943994221236,0.006515479268793824,0.005428641315723347,0.00861111368251238,0.00014020130060800074
2025-10-07,0.06201006126385015,0.016340689125554368,-0.03925040697249758,0.0013711772083183544,0.00664549112586571,0.016257641623379247,0.0067643339065349625,0.005592072675170149,0.008630827616895638,0.0001363969059472551
2025-10-08,0.06313258749133538,0.011540128916621883,-0.038998911770191685,0.001410688469490965,0.006207874140743507,0.016628446967179165,0.007071570206677139,0.005295089082355895,0.008728733102556716,0.00014898000663682702
2025-10-09,0.06379834496073647,0.014465384998456472,-0.038083147088450606,0.0016331140185583222,0.006654656796703093,0.016795910828298722,0.00667263689881933,0.005495710221546659,0.008653670061778682,0.00015042424418428956
2025-10-10,0.0572302496137958,0.012423700812235707,-0.041840898961693525,0.001962969981748138,0.008568220561031861,0.01672549321489784,0.006027670993241673,0.006438752416066847,0.008775654195006522,0.000134969937072095
2025-10-13,0.06520388760256773,0.010850768006286166,-0.0418941498374947,0.0013768574210484645,0.007127708572268753,0.016948236034975164,0.00720115093114807,0.0055038903651826515,0.008803082357663661,0.00014034193717044714
2025-10-14,0.06610725673857082,0.0076737183781729,-0.04331281750774475,0.0016087296913968024,0.007733006080439376,0.01780003561227592,0.006941460338424636,0.005862380483043739,0.00864264826317332,0.00014833807953896255
2025-10-15,0.062394952814476885,0.009890178782592206,-0.042303148291517496,0.0017135766640598272,0.007672166431583435,0.018267915132940845,0.007016954434984543,0.0055207848141961054,0.008789530218357468,0.0001568802127579298
2025-10-16,0.05923477258685157,0.013174047982536272,-0.04534579925274905,0.0018414053696676098,0.008032660829869656,0.017548012290582015,0.007288795005268148,0.005629112229014118,0.009007563872098827,0.00016332615455021758
2025-10-17,0.04876576335785415,0.015081892681218404,-0.04441028778801135,0.0019758847353981506,0.008401580322211251,0.01694997989825702,0.0068957639295475544,0.005820705261742528,0.008782503121573243,0.0001603853554796388
2025-10-20,0.051115654154647965,0.017236989260490512,-0.04581434064221519,0.001259339852324879,0.007518037613854882,0.0172638432315484,0.007568337347668565,0.005292469005256557,0.009026414910778187,0.00016899815939405602
2025-10-21,0.05405650193984349,0.014014965372907985,-0.04691760644571895,0.001797627226788348,0.008210906530482091,0.01694293140016031,0.0064851598240270435,0.005745519597352276,0.009336685845673098,0.00016711866563895946
2025-10-22,0.06901174834961925,0.014732958907697422,-0.04725933100653868,0.001673713981285851,0.008148600456753882,0.016993487784430137,0.006485436478472189,0.005547242663921568,0.009393469022074748,0.0001673416694470603
2025-10-23,0.0738279100419677,0.010023654033735653,-0.04571372493204529,0.002252617645533399,0.007582783701500927,0.017203352939050624,0.007344831074719797,0.005138179652802382,0.009313281982746915,0.00020181035293433895
2025-10-24,0.0808966536135796,0.010075386030473154,-0.04604955256665033,0.0009413981745798111,0.007340179838706867,0.01797730284286872,0.007331477958024048,0.005011208032619101,0.009557306108691169,0.00021516847875945706
2025-10-27,0.07943351170329879,0.006426724599938096,-0.04676641357674051,0.0008486160263952589,0.007285565338842262,0.018320686394464575,0.00695757095243287,0.005287283229869974,0.009715004778609346,0.00017249171667600921
2025-10-28,0.07855591592514935,0.006746352495885038,-0.04707365992951903,0.0010438867996364718,0.007529021355078043,0.01830258850357515,0.006713372754626685,0.005309427697445869,0.009794816843490626,0.00012263268159980499
2025-10-29,0.07557079685619075,0.008772232658378004,-0.043864546733061525,0.0012391575728776848,0.007801264702178998,0.018018700469772962,0.0070318189419503845,0.005331572165021763,0.009611938437343912,7.277364652360076e-05
2025-10-30,0.06951164252555476,0.009781501359220585,-0.0422603024103149,0.000139790894137286,0.008077884943102126,0.018163881173743575,0.006728163000704699,0.005389983810034552,0.009697052679273748,0.00011678286735537026
2025-10-31,0.06493960148905456,0.00799997677282644,-0.042985876433033386,0.0019078923568810497,0.007852759146376054,0.01778166470363361,0.006617823949250613,0.005257663488386411,0.009774615742323425,0.0001322448890526882
2025-11-03,0.0608933902078924,0.009485504521319799,-0.04169169934511088,0.0019221879851270124,0.008658686828667998,0.017889636027513253,0.006620666576840419,0.005608679185464066,0.009804517665585199,0.00013341073471018002
2025-11-04,0.058325178733618074,0.004824332856626096,-0.04214589890754716,0.0019364836133729752,0.009678423489954792,0.017773619096451893,0.006070624343968172,0.005959694882541721,0.009700038967358795,0.00013457658036767186
2025-11-05,0.06259459131689826,0.004732525583943208,-0.03975046381585594,0.0019507792416189379,0.009368621475930443,0.017756767503346642,0.0062104549529251206,0.005924415107633075,0.009596668821163164,0.0001372111875578965
2025-11-06,0.05529798077422385,0.004425563559207472,-0.042995641039754416,0.002128119265232171,0.009386362210993801,0.01781878848865532,0.00614460372731034,0.005638878727530257,0.009647520745283843,0.00013098228842900486
2025-11-07,0.05028894563122105,0.004601316468370508,-0.04333839719885486,0.0016429001286678358,0.009478902603571737,0.017858023310688368,0.006212403287883551,0.005981028657162141,0.009540117770544731,0.00013878114011219906
2025-11-10,0.05787130777152929,0.003748087870936103,-0.04197430321798378,0.0015230038609681778,0.008895240200127606,0.01773946808861723,0.007036052733444966,0.005680674239405726,0.00958573598868403,0.00012910732358242154
2025-11-11,0.06685281201409407,0.0030877034617314923,-0.04166070428076399,0.002030029028672078,0.009349632622846089,0.01789872588485143,0.0069980802022043855,0.0057683887331374745,0.009582080234996439,0.00014501422118708002
2025-11-12,0.06740291515947328,0.0019327721155150736,-0.04385911368054821,0.0019839369117970905,0.009296202971851998,0.017870943505297773,0.007267259947182191,0.005620057044115835,0.009636831454791137,0.0001340067481648982
2025-11-13,0.06197651903149049,0.001153766874807259,-0.04202953583857415,0.0017073490623187545,0.010198662718101834,0.018168762590060263,0.007210239392238548,0.006163006337688078,0.0096050002959255,0.00012591564758198374
2025-11-14,0.05254459262382295,0.0002501484799225437,-0.0408687261381949,0.0025413393535763293,0.010734961429740505,0.018095023778949712,0.006837462626754536,0.006200741339421576,0.009494662385960624,0.00013424256193676572
2025-11-17,0.0462095605487135,2.236283039377821e-06,-0.04179860307565696,0.001957753044335905,0.010787882539383802,0.01788589664125462,0.006617602628574472,0.0059860054783813154,0.009483978530489523,0.00014127661778301986
2025-11-18,0.033478101072534516,0.001856451792383363,-0.04256006724603879,0.0020964196587755163,0.010678745335571904,0.018092408798769655,0.006541149263904834,0.006045897041793299,0.009499565691972064,0.00014566596401047695
2025-11-19,0.03326494224673304,0.0006944965783654657,-0.04215164687787752,0.0021120452145660822,0.010753065003476166,0.01828912974423007,0.006599789797795519,0.0058726346342622415,0.009445498775767853,0.00015905322989928492
2025-11-20,0.03292488047296072,-0.0020567410988219783,-0.043338908284621475,0.0020587774784750967,0.011546040917917104,0.01866278189136684,0.006378320301160636,0.0060639556484424,0.009513051114020668,0.00015805259505771764
2025-11-21,0.03396463059496446,-0.0024342561495744645,-0.04597189829286516,0.0019534607119769194,0.012055605312753213,0.01910114010351387,0.006502297988632159,0.006353344652582347,0.009504680880378966,0.00015577305652927947
2025-11-24,0.0344660750934213,-0.00257264707043687,-0.04696016121076713,0.0018534126566529016,0.010927940717682497,0.019422088137420714,0.006500353420065441,0.005690732094270298,0.009596851465133333,0.00015354724633858145
2025-11-25,0.045686319141919174,-6.589849280682226e-05,-0.04843861081653934,0.00348132610236375,0.010694761392342643,0.019267797918421585,0.006693417962887379,0.00538670527183624,0.009608152232611238,0.00015929454516419984
2025-11-26,0.058220173632870076,0.0021167001857777586,-0.04802169064624256,0.0025930856232737752,0.010378329892056469,0.019428378168783053,0.007087509285630857,0.0053508512562092546,0.009723625234291685,0.00013115575979092344
2025-11-27,0.06757392244452615,0.0015859253116523699,-0.04807494152204373,0.0017048451441838003,0.01033291764279216,0.01963870141067662,0.0070773868974175315,0.0053149972405822695,0.009719670424697811,0.00010301697441764704
2025-11-28,0.07150669176318367,0.00494351926173217,-0.048333484485714055,0.0014108874748058648,0.010269676864320386,0.019893476464082235,0.007464978175116315,0.005235156050241644,0.00973367536596165,0.00010997718634002137
2025-12-01,0.06447287920047523,0.005880184810947332,-0.045531771854467495,0.0011808710342415438,0.011538100516072554,0.019841997652725343,0.007609539560757618,0.005854713419779643,0.009643180164200602,0.0001242567106620804
2025-12-02,0.06366556780614181,0.005814588341417235,-0.046462598161459076,0.0014225102111164482,0.01066794370494145,0.020058607343886252,0.007208844438277165,0.00557331236145142,0.00973280471478448,0.00012220452879848812
2025-12-03,0.06445353321991161,0.005063839801425696,-0.048481256586057,0.0016073658484573273,0.010360591864061817,0.02001604572148016,0.007607504530464183,0.005645291887756993,0.009828979653852142,0.0001472674086065145
2025-12-04,0.06793976286376317,0.0035737180259619423,-0.046889586800052625,0.0012166950231329533,0.010363004131592647,0.02007362755096506,0.007652498648513902,0.00546789255621102,0.00983346302581136,0.00012015547270720277
2025-12-05,0.06619825902545481,0.007284136790020203,-0.0458871077748876,0.0008214724649631489,0.010706454652876016,0.020493346117583956,0.007892193641398391,0.005470299011037634,0.009708957742142848,0.00014133188071959913
2025-12-08,0.06008267097361747,0.0069512883898922816,-0.04427526829258877,0.0011721123366116271,0.0103791187922982,0.020487040828717145,0.007646997672381193,0.005341364513234763,0.009620399703768644,0.00013602423659887474
2025-12-09,0.06005044761027395,0.009709390119865498,-0.04326457687683432,0.0009813182036780446,0.010271713101763197,0.020189513695489235,0.007380152276495315,0.005599094115050002,0.009412382171705085,0.00013089523882799182
2025-12-10,0.05650174396849755,0.012946589102458824,-0.044957952454963916,0.0016429612621099306,0.010286776063626591,0.01976382464537502,0.007434388598577746,0.005559843340481917,0.009585354292251167,0.00013034690254122724
2025-12-11,0.06003384020101822,0.017198953756344327,-0.04675402263637972,0.0017236517290054843,0.010348663789625658,0.018727485021778498,0.008027169825105374,0.005517916762718922,0.009625648885598307,0.00014847513227447454
2025-12-12,0.06251316766353673,0.01889667694453558,-0.04593641659858277,0.0017947448853175452,0.01074504204945932,0.018822185456273628,0.007729783208798392,0.005551883576760333,0.00972846123878417,0.00012389717203949887
2025-12-15,0.07194901736457207,0.022150296152057103,-0.04630897372562866,0.0016820294689244369,0.010910118661298943,0.01915852076832613,0.007824979153740277,0.005284626612159531,0.009863367037123974,0.0001259467814401542
2025-12-16,0.07267535059866831,0.021000923481943008,-0.04762954868509966,0.0019026009559453387,0.010620770462383284,0.019395952289843983,0.00755228817557269,0.005067861946640257,0.010013384676135413,0.00012067807552757
2025-12-17,0.07965214796366198,0.022233848763760843,-0.04764525168067208,0.0021204680846189836,0.011085113185868677,0.018678351871228793,0.007937997404932166,0.005208559473006099,0.010038591356808188,0.00012417020838339683
2025-12-18,0.08581068916967197,0.024161765287912133,-0.04946474609891619,0.0011960716660195376,0.011344871299913286,0.019089042959980696,0.007917297515021501,0.005398216319960996,0.010076568388781985,0.00013221385360397985
2025-12-19,0.08435800316702584,0.025406904837093538,-0.048205565785881664,0.0014328616131921885,0.0108649447242158,0.018782634294050325,0.008205310807209824,0.0052911241928116845,0.010148193420163343,0.00012855706424949817
2025-12-22,0.08564892478872575,0.02491224441966348,-0.0473127649749655,0.001502454718999887,0.010480946338789786,0.019668354649865393,0.008617682454548492,0.004952578149156666,0.010077131426786519,0.00013768302050729136
2025-12-23,0.08565204271238068,0.024594687558350495,-0.04668630371810425,0.0009624265533475704,0.010758388872130618,0.019981833178410152,0.008853384310345087,0.005081486976908758,0.010022243979699816,0.0001371745607724763
2025-12-24,0.08415888703155107,0.023846839346210576,-0.047550881795187905,0.00026494765188465994,0.010158533779459137,0.019456518017678316,0.008874581246171773,0.004449640379545937,0.010235022041234656,0.00013993690698041835
2025-12-26,0.08317842863685206,0.024894331652828425,-0.048221079044444656,-0.00043253124957825053,0.009594423118356092,0.0202118623863391,0.009487491376139825,0.003817793782183115,0.010278248179979866,0.0001426992531883604
2025-12-29,0.0868196998163713,0.02397136650355198,-0.04914498401914966,-0.0006459393713286218,0.010440128075223131,0.019758434564317005,0.008256110999533774,0.0046467050172656335,0.010240424121365747,0.00014297051504572977
2025-12-30,0.09327285400481582,0.025656569042233034,-0.04878917026215754,0.0010394769999864026,0.009912593311508882,0.019284218613284995,0.008924569624852307,0.0042357683850695995,0.010242698216285876,0.00013887093410344661
2025-12-31,0.08925389274334575,0.02563712352272323,-0.04729783999438837,0.002724893371301427,0.009585719329078354,0.01974064114304391,0.008456812450042145,0.003824831752873565,0.010166429614484926,0.00013477135316116345
2026-01-02,0.08310758097329557,0.023197790600479072,-0.04683513974885194,0.004410309742616451,0.00881999007653514,0.018984188867984707,0.008419415963504937,0.0034138951206775306,0.010049542782737043,0.0001306717722188803
2026-01-05,0.09069922700643765,0.02627710064117323,-0.04822641434982058,0.0044475046794930275,0.008974035564374127,0.018797957104457173,0.009534196188597095,0.0039254348509812345,0.010256882347669164,0.00014786758566227588
2026-01-06,0.09753981582925426,0.02642629756390917,-0.047716361738689435,0.00465038442181295,0.008916936650245013,0.018892442510049408,0.009774762530698382,0.0039311917695543565,0.010241170809372903,0.00014975299635828758
2026-01-07,0.10079304435214816,0.025112512834716993,-0.04916601267057503,0.004853264164132872,0.009258503504539236,0.018952461198131532,0.00917059623262453,0.003936948688127479,0.01018685789016778,0.00015163840705429928
2026-01-08,0.1020706875281098,0.021274115755266002,-0.047698409168658924,0.005513463886554843,0.00910964177441035,0.019229770536280347,0.009194343000130074,0.0036669851656596078,0.010067617193781403,0.00014219134733334967
2026-01-09,0.10722639509482346,0.022653382932773497,-0.04746998254949738,0.004881654683624158,0.00900370649440661,0.019821556799490367,0.009663891414431835,0.003480890031117986,0.01009844734749689,0.00016457290800946014
2026-01-12,0.10541358297845171,0.021136905568313852,-0.046623634138666,0.0048627095471881964,0.009095113363320785,0.020226284772020684,0.010357681150929875,0.0036079776982701883,0.010015576133806966,0.00016807430939171715
2026-01-13,0.10142970420259674,0.02095992156831919,-0.04691119547725579,0.005444498964952794,0.00891706760759412,0.019943583085697675,0.010387577688041487,0.003964104388218921,0.00999484905916914,0.00017275984849534956
2026-01-14,0.10215256203286388,0.01903147730498563,-0.048065662242716745,0.005948414989782885,0.009010421995303554,0.02014414805999639,0.010662743928571177,0.004173749467233685,0.00994824228769677,0.00015773020802748917
2026-01-15,0.1151687481715385,0.018918199406436745,-0.04677413357857568,0.005405548073334738,0.008938391199518957,0.020224885074565994,0.010283907442779688,0.003954375979311804,0.009901834617467636,0.0001629812257062192
2026-01-16,0.11768926182057021,0.020382374825856482,-0.04434133305511291,0.004346177085905224,0.00855223174649655,0.020446247651312165,0.009874312524688612,0.0035198004071796624,0.009771026581421925,0.00018967898255112237
2026-01-19,0.1091186760348569,0.021773602817007392,-0.04439458393091408,0.003286806098475709,0.008456836701169741,0.020705135507570357,0.009864190136475286,0.003085224835047521,0.009797941069452077,0.00021637673939602553
2026-01-20,0.10228954974835229,0.02268300988456942,-0.04232633327986869,0.00425143152832844,0.009643227889834047,0.020480912373267064,0.010459005142844995,0.0036403463615357736,0.009693871377134747,0.0001999314326247265
2026-01-21,0.10529836811527638,0.02286114704124688,-0.04339868700366041,0.004091677380233445,0.009627950307878327,0.02104140942151737,0.010617868611668593,0.0037355789488379087,0.009868555427601566,0.00021168227533317836
2026-01-22,0.11775886285530113,0.023861470628446686,-0.043226968266136326,0.004021889078345787,0.009063951876159639,0.0215995696714589,0.010794217834750252,0.0031158660524415894,0.009952321631779724,0.00021726304789961422
2026-01-23,0.114023872817709,0.025763399709923255,-0.04374693620897123,0.003143622392504034,0.00915168873087772,0.02179084295611216,0.011491504769130403,0.0031923570690457932,0.009985147217384749,0.00020429627515339394
2026-01-26,0.11611690646142163,0.02805860920026511,-0.04484711796908433,0.0027751612608535436,0.009571969829051221,0.02113130806426524,0.0119340624226852,0.0034767705233244017,0.010000775859058269,0.00022249016659745352
2026-01-27,0.11721023420958182,0.033075192836669834,-0.04487907932652516,0.0029647375346963803,0.009261229146307014,0.021330082970888318,0.011749602880238632,0.003336775289482195,0.009986228484415466,0.0002170786082542002
2026-01-28,0.1141012141154445,0.04128458299383797,-0.04361438771211319,0.003955802034138296,0.009154411039860288,0.02101900233812901,0.01260655138492069,0.0031940260093970252,0.009926011729346592,0.0002535829229648299
2026-01-29,0.11082097935194828,0.04168737910953789,-0.04487974718946023,0.004104135406314667,0.010425492999419403,0.02135546233977554,0.013384691204077207,0.0038722935825404956,0.009858540004623472,0.00026841621708196314
2026-01-30,0.1132177912428658,0.040144246553942456,-0.04496851219300373,0.00535238734842136,0.01079869710365882,0.02132618989128497,0.010907564993875267,0.004019039277621405,0.009741219302463525,0.00024238468751408947
2026-02-02,0.12178848436990021,0.03963178724488908,-0.04351529576991481,0.004993838264878574,0.011927258012324402,0.021145900434593103,0.010071801024732657,0.0041490230749255345,0.009703256461312329,0.00024082149689725344
2026-02-03,0.11455472183626075,0.03909757064765536,-0.04331258864278247,0.004774522250442511,0.012311754139346485,0.021031494475815184,0.011606859214600704,0.0040749704736,0.009707925283091558,0.0002474478716825808
2026-02-04,0.11853554881171746,0.0381906995389083,-0.04332305884527612,0.00524244339222063,0.012646609742938606,0.021173740831438,0.011317569181443535,0.004029898684943042,0.00971044937788841,0.0002346901623617196
2026-02-05,0.10644487150739615,0.03402379710575426,-0.04656216393131834,0.004451730698477289,0.014817528504242228,0.021226350376044454,0.01092252332408252,0.004635424731264085,0.009862792091481512,0.00022936139225378268
2026-02-06,0.10904071819739021,0.03244107114072075,-0.04636141390679325,0.004641751606117748,0.013635104040918961,0.021255011123003806,0.011372628015433393,0.004625687074168089,0.009810223864216766,0.00021864683308961294
2026-02-09,0.11481864646636099,0.031734404955923064,-0.04677769635499601,0.0037761206288850937,0.012508270848785266,0.021217998177328227,0.01191700811515433,0.003527203355467721,0.010002684853565582,0.00023585015145934305
2026-02-10,0.11852683601945002,0.034494526698202695,-0.048687353716986154,0.0036673075693152727,0.012554212372560321,0.021026902646527665,0.011640769114810743,0.003273429150898403,0.010184385921473783,0.00022705583882555122
2026-02-11,0.11233030915418155,0.03611618313703388,-0.04725561378226505,0.004256708059885861,0.01304643219093138,0.021187614237147795,0.011995174786842385,0.003428240397848014,0.010233300471732003,0.00025412306974972057
2026-02-12,0.10779971550546531,0.039223531276170225,-0.05006685391383343,0.004081650430662848,0.012935381791528928,0.021157770298007434,0.01101110846997998,0.0032471278071687535,0.010445423255838757,0.00027205471382282434
2026-02-13,0.11080500433631267,0.039397683957236695,-0.05227966525915411,0.0038858077614176687,0.012471834658701903,0.021464533958555316,0.011374765121949912,0.0031997899277679113,0.010575561430464144,0.0002493897877924765
2026-02-16,0.10860458362760128,0.039154721777889305,-0.05233291613495528,0.003689965092172489,0.012551195305061815,0.02141218544446529,0.011364642733736587,0.003152452048367069,0.010602082349490735,0.00022672486176212873
2026-02-17,0.1188877060318768,0.03885461137472532,-0.052237060279090884,0.00449353499648366,0.012607313588628273,0.02165933100930107,0.01054614793430992,0.0030663428132994366,0.010655705516164399,0.00022236180529536608
2026-02-18,0.12434760224806383,0.0396292075953274,-0.05110745705601593,0.004169825131710352,0.012742685776402222,0.021548874869353796,0.011421159075016965,0.003010719505192048,0.010709881354899586,0.00024779598622956474
2026-02-19,0.11907451630991392,0.036427825084333725,-0.05135967984019074,0.0040621850539924904,0.012601987724953738,0.021634637364703935,0.011333982699014379,0.002883112194968613,0.010651255948715774,0.0002228641384060557
2026-02-20,0.12475575360577043,0.03689108104219426,-0.051140245237462266,0.003383160159479781,0.012908266550448294,0.021706260034986064,0.011806444967973333,0.0033026304514400307,0.010651719061670778,0.0002245632741113687
2026-02-23,0.11675326449635395,0.03950343991776551,-0.0537399055575301,0.0027041352649670716,0.01388610612948438,0.02156134503835801,0.012101740164451022,0.0037221487079114484,0.010821797257601061,0.00022626240981668167
2026-02-24,0.11155829523734152,0.03872514809852979,-0.05341124777845362,0.0026479005736646465,0.013755952857653254,0.02180450649518471,0.012206663389208451,0.0035203523956196118,0.010815223455006705,0.0002105745540938737
2026-02-25,0.11771842537977692,0.03843942612701558,-0.05277198711123776,0.003041947453743493,0.013452591696498628,0.021808065481224714,0.012472172621974155,0.0039671029959435,0.010773122845072909,0.0002179952761999292
2026-02-26,0.12322464904515176,0.03980904394789359,-0.054116091905985195,0.002638118084878946,0.013315176889704837,0.021657126122807353,0.012297630022549503,0.0037106537889376547,0.010864302540690915,0.00022160695488580398
2026-02-27,0.12328088210918671,0.03798075854510412,-0.05679282398187121,0.004222380995652411,0.013568293282160273,0.021556886655583845,0.012688336547415597,0.0036059598859822903,0.010845961885298513,0.00023400641366926693
2026-03-02,0.10943803942236177,0.03800676500894244,-0.05285420300002311,0.004635289100776532,0.013508860504041313,0.021687797518944285,0.012990082850006471,0.003976041858913276,0.010572627596986163,0.00023617661050082938
2026-03-03,0.08301320665435842,0.03258590502219395,-0.05246183954160333,0.005785562301030772,0.01349775569212763,0.02159184127994683,0.012387362651467415,0.003811984604821287,0.010137588738690705,0.00023124230241460304
2026-03-04,0.09167612426474002,0.030969676763004068,-0.051342591990850193,0.004905039587795894,0.013384213521534226,0.021681361383055993,0.012588199717970585,0.0043285501429833955,0.010269534395444424,0.00022801474378104008
2026-03-05,0.08499711499728084,0.03500381487687607,-0.04881738760030289,0.005224075471086899,0.013144455893318351,0.021315486129370204,0.012431229822397229,0.003812390462942323,0.010313640347386039,0.00019434630909916843
2026-03-06,0.07601220288434062,0.03172601890855187,-0.05001315337533943,0.005152611613821294,0.013393839034447462,0.021203591497757725,0.013083858030509442,0.003629326705134773,0.009924118995088955,0.00022426378489720232
2026-03-09,0.05546838836098847,0.03425986028603653,-0.04915378952466076,0.005626217867075999,0.013572328682710993,0.021606382175533838,0.013321806267913731,0.0038409869397993696,0.009358570346054636,0.00024697926429190296
2026-03-10,0.07265612503655548,0.03581308842865791,-0.04956569289576534,0.005195996452401908,0.013422311381653593,0.021117365743003092,0.013357728795452732,0.00388879861199817,0.009531947859096371,0.00023615671616052393
2026-03-11,0.06699291802970839,0.033215159155419935,-0.04683685448989731,0.004453696089790016,0.01313547096587154,0.021098097089148008,0.013267175804856103,0.0036352180311606157,0.00941907765340135,0.0002261020542278906
2026-03-12,0.05974739282864453,0.03667089482624639,-0.04358157600952487,0.004185734445152295,0.013074226888001224,0.020973676475068065,0.01349144713665375,0.003622397223378179,0.009184270892548925,0.00025094294561725907
2026-03-13,0.054282323636882956,0.0324230579996644,-0.043628677986674295,0.003844059907669014,0.013515452480358686,0.020732631967083748,0.013182189593878712,0.004121884005769974,0.0089575881834614,0.00025876324806232097
2026-03-16,0.05000081929255041,0.03300017805069503,-0.04626392878898744,0.003766286507141081,0.01286150702569536,0.0202202621559084,0.013007590476656835,0.004244097762992567,0.008943243521454163,0.00023431057080608805
2026-03-17,0.05715059833390253,0.03513897063348662,-0.046992680095938176,0.0036917997620231507,0.012693365542895211,0.019749751016940337,0.013039619835927723,0.003925779253099692,0.008989984577248743,0.00023185147662380424
2026-03-18,0.05410107238291946,0.03542115390401624,-0.044387424958484495,0.004422293294587921,0.013063832660373434,0.019015821525221313,0.012487287808092298,0.0038550631634952635,0.00885086083534759,0.00023989737716117367
2026-03-19,0.030250891805839446,0.03245908422519775,-0.042888494403190404,0.004445750805682823,0.013257909566842767,0.018159625815505006,0.011305365591905996,0.003794318068409121,0.008398274568327285,0.0001848981110331598
2026-03-20,0.02290770667500231,0.03217817490028799,-0.03890132313920326,0.004469208316777724,0.013149511583703652,0.019368890955873113,0.011144307387044064,0.0037335729733229783,0.0078336940915433,0.0001298988449051459
2026-03-23,0.016538198737380824,0.02729184490818002,-0.04136738204409868,0.0047837840311961725,0.01333338930772615,0.020109061979831137,0.010198048426620638,0.0039406711049446925,0.007805432842437247,0.00024417995325789164
2026-03-24,0.012660430228369561,0.02519126116601622,-0.03860722643450554,0.004039383635856153,0.012929784436636619,0.020647038557822985,0.010352830672218172,0.0034935531621858654,0.007821962957126553,0.00018677584730819808
2026-03-25,0.027891276027913497,0.027019557134605722,-0.04105386100076687,0.0036384425790760553,0.012732718592665644,0.020417022526795024,0.011001941882955397,0.00336428940166745,0.008152956847950548,0.00019283717785630584
2026-03-26,0.02264198815135095,0.03153291740040154,-0.037010223416110904,0.0028791791255984604,0.013293870610587817,0.020336189351729136,0.010465170724623826,0.003486455490488513,0.0076033710274318,0.0001963707968257313
2026-03-27,0.006453424006209081,0.02667495926683086,-0.037324222665581275,0.0034760185277675536,0.01380813339076319,0.020270337133788622,0.01111971111634632,0.0036345367496897485,0.007267039567720365,0.00018048290566300597
2026-03-30,0.0080583209344675,0.025112221258341644,-0.041203980194581456,0.00276652519619287,0.013536040661833856,0.0205254709259671,0.011257742018309676,0.0034414858987256397,0.007158879517961937,0.00017917037218235664
2026-03-31,0.01814732252315842,0.0266125349088646,-0.04247056212640776,0.004653228303922588,0.013463961211691702,0.020651654540000296,0.012150604941751221,0.0036458870155529374,0.007370837152052069,0.00019544828821561942
2026-04-01,0.0413490341869927,0.029421963342444145,-0.04207820802213471,0.004277833974697115,0.013265223016347142,0.02109154436139777,0.011896357618549897,0.0034835949198028637,0.007832050268859112,0.00020398599995028054
2026-04-02,0.040446425014018114,0.030257710418209734,-0.042342295313584084,0.004292129602943078,0.013578462175310727,0.021095830708375382,0.011683775161805273,0.0035127909821607915,0.007759936182936104,0.0002084865618865396
2026-04-03,0.04045422816627147,0.029197577314770816,-0.04239554618938526,0.004306425231189041,0.013630337077289416,0.02126540978347388,0.011673652773591947,0.0035419870445187194,0.007568600917620982,0.00021298712382279865
2026-04-06,0.03975762475235751,0.030658425705129465,-0.041074525465947274,0.004320720859435004,0.013408098341833445,0.021843306385017053,0.011759962914790412,0.003571183106876647,0.007715680471532841,0.0002174876857590577
2026-04-07,0.03547567919588296,0.027852104599630768,-0.041224094509293756,0.004335016487680967,0.0131239345343566,0.022098766336145655,0.011642487791293246,0.00377570614596119,0.007819562164229419,0.00021445015223015509
2026-04-08,0.07097901749402566,0.03154795465328422,-0.04365652455610141,0.00474547692535611,0.013241740447527486,0.021945386954169244,0.011701622437419238,0.0037115504620796043,0.008824177672400655,0.0002396270591674617
2026-04-09,0.06143434521435695,0.03001038483622466,-0.044003007623692664,0.004683170056598596,0.013012191663253115,0.022439833150622816,0.011868806405558263,0.003511200372536123,0.008868656072014184,0.00022788562331535096
2026-04-10,0.06727703940204727,0.03328901880160217,-0.04303128376859909,0.003738427571605884,0.012810456337931453,0.022694053308760256,0.011979492633181408,0.0034917227762214465,0.009036532747849511,0.0002386885370586669
2026-04-13,0.06425026686605133,0.03400138130332078,-0.04369605572050435,0.0035857935542521024,0.012913859548139313,0.023274388575236286,0.012334387140109714,0.003922108647878588,0.009188982119359305,0.0002392568112612453
2026-04-14,0.08195137974806958,0.034596421836866495,-0.0452477443593559,0.003724726970147473,0.013099305838181962,0.023502170998629435,0.012555213083710482,0.003979687679523294,0.009767644724214609,0.00025401700597022946
2026-04-15,0.07993873284295167,0.036586050988969554,-0.04431683483173216,0.0036417736273921327,0.012526988430026455,0.023126386839230708,0.01247357578582862,0.003500889556619307,0.009760583970242268,0.0002437958045246666
2026-04-16,0.08342466068181958,0.03720862594972277,-0.043557631409944286,0.003950092427905413,0.01272068815691622,0.022952565615536553,0.012631640717988323,0.0036819720841891677,0.00990883876844006,0.0002560198659427842
2026-04-17,0.1008890297201181,0.042562943547556076,-0.046467160576445926,0.005216538871908943,0.012809966110026282,0.02319426654459053,0.012461444057936416,0.0040268442933349404,0.01025678601938923,0.0002891081072993903
2026-04-20,0.09003351262589082,0.043283041359585085,-0.046253970821294364,0.004299080731772612,0.012694799493289683,0.02381681960260578,0.012420690470442542,0.0036104439123454237,0.01025490546744923,0.00025764248397959006
2026-04-21,0.09186607441157613,0.04425923296771046,-0.04438335091463139,0.0044656555662210195,0.0124912773253739,0.02370682121662042,0.012134861770615374,0.0034466184694177224,0.010065479447534656,0.0002445010778113065
2026-04-22,0.0886502866405675,0.041748378040413356,-0.04432402133022102,0.004149858039983927,0.012695078798594694,0.023722466535574988,0.012647402233895976,0.0038526642755419456,0.010246104790993202,0.00023340729779496827
2026-04-23,0.08042931240486934,0.041114567071573745,-0.04310668619666152,0.0038340605137468344,0.013196046644096572,0.02333248145917418,0.012607661011381789,0.004258710081666169,0.010235461934543565,0.00022231351777863005
2026-04-24,0.06930850977284747,0.03977556474452972,-0.044061438264318936,0.003665757437334939,0.012710307160081626,0.02373713728072185,0.012562079462299125,0.00366633785787813,0.010317126929847651,0.00023422331255333064
2026-04-27,0.06947135771018378,0.04164080459620931,-0.04315201035303571,0.003334425897629804,0.013050665817716115,0.023899192316969114,0.012517973623732982,0.003957945385760958,0.010435041035109125,0.0002479620218097246
2026-04-28,0.06359479133677079,0.03932368471221968,-0.04216942005855235,0.004124198468657704,0.012837367818830221,0.02374763114415773,0.012146965315084692,0.0036261831194006762,0.010295961635275947,0.0002540613119001513
2026-04-29,0.05417605010303546,0.04298804845009087,-0.0394120657132704,0.003088620859951203,0.013489780938591524,0.023823164983720294,0.012194859992885698,0.004149734877910795,0.009932351234485638,0.0002583994467500525
2026-04-30,0.06466238130446633,0.04252899101398614,-0.04091014513584777,0.004138721304002469,0.012867300950734187,0.02394152101559541,0.012350761172021585,0.0035524884685705126,0.00993660773317917,0.00025123865928087624
2026-05-01,0.06687182010944587,0.045019264196336076,-0.04143477066407951,0.005188821748053735,0.012080401640631832,0.023834073611844624,0.012144539514805482,0.0029552420592302304,0.010051072190752602,0.00024407787181169994
2026-05-04,0.06441955784208124,0.042829894654696485,-0.038491531978600155,0.006238922192105001,0.011291126052150586,0.02354744240764696,0.011747199759973346,0.002357995649889948,0.009886209227512474,0.00023691708434252364
2026-05-05,0.05822764539184251,0.04082829975447252,-0.03933351571423989,0.005771895203090646,0.011643976515835526,0.02368208636838028,0.011969962867638304,0.002795185662349103,0.010038815209700161,0.0002466912095691452
2026-05-06,0.07368222415158995,0.042471453376841384,-0.04189132572686002,0.006448313410652532,0.011844524749227663,0.0240716540696349,0.01237857889348652,0.0029924911282256505,0.010542501041877627,0.00027579625098458845
2026-05-07,0.0759763786528932,0.03818839623214362,-0.04048143734415294,0.006376948567160039,0.012011081365298363,0.024082050301249682,0.012351115180447004,0.002932073414074645,0.010514859557729437,0.00026498836985952334
2026-05-08,0.0719199716672046,0.03604383696550657,-0.04173129602655717,0.005414428624605363,0.011830094658788029,0.024400505694137636,0.0127106345625795,0.0027737574836555635,0.01057298797736768,0.00026112795186589437
