Date,GDAM
5/6/2016,98.14
5/9/2016,98.12
5/10/2016,98.25
5/11/2016,98.37
5/12/2016,98.55
5/13/2016,98.56
5/16/2016,98.56
5/17/2016,98.55
5/18/2016,98.73
5/19/2016,97.87
5/20/2016,97.87
5/23/2016,97.76
5/24/2016,97.8
5/25/2016,97.88
5/26/2016,98
5/27/2016,97.95
5/30/2016,97.95
5/31/2016,97.78
6/1/2016,97.96
6/2/2016,97.96
6/3/2016,98.22
6/6/2016,98.39
6/7/2016,99.26
6/8/2016,99.62
6/9/2016,99.94
6/10/2016,99.9
6/13/2016,99.56
6/14/2016,99.38
6/15/2016,99.3
6/16/2016,99.37
6/17/2016,99.42
6/20/2016,100.07
6/21/2016,100.25
6/22/2016,100.19
6/23/2016,101.44
6/24/2016,100.44
6/27/2016,100.45
6/28/2016,100.82
6/29/2016,101.2
6/30/2016,101.06
7/1/2016,101.78
7/4/2016,101.78
7/5/2016,101.97
7/6/2016,102.99
7/7/2016,103.18
7/8/2016,103.34
7/11/2016,103.69
7/12/2016,103.88
7/13/2016,104.09
7/14/2016,106.18
7/15/2016,106.25
7/18/2016,105.77
7/19/2016,105.65
7/20/2016,105.63
7/21/2016,105.75
7/22/2016,105.25
7/25/2016,105.25
7/26/2016,105.23
7/27/2016,104.02
7/28/2016,104.19
7/29/2016,103.86
7/31/2016,103.86
8/1/2016,103.82
8/2/2016,103.88
8/3/2016,103.88
8/4/2016,104.07
8/5/2016,104.37
8/8/2016,104.38
8/9/2016,104.97
8/10/2016,105.86
8/11/2016,105.88
8/12/2016,106.08
8/15/2016,106
8/16/2016,106.01
8/17/2016,105.96
8/18/2016,105.91
8/19/2016,105.89
8/22/2016,105.93
8/23/2016,105.81
8/24/2016,105.89
8/25/2016,105.91
8/26/2016,105.56
8/29/2016,105.57
8/30/2016,105.66
8/31/2016,105.52
9/1/2016,105.46
9/2/2016,105.46
9/5/2016,105.46
9/6/2016,105.58
9/7/2016,105.6
9/8/2016,105.65
9/9/2016,105.64
9/12/2016,105
9/13/2016,105
9/14/2016,104.62
9/15/2016,104.28
9/16/2016,104.25
9/19/2016,104.25
9/20/2016,104.32
9/21/2016,104.32
9/22/2016,104.89
9/23/2016,104.89
9/26/2016,104.96
9/27/2016,104.83
9/28/2016,104.83
9/29/2016,104.96
9/30/2016,104.83
10/3/2016,104.83
10/4/2016,105.06
10/5/2016,104.75
10/6/2016,104.81
10/7/2016,104.75
10/10/2016,104.75
10/11/2016,104.71
10/12/2016,104.8
10/13/2016,104.56
10/14/2016,104.69
10/17/2016,104.66
10/18/2016,104.47
10/19/2016,104.67
10/20/2016,104.7
10/21/2016,104.79
10/24/2016,104.73
10/25/2016,104.85
10/26/2016,104.72
10/27/2016,104.48
10/28/2016,104.46
10/31/2016,104.44
11/1/2016,104.47
11/2/2016,104.48
11/3/2016,104.53
11/4/2016,104.51
11/7/2016,104.58
11/8/2016,104.53
11/9/2016,104.41
11/10/2016,103.6
11/11/2016,103.6
11/14/2016,100.77
11/15/2016,100.76
11/16/2016,100.79
11/17/2016,101.38
11/18/2016,101.27
11/21/2016,101.13
11/22/2016,101.38
11/23/2016,101.63
11/24/2016,101.63
11/25/2016,101.5
11/28/2016,101.5
11/29/2016,101.9
11/30/2016,102.04
12/1/2016,101.84
12/2/2016,101.99
12/5/2016,101.95
12/6/2016,102.72
12/7/2016,102.81
12/8/2016,103.28
12/9/2016,103.51
12/12/2016,103.46
12/13/2016,103.64
12/14/2016,103.88
12/15/2016,103.61
12/16/2016,103.77
12/19/2016,103.8
12/20/2016,103.79
12/21/2016,103.9
12/22/2016,104
12/23/2016,104.01
12/27/2016,104.01
12/28/2016,104.05
12/29/2016,104.09
12/30/2016,103.98
12/31/2016,103.98
1/3/2017,104.2
1/4/2017,104.51
1/5/2017,104.83
1/6/2017,105.15
1/9/2017,104.96
1/10/2017,104.82
1/11/2017,104.7
1/12/2017,104.75
1/13/2017,104.75
1/16/2017,104.75
1/17/2017,104.8
1/18/2017,104.49
1/19/2017,104.21
1/20/2017,104.08
1/23/2017,104.28
1/24/2017,104.41
1/25/2017,103.9
1/26/2017,103.99
1/27/2017,104.11
1/30/2017,103.98
1/31/2017,104.07
2/1/2017,103.99
2/2/2017,104.04
2/3/2017,104.1
2/6/2017,104.15
2/7/2017,104.09
2/8/2017,104.01
2/9/2017,103.99
2/10/2017,104.02
2/13/2017,103.92
2/14/2017,104.16
2/15/2017,104.14
2/16/2017,104.2
2/17/2017,104.08
2/20/2017,104.08
2/21/2017,104.13
2/22/2017,104.2
2/23/2017,104.21
2/24/2017,104.21
2/27/2017,104.32
2/28/2017,104.27
3/1/2017,104.17
3/2/2017,104.29
3/3/2017,104.24
3/6/2017,104.41
3/7/2017,104.3
3/8/2017,104.34
3/9/2017,103.85
3/10/2017,103.83
3/13/2017,103.93
3/14/2017,103.98
3/15/2017,103.95
3/16/2017,104.16
3/17/2017,104.26
3/20/2017,104.36
3/21/2017,104.64
3/22/2017,105.04
3/23/2017,105.26
3/24/2017,105.37
3/27/2017,105.38
3/28/2017,105.42
3/29/2017,105.59
3/30/2017,105.81
3/31/2017,105.96
4/3/2017,105.92
4/4/2017,106.01
4/5/2017,106.39
4/6/2017,106.56
4/7/2017,106.59
4/10/2017,106.7
4/11/2017,106.66
4/12/2017,106.76
4/13/2017,106.68
4/17/2017,106.68
4/18/2017,106.77
4/19/2017,106.83
4/20/2017,106.92
4/21/2017,107.14
4/24/2017,107.2
4/25/2017,107.16
4/26/2017,107.2
4/27/2017,107.1
4/28/2017,107.07
4/30/2017,107.07
5/1/2017,107.09
5/2/2017,107.02
5/3/2017,107.25
5/4/2017,107.17
5/5/2017,107.04
5/8/2017,106.96
5/9/2017,106.99
5/10/2017,107.08
5/11/2017,107.2
5/12/2017,107.18
5/15/2017,107.17
5/16/2017,107.21
5/17/2017,107.18
5/18/2017,106.85
5/19/2017,106.79
5/22/2017,106.77
5/23/2017,106.89
5/24/2017,106.85
5/25/2017,106.97
5/26/2017,106.96
5/29/2017,106.96
5/30/2017,107.04
5/31/2017,107.07
6/1/2017,107.19
6/2/2017,107.36
6/5/2017,107.31
6/6/2017,107.62
6/7/2017,107.66
6/8/2017,107.78
6/9/2017,107.85
6/12/2017,107.84
6/13/2017,107.84
6/14/2017,107.83
6/15/2017,107.58
6/16/2017,107.66
6/19/2017,107.65
6/20/2017,107.46
6/21/2017,107.55
6/22/2017,107.32
6/23/2017,107.17
6/26/2017,107.16
6/27/2017,107.19
6/28/2017,107.21
6/29/2017,107.06
6/30/2017,107.06
7/3/2017,106.99
7/4/2017,106.99
7/5/2017,106.86
7/6/2017,106.58
7/7/2017,106.26
7/10/2017,106.26
7/11/2017,106.44
7/12/2017,106.44
7/13/2017,106.51
7/14/2017,106.65
7/17/2017,106.6
7/18/2017,106.64
7/19/2017,106.63
7/20/2017,106.84
7/21/2017,107.25
7/24/2017,107.36
7/25/2017,107.37
7/26/2017,107.45
7/27/2017,107.59
7/28/2017,107.59
7/31/2017,107.72
8/1/2017,107.68
8/2/2017,108.17
8/3/2017,108.23
8/4/2017,108.12
8/7/2017,108.23
8/8/2017,108.47
8/9/2017,108.45
8/10/2017,108.23
8/11/2017,108.09
8/14/2017,108
8/15/2017,107.98
8/16/2017,108.1
8/17/2017,108.35
8/18/2017,108.21
8/21/2017,108.35
8/22/2017,108.27
8/23/2017,108.36
8/24/2017,108.56
8/25/2017,108.3
8/28/2017,108.41
8/29/2017,108.6
8/30/2017,108.52
8/31/2017,108.73
9/1/2017,108.89
9/4/2017,108.89
9/5/2017,108.92
9/6/2017,109.03
9/7/2017,109.09
9/8/2017,109.33
9/11/2017,109.21
9/12/2017,109.27
9/13/2017,109.16
9/14/2017,109.14
9/15/2017,109.28
9/18/2017,109.2
9/19/2017,109.13
9/20/2017,108.95
9/21/2017,108.95
9/22/2017,108.93
9/25/2017,108.9
9/26/2017,108.92
9/27/2017,108.77
9/28/2017,108.7
9/29/2017,108.71
9/30/2017,108.71
10/2/2017,108.75
10/3/2017,108.77
10/4/2017,108.72
10/5/2017,108.7
10/6/2017,108.63
10/9/2017,108.63
10/10/2017,108.67
10/11/2017,108.58
10/12/2017,108.59
10/13/2017,108.63
10/16/2017,108.65
10/17/2017,108.65
10/18/2017,108.62
10/19/2017,108.62
10/20/2017,108.53
10/23/2017,108.53
10/24/2017,108.47
10/25/2017,108.44
10/26/2017,108.32
10/27/2017,108.35
10/30/2017,108.48
10/31/2017,108.47
11/1/2017,108.38
11/2/2017,108.51
11/3/2017,108.52
11/6/2017,108.41
11/7/2017,108.37
11/8/2017,108.38
11/9/2017,108.35
11/10/2017,108.28
11/13/2017,108.34
11/14/2017,108.38
11/15/2017,108.49
11/16/2017,108.53
11/17/2017,108.59
11/20/2017,108.6
11/21/2017,108.77
11/22/2017,108.75
11/23/2017,108.75
11/24/2017,108.78
11/27/2017,108.8
11/28/2017,109.02
11/29/2017,109.04
11/30/2017,109.07
12/1/2017,109.08
12/4/2017,109.05
12/5/2017,109.13
12/6/2017,109.21
12/7/2017,109.21
12/8/2017,109.2
12/11/2017,109.19
12/12/2017,109.25
12/13/2017,109.3
12/14/2017,109.26
12/15/2017,109.33
12/18/2017,109.71
12/19/2017,110.01
12/20/2017,109.85
12/21/2017,109.58
12/22/2017,109.98
12/26/2017,109.98
12/27/2017,110.01
12/28/2017,110.11
12/29/2017,110.04
12/31/2017,110.04
1/2/2018,110.12
1/3/2018,110.04
1/4/2018,110.3
1/5/2018,110.44
1/8/2018,110.69
1/9/2018,110.68
1/10/2018,110.55
1/11/2018,110.71
1/12/2018,110.74
1/15/2018,110.74
1/16/2018,110.69
1/17/2018,110.66
1/18/2018,110.49
1/19/2018,110.31
1/22/2018,110.24
1/23/2018,110.2
1/24/2018,110.17
1/25/2018,110.2
1/26/2018,110.18
1/29/2018,110.01
1/30/2018,110.06
1/31/2018,110.02
2/1/2018,109.88
2/2/2018,109.36
2/5/2018,109.03
2/6/2018,108.96
2/7/2018,108.96
2/8/2018,108.52
2/9/2018,108.05
2/12/2018,107.87
2/13/2018,107.74
2/14/2018,107.37
2/15/2018,107.26
2/16/2018,107.48
2/19/2018,107.48
2/20/2018,107.45
2/21/2018,107.28
2/22/2018,107.18
2/23/2018,107.09
2/26/2018,107.07
2/27/2018,107.02
2/28/2018,106.92
3/1/2018,106.74
3/2/2018,106.44
3/5/2018,107.05
3/6/2018,107.13
3/7/2018,107.26
3/8/2018,107.32
3/9/2018,107.25
3/12/2018,107.36
3/13/2018,107.33
3/14/2018,107.32
3/15/2018,107.31
3/16/2018,107.21
3/19/2018,107.13
3/20/2018,106.97
3/21/2018,106.96
3/22/2018,107.04
3/23/2018,106.87
3/26/2018,106.84
3/27/2018,106.88
3/28/2018,106.89
3/29/2018,106.97
3/31/2018,106.97
4/2/2018,106.97
4/3/2018,106.93
4/4/2018,106.91
4/5/2018,107.15
4/6/2018,107.42
4/9/2018,107.15
4/10/2018,106.9
4/11/2018,106.91
4/12/2018,106.76
4/13/2018,106.77
4/16/2018,106.67
4/17/2018,106.64
4/18/2018,106.17
4/19/2018,106.02
4/20/2018,105.84
4/23/2018,103.68
4/24/2018,105.15
4/25/2018,104.78
4/26/2018,105.14
4/27/2018,104.84
4/30/2018,104.5
5/1/2018,103.91
5/2/2018,103.46
5/3/2018,103.51
5/4/2018,103.64
5/7/2018,103.59
5/8/2018,104.32
5/9/2018,103.99
5/10/2018,104.33
5/11/2018,104.45
5/14/2018,104.67
5/15/2018,104.39
5/16/2018,104.43
5/17/2018,104.63
5/18/2018,104.53
5/21/2018,104.45
5/22/2018,104.47
5/23/2018,104.52
5/24/2018,104.91
5/25/2018,104.94
5/28/2018,104.94
5/29/2018,104.83
5/30/2018,104.88
5/31/2018,104.66
6/1/2018,104.53
6/4/2018,104.76
6/5/2018,104.71
6/6/2018,104.66
6/7/2018,104.64
6/8/2018,104.66
6/11/2018,104.68
6/12/2018,104.52
6/13/2018,104.37
6/14/2018,104.16
6/15/2018,103.29
6/18/2018,103.39
6/19/2018,102.82
6/20/2018,103.11
6/21/2018,102.74
6/22/2018,103.09
6/25/2018,103.08
6/26/2018,102.78
6/27/2018,102.84
6/28/2018,102.83
6/29/2018,103.33
6/30/2018,103.33
7/2/2018,103.43
7/3/2018,103.66
7/4/2018,103.66
7/5/2018,103.75
7/6/2018,104.2
7/9/2018,104.31
7/10/2018,104.28
7/11/2018,104.42
7/12/2018,104.89
7/13/2018,105.23
7/16/2018,105.12
7/17/2018,105.07
7/18/2018,105.12
7/19/2018,105.11
7/20/2018,105.12
7/23/2018,105.24
7/24/2018,105.22
7/25/2018,105.39
7/26/2018,105.57
7/27/2018,105.55
7/30/2018,105.47
7/31/2018,105.48
8/1/2018,105.43
8/2/2018,105.28
8/3/2018,105.15
8/6/2018,105.09
8/7/2018,105.1
8/8/2018,104.88
8/9/2018,104.33
8/10/2018,103.33
8/13/2018,102.61
8/14/2018,102.74
8/15/2018,102.66
8/16/2018,102.7
8/17/2018,102.72
8/20/2018,102.65
8/21/2018,102.78
8/22/2018,102.95
8/23/2018,103.04
8/24/2018,103.04
8/27/2018,103.06
8/28/2018,103.12
8/29/2018,103.37
8/30/2018,103.49
8/31/2018,103.55
9/3/2018,103.55
9/4/2018,103.23
9/5/2018,103.17
9/6/2018,103.24
9/7/2018,103.27
9/10/2018,103.19
9/11/2018,103.11
9/12/2018,103.15
9/13/2018,103.32
9/14/2018,103.39
9/17/2018,103.19
9/18/2018,103.23
9/19/2018,102.97
9/20/2018,103.1
9/21/2018,103.2
9/24/2018,103.32
9/25/2018,103.38
9/26/2018,103.44
9/27/2018,103.48
9/28/2018,103.57
9/30/2018,103.57
10/1/2018,103.53
10/2/2018,103.55
10/3/2018,103.49
10/4/2018,102.85
10/5/2018,102.67
10/8/2018,102.67
10/9/2018,102.2
10/10/2018,102.49
10/11/2018,102.46
10/12/2018,102.55
10/15/2018,102.59
10/16/2018,102.65
10/17/2018,102.66
10/18/2018,102.67
10/19/2018,102.58
10/22/2018,102.58
10/23/2018,102.39
10/24/2018,102.4
10/25/2018,102.53
10/26/2018,102.49
10/29/2018,102.76
10/30/2018,102.76
10/31/2018,102.59
11/1/2018,102.71
11/2/2018,102.79
11/5/2018,102.75
11/6/2018,102.8
11/7/2018,102.79
11/8/2018,102.82
11/9/2018,102.78
11/12/2018,102.78
11/13/2018,102.8
11/14/2018,102.78
11/15/2018,102.92
11/16/2018,103
11/19/2018,102.99
11/20/2018,102.76
11/21/2018,102.59
11/22/2018,102.59
11/23/2018,102.45
11/26/2018,102.48
11/27/2018,102.24
11/28/2018,102.16
11/29/2018,102.35
11/30/2018,102.39
12/3/2018,102.53
12/4/2018,102.7
12/5/2018,102.7
12/6/2018,102.54
12/7/2018,102.62
12/10/2018,102.54
12/11/2018,102.62
12/12/2018,102.65
12/13/2018,102.72
12/14/2018,102.72
12/17/2018,102.83
12/18/2018,102.79
12/19/2018,102.86
12/20/2018,102.85
12/21/2018,102.92
12/24/2018,102.85
12/26/2018,102.85
12/27/2018,102.82
12/28/2018,102.9
12/31/2018,102.84
1/2/2019,102.73
1/3/2019,102.87
1/4/2019,103.07
1/7/2019,103.33
1/8/2019,103.4
1/9/2019,103.57
1/10/2019,103.41
1/11/2019,103.55
1/14/2019,103.5
1/15/2019,103.65
1/16/2019,103.87
1/17/2019,103.81
1/18/2019,104.6
1/21/2019,104.6
1/22/2019,104.81
1/23/2019,104.92
1/24/2019,105.13
1/25/2019,105.02
1/28/2019,104.94
1/29/2019,104.68
1/30/2019,104.73
1/31/2019,105.15
2/1/2019,105.1
2/4/2019,105.07
2/5/2019,105.37
2/6/2019,105.53
2/7/2019,105.52
2/8/2019,105.46
2/11/2019,105.38
2/12/2019,105.38
2/13/2019,105.57
2/14/2019,105.63
2/15/2019,105.52
2/18/2019,105.52
2/19/2019,105.63
2/20/2019,105.69
2/21/2019,105.69
2/22/2019,105.7
2/25/2019,105.8
2/26/2019,105.82
2/27/2019,105.97
2/28/2019,106.21
3/1/2019,105.96
3/4/2019,106
3/5/2019,105.86
3/6/2019,105.9
3/7/2019,105.95
3/8/2019,105.93
3/11/2019,105.96
3/12/2019,106.09
3/13/2019,106.09
3/14/2019,106.09
3/15/2019,106.18
3/18/2019,106.15
3/19/2019,106.22
3/20/2019,106.21
3/21/2019,106.43
3/22/2019,106.38
3/25/2019,106.31
3/26/2019,106.32
3/27/2019,106.33
3/28/2019,106.32
3/29/2019,106.42
3/31/2019,106.42
4/1/2019,106.58
4/2/2019,106.64
4/3/2019,106.62
4/4/2019,106.54
4/5/2019,106.53
4/8/2019,106.55
4/9/2019,106.61
4/10/2019,106.64
4/11/2019,106.55
4/12/2019,106.61
4/15/2019,106.55
4/16/2019,106.58
4/17/2019,106.63
4/18/2019,106.6
4/22/2019,106.6
4/23/2019,106.63
4/24/2019,106.63
4/25/2019,106.58
4/26/2019,106.59
4/29/2019,106.63
4/30/2019,106.69
5/1/2019,106.72
5/2/2019,106.82
5/3/2019,106.81
5/6/2019,106.69
5/7/2019,106.9
5/8/2019,106.86
5/9/2019,106.88
5/10/2019,106.93
5/13/2019,106.76
5/14/2019,106.85
5/15/2019,107
5/16/2019,107.07
5/17/2019,107.04
5/20/2019,107.29
5/21/2019,107.35
5/22/2019,107.4
5/23/2019,107.38
5/24/2019,107.44
5/27/2019,107.44
5/28/2019,107.43
5/29/2019,107.53
5/30/2019,107.56
5/31/2019,107.5
6/3/2019,107.43
6/4/2019,107.42
6/5/2019,107.54
6/6/2019,107.54
6/7/2019,107.7
6/10/2019,107.74
6/11/2019,107.74
6/12/2019,107.69
6/13/2019,107.69
6/14/2019,107.7
6/17/2019,107.8
6/18/2019,108.14
6/19/2019,108.16
6/20/2019,108.59
6/21/2019,108.48
6/24/2019,108.6
6/25/2019,108.66
6/26/2019,108.68
6/27/2019,108.79
6/28/2019,108.85
6/30/2019,108.85
7/1/2019,109.13
7/2/2019,109.18
7/3/2019,109.21
7/4/2019,109.21
7/5/2019,109.18
7/8/2019,109.18
7/9/2019,109.02
7/10/2019,109.02
7/11/2019,109.05
7/12/2019,109.06
7/15/2019,108.99
7/16/2019,109.05
7/17/2019,108.99
7/18/2019,108.98
7/19/2019,109.02
7/22/2019,109.06
7/23/2019,109.06
7/24/2019,109.1
7/25/2019,109.11
7/26/2019,109.24
7/29/2019,109.24
7/30/2019,109.19
7/31/2019,109.13
8/1/2019,108.89
8/2/2019,108.89
8/5/2019,108.75
8/6/2019,108.78
8/7/2019,108.77
8/8/2019,108.92
8/9/2019,108.93
8/12/2019,108.62
8/13/2019,108.76
8/14/2019,108.7
8/15/2019,108.52
8/16/2019,108.47
8/19/2019,108.34
8/20/2019,108.28
8/21/2019,108.34
8/22/2019,108.46
8/23/2019,108.49
8/26/2019,108.33
8/27/2019,108.56
8/28/2019,108.66
8/29/2019,108.67
8/30/2019,108.67
8/31/2019,108.67
9/2/2019,108.67
9/3/2019,108.58
9/4/2019,108.62
9/5/2019,108.74
9/6/2019,108.68
9/9/2019,108.78
9/10/2019,108.75
9/11/2019,108.98
9/12/2019,109.06
9/13/2019,108.96
9/16/2019,108.99
9/17/2019,109
9/18/2019,109.05
9/19/2019,109.44
9/20/2019,109.61
9/23/2019,109.75
9/24/2019,109.84
9/25/2019,109.7
9/26/2019,109.79
9/27/2019,109.72
9/30/2019,107.21
10/1/2019,107.03
10/2/2019,106.83
10/3/2019,106.56
10/4/2019,106.95
10/7/2019,106.89
10/8/2019,106.88
10/9/2019,106.82
10/10/2019,106.64
10/11/2019,106.62
10/14/2019,106.62
10/15/2019,106.84
10/16/2019,106.77
10/17/2019,106.83
10/18/2019,106.9
10/21/2019,106.8
10/22/2019,106.75
10/23/2019,106.8
10/24/2019,106.83
10/25/2019,106.82
10/28/2019,106.65
10/29/2019,106.76
10/30/2019,106.69
10/31/2019,106.83
11/1/2019,106.82
11/4/2019,106.95
11/5/2019,106.71
11/6/2019,106.61
11/7/2019,106.48
11/8/2019,106.47
11/11/2019,106.47
11/12/2019,106.22
11/13/2019,106.31
11/14/2019,106.63
11/15/2019,106.77
11/18/2019,106.81
11/19/2019,106.89
11/20/2019,107.07
11/21/2019,107.16
11/22/2019,107.22
11/25/2019,107.41
11/26/2019,107.5
11/27/2019,107.39
11/28/2019,107.39
11/29/2019,107.49
11/30/2019,107.49
12/2/2019,107.46
12/3/2019,107.42
12/4/2019,107.52
12/5/2019,107.58
12/6/2019,107.63
12/9/2019,107.63
12/10/2019,107.52
12/11/2019,107.51
12/12/2019,107.6
12/13/2019,107.64
12/16/2019,107.65
12/17/2019,107.84
12/18/2019,107.81
12/19/2019,107.91
12/20/2019,107.95
12/23/2019,107.94
12/24/2019,107.95
12/26/2019,107.95
12/27/2019,107.96
12/30/2019,108.05
12/31/2019,108.12
1/2/2020,108.26
1/3/2020,108.2
1/6/2020,108.12
1/7/2020,108.16
1/8/2020,108.41
1/9/2020,108.53
1/10/2020,108.93
1/13/2020,109.05
1/14/2020,109.23
1/15/2020,109.31
1/16/2020,109.45
1/17/2020,109.42
1/20/2020,109.42
1/21/2020,109.56
1/22/2020,109.52
1/23/2020,109.56
1/24/2020,109.53
1/27/2020,109.42
1/28/2020,109.45
1/29/2020,109.46
1/30/2020,109.54
1/31/2020,109.55
2/3/2020,109.63
2/4/2020,109.63
2/5/2020,109.53
2/6/2020,109.62
2/7/2020,109.63
2/10/2020,109.69
2/11/2020,109.69
2/12/2020,109.57
2/13/2020,109.66
2/14/2020,109.91
2/17/2020,109.91
2/18/2020,110.06
2/19/2020,110.09
2/20/2020,110.11
2/21/2020,110.5
2/24/2020,110.24
2/25/2020,110.41
2/26/2020,110.38
2/27/2020,109.63
2/28/2020,109.48
2/29/2020,109.48
3/2/2020,108.92
3/3/2020,109.65
3/4/2020,110.12
3/5/2020,110.1
3/6/2020,109.87
3/9/2020,105.52
3/10/2020,105.59
3/11/2020,105.15
3/12/2020,101.25
3/13/2020,101.24
3/16/2020,100.97
3/17/2020,99.97
3/18/2020,97.56
3/19/2020,94.51
3/20/2020,93.5
3/23/2020,91.3
3/24/2020,91.38
3/25/2020,91.43
3/26/2020,93.05
3/27/2020,94.45
3/30/2020,94.72
3/31/2020,94.79
4/1/2020,94.89
4/2/2020,95.18
4/3/2020,96
4/6/2020,96.78
4/7/2020,97.46
4/8/2020,96.75
4/9/2020,97.73
4/13/2020,97.73
4/14/2020,98.33
4/15/2020,98.49
4/16/2020,98.63
4/17/2020,99.18
4/20/2020,99.34
4/21/2020,99.12
4/22/2020,99.14
4/23/2020,99.11
4/24/2020,99.25
4/27/2020,98.85
4/28/2020,98.67
4/29/2020,98.7
4/30/2020,99.32
5/1/2020,99.53
5/4/2020,99.5
5/5/2020,100.6
5/6/2020,101.41
5/7/2020,101.53
5/8/2020,101.88
5/11/2020,102.11
5/12/2020,103.14
5/13/2020,104.05
5/14/2020,104.89
5/15/2020,105.13
5/18/2020,105.75
5/19/2020,106.2
5/20/2020,106.49
5/21/2020,106.6
5/22/2020,106.81
5/25/2020,106.81
5/26/2020,107.16
5/27/2020,107.22
5/28/2020,106.96
5/29/2020,106.85
5/31/2020,106.85
6/1/2020,107.07
6/2/2020,107.13
6/3/2020,107.07
6/4/2020,107.01
6/5/2020,106.69
6/8/2020,106.88
6/9/2020,106.67
6/10/2020,106.67
6/11/2020,106.37
6/12/2020,105.65
6/15/2020,104.1
6/16/2020,103.83
6/17/2020,104.05
6/18/2020,103.98
6/19/2020,104.17
6/22/2020,104.14
6/23/2020,104.2
6/24/2020,104.56
6/25/2020,103.81
6/26/2020,103.98
6/29/2020,104.1
6/30/2020,104.09
7/1/2020,104.52
7/2/2020,105.59
7/3/2020,105.59
7/6/2020,105.79
7/7/2020,105.73
7/8/2020,105.78
7/9/2020,105.78
7/10/2020,105.63
7/13/2020,105.52
7/14/2020,105.63
7/15/2020,105.73
7/16/2020,105.5
7/17/2020,105.46
7/20/2020,105.52
7/21/2020,105.62
7/22/2020,105.7
7/23/2020,105.92
7/24/2020,106.3
7/27/2020,106.28
7/28/2020,106.14
7/29/2020,106.23
7/30/2020,106.19
7/31/2020,106.23
8/3/2020,106.39
8/4/2020,106.49
8/5/2020,106.66
8/6/2020,107.51
8/7/2020,107.45
8/10/2020,107.29
8/11/2020,107.68
8/12/2020,107.78
8/13/2020,107.87
8/14/2020,107.92
8/17/2020,107.97
8/18/2020,107.97
8/19/2020,108.06
8/20/2020,107.85
8/21/2020,108.03
8/24/2020,107.99
8/25/2020,107.95
8/26/2020,107.94
8/27/2020,108.01
8/28/2020,107.97
8/31/2020,108.03
9/1/2020,108.33
9/2/2020,108.45
9/3/2020,108.55
9/4/2020,108.44
9/7/2020,108.44
9/8/2020,108.43
9/9/2020,108.2
9/10/2020,108.22
9/11/2020,108.02
9/14/2020,108.12
9/15/2020,108.08
9/16/2020,108.08
9/17/2020,108.08
9/18/2020,108.36
9/21/2020,108.29
9/22/2020,107.63
9/23/2020,107.58
9/24/2020,107.16
9/25/2020,107.17
9/28/2020,103.01
9/29/2020,101.69
9/30/2020,102.63
10/1/2020,104.15
10/2/2020,104.62
10/5/2020,104.4
10/6/2020,104.4
10/7/2020,104.13
10/8/2020,104.3
10/9/2020,104.56
10/12/2020,104.56
10/13/2020,104.48
10/14/2020,104.01
10/15/2020,103.65
10/16/2020,103.51
10/19/2020,103.55
10/20/2020,103.37
10/21/2020,103.35
10/22/2020,102.57
10/23/2020,102.77
10/26/2020,102.27
10/27/2020,101.77
10/28/2020,101.45
10/29/2020,100.88
10/30/2020,100.53
10/31/2020,100.53
11/2/2020,100.05
11/3/2020,100.77
11/4/2020,100.99
11/5/2020,101.72
11/6/2020,101.73
11/9/2020,102.58
11/10/2020,105.12
11/11/2020,105.12
11/12/2020,105.32
11/13/2020,105.21
11/16/2020,105.11
11/17/2020,104.93
11/18/2020,104.74
11/19/2020,104.51
11/20/2020,104.53
11/23/2020,104.09
11/24/2020,104.39
11/25/2020,104.58
11/26/2020,104.58
11/27/2020,104.45
11/30/2020,104.33
12/1/2020,104.01
12/2/2020,104.14
12/3/2020,105.01
12/4/2020,106.39
12/7/2020,106.65
12/8/2020,106.78
12/9/2020,106.78
12/10/2020,106.51
12/11/2020,106.38
12/14/2020,106.41
12/15/2020,106.87
12/16/2020,107.45
12/17/2020,107.62
12/18/2020,107.56
12/21/2020,107.63
12/22/2020,107.51
12/23/2020,107.55
12/24/2020,107.53
12/28/2020,107.53
12/29/2020,107.82
12/30/2020,107.89
12/31/2020,107.95
1/4/2021,107.88
1/5/2021,108.08
1/6/2021,108.07
1/7/2021,108.14
1/8/2021,108.32
1/11/2021,108.37
1/12/2021,108.11
1/13/2021,108.39
1/14/2021,109.08
1/15/2021,109.61
1/18/2021,109.61
1/19/2021,109.29
1/20/2021,109.29
1/21/2021,109.02
1/22/2021,108.99
1/25/2021,108.18
1/26/2021,108.85
1/27/2021,108.27
1/28/2021,108.12
1/29/2021,108.28
1/31/2021,108.28
2/1/2021,108.26
2/2/2021,108.43
2/3/2021,108.44
2/4/2021,108.2
2/5/2021,108.26
2/8/2021,108.06
2/9/2021,107.87
2/10/2021,107.73
2/11/2021,107.63
2/12/2021,107.46
2/15/2021,107.46
2/16/2021,106.66
2/17/2021,106.37
2/18/2021,106.1
2/19/2021,106.42
2/22/2021,106.19
2/23/2021,106.23
2/24/2021,106.18
2/25/2021,104.07
2/26/2021,103.76
2/28/2021,98.64
3/1/2021,99.22
3/2/2021,99.31
3/3/2021,99.76
3/4/2021,99.41
3/5/2021,98.77
3/8/2021,98.21
3/9/2021,98.42
3/10/2021,98.61
3/11/2021,99.22
3/12/2021,98.75
3/15/2021,98.83
3/16/2021,98.86
3/17/2021,97.83
3/18/2021,97.49
3/19/2021,97.76
3/22/2021,97.59
3/23/2021,97.73
3/24/2021,97.58
3/25/2021,97.7
3/26/2021,97.44
3/29/2021,97.79
3/30/2021,97.6
3/31/2021,97.71
4/1/2021,97.74
4/5/2021,97.74
4/6/2021,97.76
4/7/2021,97.73
4/8/2021,97.98
4/9/2021,98.01
4/12/2021,97.95
4/13/2021,97.88
4/14/2021,98.03
4/15/2021,98.13
4/16/2021,98.29
4/19/2021,98.72
4/20/2021,98.71
4/21/2021,98.53
4/22/2021,98.65
4/23/2021,98.69
4/26/2021,98.68
4/27/2021,98.64
4/28/2021,98.37
4/29/2021,98.13
4/30/2021,98.2
5/3/2021,98.16
5/4/2021,98.25
5/5/2021,98.63
5/6/2021,99.14
5/7/2021,99.84
5/10/2021,100.36
5/11/2021,100.19
5/12/2021,99.98
5/13/2021,99.54
5/14/2021,99.58
5/17/2021,99.46
5/18/2021,99.37
5/19/2021,99.23
5/20/2021,99.24
5/21/2021,99.31
5/24/2021,99.3
5/25/2021,99.39
5/26/2021,99.43
5/27/2021,99.36
5/28/2021,99.19
5/31/2021,99.19
6/1/2021,99.15
6/2/2021,99.17
6/3/2021,99.13
6/4/2021,99.17
6/7/2021,99.22
6/8/2021,99.44
6/9/2021,99.48
6/10/2021,99.59
6/11/2021,99.77
6/14/2021,99.76
6/15/2021,99.7
6/16/2021,99.75
6/17/2021,99.47
6/18/2021,99.41
6/21/2021,99.75
6/22/2021,99.99
6/23/2021,100.23
6/24/2021,100.68
6/25/2021,100.8
6/28/2021,100.79
6/29/2021,100.88
6/30/2021,100.93
7/1/2021,100.94
7/2/2021,101.01
7/5/2021,101.01
7/6/2021,101.24
7/7/2021,101.76
7/8/2021,101.75
7/9/2021,101.63
7/12/2021,101.61
7/13/2021,101.58
7/14/2021,101.52
7/15/2021,101.53
7/16/2021,101.55
7/19/2021,101.54
7/20/2021,101.44
7/21/2021,101.41
7/22/2021,101.41
7/23/2021,101.42
7/26/2021,101.41
7/27/2021,101.41
7/28/2021,101.37
7/29/2021,101.37
7/30/2021,101.4
7/31/2021,101.4
8/2/2021,101.48
8/3/2021,101.5
8/4/2021,101.6
8/5/2021,101.61
8/6/2021,101.47
8/9/2021,101.4
8/10/2021,101.3
8/11/2021,101.1
8/12/2021,101.03
8/13/2021,101.07
8/16/2021,101.16
8/17/2021,101.17
8/18/2021,101.15
8/19/2021,101.11
8/20/2021,101.09
8/23/2021,101.16
8/24/2021,101.27
8/25/2021,101.4
8/26/2021,101.36
8/27/2021,101.4
8/30/2021,101.34
8/31/2021,101.57
9/1/2021,101.64
9/2/2021,102.09
9/3/2021,102.08
9/6/2021,102.08
9/7/2021,102.06
9/8/2021,102.14
9/9/2021,102.14
9/10/2021,102.3
9/13/2021,102.43
9/14/2021,102.44
9/15/2021,102.68
9/16/2021,102.78
9/17/2021,103.13
9/20/2021,102.73
9/21/2021,102.71
9/22/2021,102.56
9/23/2021,102.44
9/24/2021,101.97
9/27/2021,101.7
9/28/2021,101.07
9/29/2021,100.88
9/30/2021,100.75
10/1/2021,100.31
10/4/2021,100.18
10/5/2021,100.05
10/6/2021,99.87
10/7/2021,100.05
10/8/2021,99.86
10/11/2021,99.86
10/12/2021,99.94
10/13/2021,100.21
10/14/2021,100.43
10/15/2021,100.68
10/18/2021,100.79
10/19/2021,100.65
10/20/2021,100.55
10/21/2021,100.33
10/22/2021,100.29
10/25/2021,100.34
10/26/2021,100.31
10/27/2021,100.36
10/28/2021,100.33
10/29/2021,100.25
10/31/2021,100.25
11/1/2021,100.22
11/2/2021,100.27
11/3/2021,100.19
11/4/2021,100.32
11/5/2021,100.36
11/8/2021,100.5
11/9/2021,100.47
11/10/2021,100.43
11/11/2021,100.43
11/12/2021,100.2
11/15/2021,100.08
11/16/2021,100.02
11/17/2021,99.7
11/18/2021,99.67
11/19/2021,99.74
11/22/2021,99.56
11/23/2021,99
11/24/2021,99.03
11/25/2021,99.03
11/26/2021,98.96
11/29/2021,98.78
11/30/2021,98.52
12/1/2021,98.67
12/2/2021,98.78
12/3/2021,98.76
12/6/2021,99
12/7/2021,99.48
12/8/2021,99.4
12/9/2021,99.35
12/10/2021,99.29
12/13/2021,99.55
12/14/2021,99.72
12/15/2021,99.64
12/16/2021,99.59
12/17/2021,99.66
12/20/2021,99.62
12/21/2021,99.46
12/22/2021,99.41
12/23/2021,99.34
12/27/2021,99.38
12/28/2021,99.38
12/29/2021,99.3
12/30/2021,99.33
12/31/2021,99.48
1/3/2022,99.4
1/4/2022,99.26
1/5/2022,99.17
1/6/2022,98.72
1/7/2022,98.7
1/10/2022,98.36
1/11/2022,98.42
1/12/2022,98.48
1/13/2022,98.43
1/14/2022,98.21
1/17/2022,98.21
1/18/2022,97.57
1/19/2022,97.55
1/20/2022,97.67
1/21/2022,97.7
1/24/2022,97.6
1/25/2022,96.98
1/26/2022,96.88
1/27/2022,96.76
1/28/2022,96.78
1/31/2022,96.55
2/1/2022,96.56
2/2/2022,96.61
2/3/2022,96.49
2/4/2022,95.9
2/7/2022,95.76
2/8/2022,95.53
2/9/2022,95.58
2/10/2022,95.45
2/11/2022,94.79
2/14/2022,94.45
2/15/2022,94.46
2/16/2022,94.56
2/17/2022,94.66
2/18/2022,94.8
2/21/2022,94.8
2/22/2022,94.49
2/23/2022,94.18
2/24/2022,93.29
2/25/2022,93.53
2/28/2022,92.87
3/1/2022,91.07
3/2/2022,90.34
3/3/2022,87.62
3/4/2022,85.79
3/7/2022,82.14
3/8/2022,79.86
3/9/2022,79.21
3/10/2022,79.51
3/11/2022,79.94
3/14/2022,81.45
3/15/2022,82.58
3/16/2022,82.89
3/17/2022,84.29
3/18/2022,84.65
3/21/2022,85.73
3/22/2022,85.65
3/23/2022,85.82
3/24/2022,85.92
3/25/2022,86.17
3/28/2022,85.49
3/29/2022,85.86
3/30/2022,85.79
3/31/2022,86.2
4/1/2022,85.9
4/4/2022,86.23
4/5/2022,86.07
4/6/2022,85.59
4/7/2022,85.48
4/8/2022,85.73
4/11/2022,85.11
4/12/2022,85.43
4/13/2022,85.11
4/14/2022,85.06
4/18/2022,85.06
4/19/2022,84.85
4/20/2022,84.69
4/21/2022,84.39
4/22/2022,84.14
4/25/2022,83.66
4/26/2022,83.38
4/27/2022,83.15
4/28/2022,82.87
4/29/2022,82.55
4/30/2022,82.55
5/2/2022,82.82
5/3/2022,82.45
5/4/2022,81.86
5/5/2022,82
5/6/2022,81.58
5/9/2022,81.03
5/10/2022,81.06
5/11/2022,80.88
5/12/2022,81.71
5/13/2022,81.46
5/16/2022,81.4
5/17/2022,81.68
5/18/2022,81.31
5/19/2022,81.21
5/20/2022,81.59
5/23/2022,81.95
5/24/2022,81.58
5/25/2022,81.71
5/26/2022,81.87
5/27/2022,82.12
5/30/2022,82.12
5/31/2022,82.33
6/1/2022,82.14
6/2/2022,82.25
6/3/2022,82.22
6/6/2022,82.05
6/7/2022,81.72
6/8/2022,81.89
6/9/2022,82.03
6/10/2022,81.42
6/13/2022,80.78
6/14/2022,80.13
6/15/2022,79.95
6/16/2022,79.94
6/17/2022,80.04
6/20/2022,80.04
6/21/2022,79.78
6/22/2022,80.02
6/23/2022,80.13
6/24/2022,80.04
6/27/2022,79.96
6/28/2022,79.41
6/29/2022,79.2
6/30/2022,78.98
7/1/2022,78.89
7/4/2022,78.89
7/5/2022,78.89
7/6/2022,78.75
7/7/2022,78.72
7/8/2022,78.57
7/11/2022,78.38
7/12/2022,78.27
7/13/2022,77.7
7/14/2022,77.57
7/15/2022,77.13
7/18/2022,77.15
7/19/2022,77.25
7/20/2022,77.36
7/21/2022,77.82
7/22/2022,78.62
7/25/2022,78.88
7/26/2022,79.04
7/27/2022,78.98
7/28/2022,79.15
7/29/2022,79.46
7/31/2022,79.46
8/1/2022,79.72
8/2/2022,79.7
8/3/2022,79.6
8/4/2022,79.66
8/5/2022,79.77
8/8/2022,79.87
8/9/2022,79.9
8/10/2022,79.97
8/11/2022,80.65
8/12/2022,80.93
8/15/2022,81.06
8/16/2022,81.18
8/17/2022,81.07
8/18/2022,81.15
8/19/2022,81.15
8/22/2022,81.06
8/23/2022,81.07
8/24/2022,81.04
8/25/2022,81.18
8/26/2022,81.17
8/29/2022,81.1
8/30/2022,80.87
8/31/2022,81.04
9/1/2022,80.68
9/2/2022,80.77
9/5/2022,80.77
9/6/2022,80.77
9/7/2022,80.84
9/8/2022,81.03
9/9/2022,81.73
9/12/2022,82.06
9/13/2022,81.14
9/14/2022,80.28
9/15/2022,79.79
9/16/2022,79.7
9/19/2022,79.62
9/20/2022,79.58
9/21/2022,79.57
9/22/2022,79.24
9/23/2022,79.22
9/26/2022,78.86
9/27/2022,78.42
9/28/2022,76.9
9/29/2022,76.89
9/30/2022,77.07
10/3/2022,76.93
10/4/2022,77.38
10/5/2022,77.33
10/6/2022,77.32
10/7/2022,77.06
10/10/2022,77.06
10/11/2022,77.19
10/12/2022,77.12
10/13/2022,77.48
10/14/2022,77.63
10/17/2022,77.41
10/18/2022,77.53
10/19/2022,77.57
10/20/2022,77.52
10/21/2022,77.24
10/24/2022,77.37
10/25/2022,77.53
10/26/2022,77.81
10/27/2022,78.02
10/28/2022,77.74
10/31/2022,77.81
11/1/2022,77.93
11/2/2022,78.06
11/3/2022,78.02
11/4/2022,78.11
11/7/2022,78.28
11/8/2022,78.58
11/9/2022,78.79
11/10/2022,79.5
11/11/2022,79.5
11/14/2022,83.01
11/15/2022,83.62
11/16/2022,83.63
11/17/2022,83.47
11/18/2022,83.4
11/21/2022,83.27
11/22/2022,83.48
11/23/2022,83.6
11/24/2022,83.6
11/25/2022,83.82
11/28/2022,83.69
11/29/2022,84.04
11/30/2022,84.17
12/1/2022,84.95
12/2/2022,86.48
12/5/2022,86.81
12/6/2022,86.72
12/7/2022,86.66
12/8/2022,86.58
12/9/2022,86.7
12/12/2022,86.74
12/13/2022,87.24
12/14/2022,87.48
12/15/2022,87.51
12/16/2022,87.44
12/19/2022,87.27
12/20/2022,87.14
12/21/2022,86.97
12/22/2022,86.72
12/23/2022,86.88
12/27/2022,86.88
12/28/2022,86.68
12/29/2022,86.52
12/30/2022,86.52
12/31/2022,86.52
1/3/2023,86.71
1/4/2023,86.87
1/5/2023,86.69
1/6/2023,86.84
1/9/2023,86.89
1/10/2023,86.7
1/11/2023,86.81
1/12/2023,86.76
1/13/2023,86.67
1/16/2023,86.67
1/17/2023,86.46
1/18/2023,86.82
1/19/2023,86.72
1/20/2023,86.54
1/23/2023,86.68
1/24/2023,86.76
1/25/2023,86.79
1/26/2023,86.62
1/27/2023,86.64
1/30/2023,86.5
1/31/2023,86.32
2/1/2023,86.46
2/2/2023,86.92
2/3/2023,86.68
2/6/2023,86.18
2/7/2023,86.27
2/8/2023,86.29
2/9/2023,86.1
2/10/2023,86.05
2/13/2023,85.95
2/14/2023,85.93
2/15/2023,85.69
2/16/2023,85.83
2/17/2023,85.79
2/20/2023,85.79
2/21/2023,85.62
2/22/2023,85.37
2/23/2023,85.4
2/24/2023,85.29
2/27/2023,85.27
2/28/2023,85.25
3/1/2023,85.15
3/2/2023,84.86
3/3/2023,85.12
3/6/2023,85.16
3/7/2023,85.02
3/8/2023,84.94
3/9/2023,84.71
3/10/2023,84.63
3/13/2023,84.67
3/14/2023,84.56
3/15/2023,84.55
3/16/2023,84.36
3/17/2023,84.53
3/20/2023,84.22
3/21/2023,84.23
3/22/2023,84.24
3/23/2023,84.72
3/24/2023,84.86
3/27/2023,85
3/28/2023,84.89
3/29/2023,84.93
3/30/2023,85.03
3/31/2023,85.17
4/3/2023,85.5
4/4/2023,85.58
4/5/2023,85.93
4/6/2023,85.91
4/10/2023,85.91
4/11/2023,85.83
4/12/2023,85.9
4/13/2023,86.01
4/14/2023,85.89
4/17/2023,85.85
4/18/2023,85.88
4/19/2023,85.76
4/20/2023,85.84
4/21/2023,85.85
4/24/2023,85.9
4/25/2023,86.07
4/26/2023,86.11
4/27/2023,85.98
4/28/2023,86.1
4/30/2023,86.1
5/1/2023,86.1
5/2/2023,86.14
5/3/2023,86.1
5/4/2023,86.2
5/5/2023,86.09
5/8/2023,86.1
5/9/2023,86.08
5/10/2023,85.98
5/11/2023,85.97
5/12/2023,85.96
5/15/2023,85.9
5/16/2023,85.87
5/17/2023,85.96
5/18/2023,85.75
5/19/2023,85.82
5/22/2023,85.68
5/23/2023,85.49
5/24/2023,85.52
5/25/2023,85.42
5/26/2023,85.34
5/29/2023,85.34
5/30/2023,85.53
5/31/2023,85.63
6/1/2023,85.72
6/2/2023,85.72
6/5/2023,85.78
6/6/2023,85.73
6/7/2023,85.71
6/8/2023,85.86
6/9/2023,85.84
6/12/2023,85.97
6/13/2023,85.84
6/14/2023,85.88
6/15/2023,85.97
6/16/2023,85.86
6/19/2023,85.86
6/20/2023,85.9
6/21/2023,85.83
6/22/2023,85.93
6/23/2023,85.92
6/26/2023,86.05
6/27/2023,86.04
6/28/2023,86.08
6/29/2023,85.99
6/30/2023,86.04
7/3/2023,86.02
7/4/2023,86.02
7/5/2023,85.89
7/6/2023,85.67
7/7/2023,85.41
7/10/2023,85.58
7/11/2023,85.65
7/12/2023,86.02
7/13/2023,86.11
7/14/2023,86.03
7/17/2023,86.08
7/18/2023,86.1
7/19/2023,86.27
7/20/2023,86.23
7/21/2023,86.21
7/24/2023,86.31
7/25/2023,86.4
7/26/2023,86.49
7/27/2023,86.56
7/28/2023,86.66
7/31/2023,86.92
8/1/2023,86.72
8/2/2023,86.48
8/3/2023,86.42
8/4/2023,86.47
8/7/2023,86.58
8/8/2023,86.58
8/9/2023,86.6
8/10/2023,86.6
8/11/2023,86.49
8/14/2023,86.5
8/15/2023,86.2
8/16/2023,86.04
8/17/2023,86.03
8/18/2023,85.97
8/21/2023,85.76
8/22/2023,85.87
8/23/2023,86.06
8/24/2023,86.14
8/25/2023,85.97
8/28/2023,86.07
8/29/2023,86.17
8/30/2023,86.42
8/31/2023,86.44
9/1/2023,86.51
9/4/2023,86.51
9/5/2023,86.29
9/6/2023,86.03
9/7/2023,86.18
9/8/2023,86.21
9/11/2023,85.88
9/12/2023,85.11
9/13/2023,84.88
9/14/2023,85.13
9/15/2023,85.31
9/18/2023,86.21
9/19/2023,84.98
9/20/2023,85.43
9/21/2023,84.92
9/22/2023,85.11
9/25/2023,84.57
9/26/2023,84.38
9/27/2023,84.32
9/28/2023,83.84
9/29/2023,84.08
9/30/2023,84.08
10/2/2023,83.49
10/3/2023,83.08
10/4/2023,82.64
10/5/2023,82.97
10/6/2023,82.97
10/9/2023,82.97
10/10/2023,83.71
10/11/2023,83.72
10/12/2023,83.46
10/13/2023,83.41
10/16/2023,83.26
10/17/2023,83.15
10/18/2023,83.03
10/19/2023,82.67
10/20/2023,82.72
10/23/2023,82.83
10/24/2023,82.97
10/25/2023,83.05
10/26/2023,82.88
10/27/2023,83.07
10/30/2023,83.08
10/31/2023,81.12
11/1/2023,81.51
11/2/2023,82.5
11/3/2023,82.95
11/6/2023,82.86
11/7/2023,82.91
11/8/2023,83.02
11/9/2023,82.92
11/10/2023,82.84
11/13/2023,82.75
11/14/2023,83.11
11/15/2023,82.99
11/16/2023,83.08
11/17/2023,83.05
11/20/2023,83.24
11/21/2023,83.69
11/22/2023,83.68
11/23/2023,83.68
11/24/2023,83.57
11/27/2023,83.93
11/28/2023,83.95
11/29/2023,84.53
11/30/2023,84.34
12/1/2023,84.5
12/4/2023,84.59
12/5/2023,84.9
12/6/2023,85.08
12/7/2023,85.12
12/8/2023,84.98
12/11/2023,84.9
12/12/2023,84.9
12/13/2023,85.06
12/14/2023,86.51
12/15/2023,86.92
12/18/2023,86.72
12/19/2023,86.86
12/20/2023,86.97
12/21/2023,87.06
12/22/2023,86.99
12/26/2023,86.99
12/27/2023,87.29
12/28/2023,87.34
12/29/2023,87.22
12/31/2023,87.22
1/2/2024,87.04
1/3/2024,86.63
1/4/2024,86.43
1/5/2024,86.37
1/8/2024,86.2
1/9/2024,85.96
1/10/2024,86.22
1/11/2024,86.4
1/12/2024,86.6
1/15/2024,86.6
1/16/2024,86.39
1/17/2024,86.07
1/18/2024,86.16
1/19/2024,86
1/22/2024,86.2
1/23/2024,86.07
1/24/2024,86.14
1/25/2024,86.32
1/26/2024,86.28
1/29/2024,86.39
1/30/2024,86.47
1/31/2024,86.6
2/1/2024,86.77
2/2/2024,86.37
2/5/2024,86.07
2/6/2024,86.18
2/7/2024,86.34
2/8/2024,86.25
2/9/2024,86.21
2/12/2024,86.23
2/13/2024,85.91
2/14/2024,85.99
2/15/2024,86.24
2/16/2024,86
2/19/2024,86
2/20/2024,86.19
2/21/2024,86.18
2/22/2024,86.11
2/23/2024,86.2
2/26/2024,86.18
2/27/2024,86.32
2/28/2024,86.33
2/29/2024,86.42
3/1/2024,86.37
3/4/2024,86.41
3/5/2024,86.53
3/6/2024,86.56
3/7/2024,86.76
3/8/2024,86.88
3/11/2024,87.04
3/12/2024,86.9
3/13/2024,86.82
3/14/2024,86.58
3/15/2024,86.48
3/18/2024,86.41
3/19/2024,86.49
3/20/2024,86.59
3/21/2024,86.68
3/22/2024,86.73
3/25/2024,86.64
3/26/2024,86.66
3/27/2024,86.72
3/28/2024,86.71
3/31/2024,83.21
4/1/2024,83.2
4/2/2024,83
4/3/2024,83.06
4/4/2024,82.98
4/5/2024,82.86
4/8/2024,82.86
4/9/2024,82.95
4/10/2024,82.57
4/11/2024,82.22
4/12/2024,82.25
4/15/2024,81.76
4/16/2024,81.24
4/17/2024,81.42
4/18/2024,81.36
4/19/2024,81.39
4/22/2024,81.39
4/23/2024,81.5
4/24/2024,81.26
4/25/2024,81.1
4/26/2024,81.34
4/29/2024,81.46
4/30/2024,81.31
5/1/2024,81.2
5/2/2024,81.63
5/3/2024,82.19
5/6/2024,82.25
5/7/2024,82.63
5/8/2024,82.51
5/9/2024,82.78
5/10/2024,82.76
5/13/2024,82.82
5/14/2024,82.86
5/15/2024,83.49
5/16/2024,83.71
5/17/2024,83.64
5/20/2024,83.52
5/21/2024,83.58
5/22/2024,83.59
5/23/2024,83.44
5/24/2024,83.42
5/27/2024,83.42
5/28/2024,83.37
5/29/2024,83.04
5/30/2024,83.23
5/31/2024,83.32
6/3/2024,83.75
6/4/2024,83.83
6/5/2024,83.95
6/6/2024,83.66
6/7/2024,83.66
6/10/2024,83.49
6/11/2024,83.51
6/12/2024,84.06
6/13/2024,83.9
6/14/2024,83.75
6/17/2024,83.54
6/18/2024,83.61
6/19/2024,83.61
6/20/2024,83.56
6/21/2024,83.52
6/24/2024,83.57
6/25/2024,83.57
6/26/2024,83.5
6/27/2024,83.49
6/28/2024,83.39
6/30/2024,83.39
7/1/2024,83.31
7/2/2024,83.28
7/3/2024,83.53
7/4/2024,83.53
7/5/2024,83.87
7/8/2024,83.91
7/9/2024,83.88
7/10/2024,83.89
7/11/2024,84.3
7/12/2024,84.29
7/15/2024,84.31
7/16/2024,84.31
7/17/2024,84.18
7/18/2024,84
7/19/2024,83.95
7/22/2024,83.82
7/23/2024,83.79
7/24/2024,83.7
7/25/2024,83.67
7/26/2024,83.77
7/29/2024,83.91
7/30/2024,83.89
7/31/2024,84.17
8/1/2024,84.36
8/2/2024,84.38
8/5/2024,84.12
8/6/2024,84.08
8/7/2024,84.06
8/8/2024,84.13
8/9/2024,84.29
8/12/2024,84.28
8/13/2024,84.69
8/14/2024,84.83
8/15/2024,85.03
8/16/2024,85.15
8/19/2024,85.33
8/20/2024,85.44
8/21/2024,85.56
8/22/2024,85.47
8/23/2024,85.77
8/26/2024,85.77
8/27/2024,85.7
8/28/2024,85.77
8/29/2024,85.75
8/30/2024,85.8
8/31/2024,85.8
9/2/2024,85.8
9/3/2024,85.83
9/4/2024,85.8
9/5/2024,85.87
9/6/2024,85.96
9/9/2024,86
9/10/2024,86.02
9/11/2024,86
9/12/2024,86.11
9/13/2024,86.16
9/16/2024,86.43
9/17/2024,86.63
9/18/2024,86.63
9/19/2024,86.84
9/20/2024,86.78
9/23/2024,86.74
9/24/2024,86.79
9/25/2024,86.79
9/26/2024,86.79
9/27/2024,86.86
9/30/2024,86.9
10/1/2024,86.89
10/2/2024,86.82
10/3/2024,86.73
10/4/2024,86.56
10/7/2024,86.37
10/8/2024,86.34
10/9/2024,86.36
10/10/2024,86.29
10/11/2024,86.36
10/14/2024,86.36
10/15/2024,86.53
10/16/2024,86.53
10/17/2024,86.46
10/18/2024,86.55
10/21/2024,86.39
10/22/2024,86.27
10/23/2024,86.07
10/24/2024,85.83
10/25/2024,85.7
10/28/2024,85.6
10/29/2024,85.57
10/30/2024,85.7
10/31/2024,85.61
11/1/2024,85.49
11/4/2024,85.5
11/5/2024,85.43
11/6/2024,85.24
11/7/2024,85.62
11/8/2024,85.65
11/11/2024,85.65
11/12/2024,85.48
11/13/2024,85.4
11/14/2024,85.27
11/15/2024,85.08
11/18/2024,84.9
11/19/2024,84.99
11/20/2024,85.02
11/21/2024,85.01
11/22/2024,84.96
11/25/2024,85.18
11/26/2024,85.2
11/27/2024,85.1
11/28/2024,85.1
11/29/2024,85.14
11/30/2024,85.14
12/2/2024,85.26
12/3/2024,85.19
12/4/2024,85.14
12/5/2024,85.16
12/6/2024,85.26
12/9/2024,85.29
12/10/2024,85.32
12/11/2024,85.42
12/12/2024,85.33
12/13/2024,85.39
12/16/2024,85.35
12/17/2024,85.34
12/18/2024,85.3
12/19/2024,84.45
12/20/2024,84.4
12/23/2024,84.36
12/24/2024,84.4
12/26/2024,84.41
12/27/2024,84.39
12/30/2024,84.43
12/31/2024,84.38
1/2/2025,84.4
1/3/2025,84.42
1/6/2025,84.38
1/7/2025,84.33
1/8/2025,84.22
1/9/2025,84.35
1/10/2025,84.24
1/13/2025,84.04
1/14/2025,84.05
1/15/2025,84.31
1/16/2025,84.33
1/17/2025,84.31
1/20/2025,84.31
1/21/2025,84.5
1/22/2025,84.49
1/23/2025,84.44
1/24/2025,84.48
1/27/2025,84.53
1/28/2025,84.55
1/29/2025,84.69
1/30/2025,84.75
1/31/2025,84.87
2/3/2025,84.79
2/4/2025,84.96
2/5/2025,85.25
2/6/2025,85.3
2/7/2025,85.41
2/10/2025,85.61
2/11/2025,85.58
2/12/2025,85.57
2/13/2025,85.83
2/14/2025,86.05
2/17/2025,86.05
2/18/2025,86.16
2/19/2025,86.12
2/20/2025,86.18
2/21/2025,86.23
2/24/2025,86.3
2/25/2025,86.48
2/26/2025,86.65
2/27/2025,86.78
2/28/2025,86.89
3/3/2025,86.81
3/4/2025,86.74
3/5/2025,86.71
3/6/2025,86.61
3/7/2025,86.73
3/10/2025,86.78
3/11/2025,86.78
3/12/2025,86.73
3/13/2025,86.71
3/14/2025,86.78
3/17/2025,86.86
3/18/2025,86.85
3/19/2025,86.84
3/20/2025,87.06
3/21/2025,86.94
3/24/2025,86.84
3/25/2025,86.76
3/26/2025,86.74
3/27/2025,86.66
3/28/2025,86.57
3/31/2025,90.21
4/1/2025,90.32
4/2/2025,90.34
4/3/2025,90.26
4/4/2025,90.12
4/7/2025,89.02
4/8/2025,88.96
4/9/2025,87.71
4/10/2025,88.86
4/11/2025,88.72
4/14/2025,88.67
4/15/2025,88.82
4/16/2025,88.84
4/17/2025,88.96
4/21/2025,88.49
4/22/2025,88.73
4/23/2025,89.38
4/24/2025,89.53
4/25/2025,89.81
4/28/2025,89.84
4/29/2025,89.88
4/30/2025,89.77
5/1/2025,89.72
5/2/2025,89.59
5/5/2025,89.48
5/6/2025,89.36
5/7/2025,89.4
5/8/2025,89.39
5/9/2025,89.38
5/12/2025,89.64
5/13/2025,89.69
5/14/2025,89.58
5/15/2025,89.49
5/16/2025,89.51
5/19/2025,89.41
5/20/2025,89.52
5/21/2025,89.52
5/22/2025,89.5
5/23/2025,89.54
5/26/2025,89.54
5/27/2025,89.71
5/28/2025,89.85
5/29/2025,90.02
5/30/2025,90.02
5/31/2025,90.02
6/2/2025,90.09
6/3/2025,90.28
6/4/2025,90.38
6/5/2025,90.54
6/6/2025,90.55
6/9/2025,90.72
6/10/2025,90.83
6/11/2025,90.92
6/12/2025,90.96
6/13/2025,90.92
6/16/2025,90.98
6/17/2025,90.99
6/18/2025,91.07
6/19/2025,91.07
6/20/2025,91.02
6/23/2025,91.1
6/24/2025,91.43
6/25/2025,91.17
6/26/2025,91.32
6/27/2025,91.45
6/30/2025,91.76
7/1/2025,91.99
7/2/2025,92.22
7/3/2025,92.37
7/4/2025,92.37
7/7/2025,92.3
7/8/2025,92.17
7/9/2025,92.09
7/10/2025,91.8
7/11/2025,91.32
7/14/2025,91.33
7/15/2025,91.31
7/16/2025,91.24
7/17/2025,91.32
7/18/2025,91.36
7/21/2025,91.58
7/22/2025,91.82
7/23/2025,91.64
7/24/2025,91.94
7/25/2025,91.93
7/28/2025,92.07
7/29/2025,92.18
7/30/2025,91.95
7/31/2025,92.12
8/1/2025,92.33
8/4/2025,92.51
8/5/2025,92.58
8/6/2025,92.76
8/7/2025,92.94
8/8/2025,92.86
8/11/2025,93.3
8/12/2025,93.86
8/13/2025,94.39
8/14/2025,94.73
8/15/2025,94.59
8/18/2025,94.81
8/19/2025,94.87
8/20/2025,94.78
8/21/2025,94.77
8/22/2025,95.12
8/25/2025,95.07
8/26/2025,95.12
8/27/2025,95.13
8/28/2025,95.17
8/29/2025,95.23
8/31/2025,95.23
9/1/2025,95.23
9/2/2025,95.11
9/3/2025,95.02
9/4/2025,95.14
9/5/2025,95
9/8/2025,95.37
9/9/2025,95.27
9/10/2025,95.33
9/11/2025,95.51
9/12/2025,95.51
9/15/2025,95.57
9/16/2025,95.62
9/17/2025,95.65
9/18/2025,95.71
9/19/2025,95.71
9/22/2025,95.54
9/23/2025,95.64
9/24/2025,95.46
9/25/2025,95.27
9/26/2025,95.36
9/29/2025,95.42
9/30/2025,95.47
10/1/2025,95.52
10/2/2025,95.52
10/3/2025,95.51
10/6/2025,95.54
10/7/2025,95.57
10/8/2025,95.64
10/9/2025,95.57
10/10/2025,95.75
10/13/2025,95.75
10/14/2025,95.6
10/15/2025,95.69
10/16/2025,95.96
10/17/2025,95.66
10/20/2025,95.91
10/21/2025,96.33
10/22/2025,96.49
10/23/2025,96.61
10/24/2025,96.77
10/27/2025,96.95
10/28/2025,97.05
10/29/2025,96.97
10/30/2025,97.13
10/31/2025,97.19
11/3/2025,97.21
11/4/2025,97.09
11/5/2025,96.96
11/6/2025,97.02
11/7/2025,96.86
11/10/2025,96.85
11/11/2025,96.85
11/12/2025,96.9
11/13/2025,96.84
11/14/2025,96.7
11/17/2025,96.65
11/18/2025,96.65
11/19/2025,96.59
11/20/2025,96.65
11/21/2025,96.62
11/24/2025,96.6
11/25/2025,96.63
11/26/2025,96.68
11/27/2025,96.68
11/28/2025,96.72
11/30/2025,96.72
12/1/2025,96.54
12/2/2025,96.59
12/3/2025,96.63
12/4/2025,96.66
12/5/2025,96.53
12/8/2025,96.46
12/9/2025,96.36
12/10/2025,96.51
12/11/2025,96.61
12/12/2025,96.61
12/15/2025,96.67
12/16/2025,96.82
12/17/2025,96.82
12/18/2025,96.83
12/19/2025,96.91
12/22/2025,96.79
12/23/2025,96.75
12/24/2025,96.98
12/26/2025,97.07
12/29/2025,97.01
12/30/2025,97.07
12/31/2025,96.93
1/2/2026,96.81
1/5/2026,96.99
1/6/2026,97.11
1/7/2026,97.09
1/8/2026,97
1/9/2026,97.08
1/12/2026,96.97
1/13/2026,97.03
1/14/2026,97.03
1/15/2026,97.02
1/16/2026,96.87
1/19/2026,96.87
1/20/2026,96.91
1/21/2026,97
1/22/2026,97.12
1/23/2026,97.19
1/26/2026,97.24
1/27/2026,97.22
1/28/2026,97.24
1/29/2026,97.17
1/30/2026,97.09
1/31/2026,97.09
2/2/2026,97
2/3/2026,97.03
2/4/2026,96.96
2/5/2026,97.1
2/6/2026,97.03
2/9/2026,97.38
2/10/2026,97.51
2/11/2026,97.62
2/12/2026,97.83
2/13/2026,98.12
2/16/2026,98.12
2/17/2026,98.15
2/18/2026,98.17
2/19/2026,98.18
2/20/2026,98.23
2/23/2026,98.34
2/24/2026,98.29
2/25/2026,98.24
2/26/2026,98.34
2/27/2026,98.4
2/28/2026,98.4
3/2/2026,98.23
3/3/2026,97.89
3/4/2026,97.93
3/5/2026,97.9
3/6/2026,97.64
3/9/2026,97.12
3/10/2026,97.18
3/11/2026,97.11
3/12/2026,97.02
3/13/2026,96.85
3/16/2026,96.81
3/17/2026,96.85
3/18/2026,96.81
3/19/2026,96.24
3/20/2026,95.78
3/23/2026,95.55
3/24/2026,95.56
3/25/2026,95.71
3/26/2026,95.27
3/27/2026,94.83
3/30/2026,94.85
3/31/2026,94.87
4/1/2026,95.16
4/2/2026,95.07
4/3/2026,94.88
4/6/2026,95.19
4/7/2026,95.03
4/8/2026,95.84
4/9/2026,95.8
4/10/2026,95.94
4/13/2026,96
4/14/2026,96.59
4/15/2026,96.77
4/16/2026,97.05
4/17/2026,97.38
4/20/2026,97.34
4/21/2026,97.3
4/22/2026,97.52
4/23/2026,97.71
4/24/2026,97.84
4/27/2026,97.96
4/28/2026,97.84
4/29/2026,97.71
4/30/2026,97.7
5/1/2026,97.77
5/4/2026,97.67
5/5/2026,97.86
5/6/2026,98.25
5/7/2026,98.18
