Date,GDTR
9/28/2016,110.28
9/29/2016,110.17
9/30/2016,110.35
10/3/2016,110.97
10/4/2016,111.41
10/5/2016,110.75
10/6/2016,110.85
10/7/2016,111.1
10/10/2016,111.1
10/11/2016,110.58
10/12/2016,109.93
10/13/2016,110.13
10/14/2016,109.97
10/17/2016,109.52
10/18/2016,109.64
10/19/2016,109.89
10/20/2016,110.05
10/21/2016,109.96
10/24/2016,109.91
10/25/2016,109.88
10/26/2016,109.55
10/27/2016,108.92
10/28/2016,108.46
10/31/2016,108.05
11/1/2016,107.39
11/2/2016,107.26
11/3/2016,107.39
11/4/2016,106.67
11/7/2016,106.83
11/8/2016,107.09
9/22/2016,112.92
9/23/2016,112.82
9/26/2016,111.23
9/27/2016,110.96
8/15/2016,112.86
8/16/2016,112.88
8/17/2016,112.59
8/18/2016,112.48
8/19/2016,112.12
8/22/2016,111.58
8/23/2016,112.74
8/24/2016,112.61
8/25/2016,112.67
8/26/2016,112.8
8/29/2016,112.73
8/30/2016,112.33
8/31/2016,112
9/1/2016,111.47
9/2/2016,111.31
9/5/2016,111.31
9/6/2016,111.9
9/7/2016,112.74
9/8/2016,112.35
9/9/2016,111.81
9/12/2016,111.03
9/13/2016,111.15
9/14/2016,110.59
9/15/2016,110.5
9/16/2016,110.84
9/19/2016,111.13
9/20/2016,111.27
9/21/2016,111.65
5/27/2016,109.83
5/30/2016,109.83
5/31/2016,109.89
6/1/2016,110.09
6/2/2016,110.41
6/3/2016,111.32
6/6/2016,111.68
6/7/2016,111.95
6/8/2016,112.37
6/9/2016,112.17
6/10/2016,111.84
6/13/2016,111.53
6/14/2016,110.88
6/15/2016,110.95
6/16/2016,111.17
6/17/2016,111.76
6/20/2016,112.29
6/21/2016,112.33
6/22/2016,112.56
6/23/2016,112.74
6/24/2016,111.59
6/27/2016,112.15
6/28/2016,112.9
6/29/2016,114.14
6/30/2016,113.78
7/1/2016,114.41
7/4/2016,114.41
7/5/2016,114.3
7/6/2016,114.26
7/7/2016,114.55
7/8/2016,115.22
7/11/2016,116.28
7/12/2016,115.98
7/13/2016,115.69
7/14/2016,115.4
7/15/2016,114.96
7/18/2016,113.15
7/19/2016,111.19
7/20/2016,109.59
7/21/2016,109.06
7/22/2016,110.09
7/25/2016,110.33
7/26/2016,109.93
7/27/2016,110.1
7/28/2016,110.53
7/29/2016,109.95
7/31/2016,110.21
8/1/2016,110.91
8/2/2016,110.76
8/3/2016,110.08
8/4/2016,110.4
8/5/2016,110.67
8/8/2016,112.02
8/9/2016,112.06
8/10/2016,112.66
8/11/2016,112.56
8/12/2016,112.86
5/6/2016,110.09
5/9/2016,110.21
5/10/2016,110.42
5/11/2016,110.54
5/12/2016,110.88
5/13/2016,110.56
5/16/2016,110.48
5/17/2016,110.69
5/18/2016,110.31
5/19/2016,109.66
5/20/2016,109.63
5/23/2016,109.21
5/24/2016,109.5
5/25/2016,109.69
5/26/2016,109.85
11/9/2016,106.41
11/10/2016,103.64
11/11/2016,103.64
11/14/2016,100.18
11/15/2016,102.07
11/16/2016,101.79
11/17/2016,102.11
11/18/2016,101.16
11/21/2016,101.26
11/22/2016,101.48
11/23/2016,100.69
11/24/2016,100.69
11/25/2016,100.62
11/28/2016,101.08
11/29/2016,101.27
11/30/2016,101.2
12/1/2016,100.07
12/2/2016,99.55
12/5/2016,99.46
12/6/2016,100.46
12/7/2016,101.57
12/8/2016,100.89
12/9/2016,100.65
12/12/2016,100.14
12/13/2016,100.52
12/14/2016,100.99
12/15/2016,99.73
12/16/2016,99.81
12/19/2016,100.06
12/20/2016,99.97
12/21/2016,100.71
12/22/2016,100.84
12/23/2016,100.87
12/27/2016,100.75
12/28/2016,100.76
12/29/2016,101.08
12/30/2016,101.17
12/31/2016,101.17
1/3/2017,100.76
1/4/2017,101.43
1/5/2017,101.84
1/6/2017,102.02
1/9/2017,100.85
1/10/2017,100.58
1/11/2017,99.41
1/12/2017,100.7
1/13/2017,100.65
1/16/2017,100.65
1/17/2017,101.4
1/18/2017,100.97
1/19/2017,100.54
1/20/2017,100.84
1/23/2017,101.45
1/24/2017,101.58
1/25/2017,101.06
1/26/2017,100.98
1/27/2017,101.36
1/30/2017,102
1/31/2017,101.7
2/1/2017,101.44
2/2/2017,102.43
2/3/2017,103.4
2/6/2017,103.65
2/7/2017,103.04
2/8/2017,103.52
2/9/2017,103.67
2/10/2017,103.48
2/13/2017,103.71
2/14/2017,103.87
2/15/2017,103.66
2/16/2017,103.92
2/17/2017,103.79
2/20/2017,103.79
2/21/2017,103.75
2/22/2017,103.88
2/23/2017,104.13
2/24/2017,104.12
2/27/2017,104.08
2/28/2017,103.64
3/1/2017,102.87
3/2/2017,102.48
3/3/2017,102.38
3/6/2017,102.58
3/7/2017,103.15
3/8/2017,102.83
3/9/2017,102.17
3/10/2017,102.76
3/13/2017,102.7
3/14/2017,102.4
3/15/2017,102.51
3/16/2017,103.27
3/17/2017,103.64
3/20/2017,104.13
3/21/2017,104.85
3/22/2017,104.78
3/23/2017,104.85
3/24/2017,104.99
3/27/2017,105.19
3/28/2017,105.1
3/29/2017,104.88
3/30/2017,104.97
3/31/2017,104.96
4/3/2017,105.17
4/4/2017,105.46
4/5/2017,105.57
4/6/2017,105.77
4/7/2017,105.91
4/10/2017,105.6
4/11/2017,105.6
4/12/2017,105.68
4/13/2017,106.34
4/17/2017,106.31
4/18/2017,106.84
4/19/2017,106.95
4/20/2017,106.97
4/21/2017,107.09
4/24/2017,107.12
4/25/2017,106.93
4/26/2017,107.07
4/27/2017,107.49
4/28/2017,107.95
4/30/2017,107.98
5/1/2017,107.99
5/2/2017,108.26
5/3/2017,108.48
5/4/2017,107.75
5/5/2017,107.44
5/8/2017,107.37
5/9/2017,107.02
5/10/2017,107.02
5/11/2017,106.84
5/12/2017,106.92
5/15/2017,107.1
5/16/2017,107.28
5/17/2017,107.2
5/18/2017,106.49
5/19/2017,106.67
5/22/2017,107.11
5/23/2017,107.29
5/24/2017,107.34
5/25/2017,107.74
5/26/2017,108.26
5/29/2017,108.26
5/30/2017,108.35
5/31/2017,108.12
6/1/2017,108.17
6/2/2017,108.55
6/5/2017,108.73
6/6/2017,108.73
6/7/2017,108.29
6/8/2017,107.94
6/9/2017,107.88
6/12/2017,108.12
6/13/2017,108.14
6/14/2017,108.81
6/15/2017,108.36
6/16/2017,108.41
6/19/2017,108.33
6/20/2017,107.79
6/21/2017,107.66
6/22/2017,107.77
6/23/2017,108.08
6/26/2017,108.23
6/27/2017,108.09
6/28/2017,107.69
6/29/2017,107.28
6/30/2017,107.03
7/3/2017,106.42
7/4/2017,106.42
7/5/2017,105.84
7/6/2017,105.04
7/7/2017,104.79
7/10/2017,105.37
7/11/2017,105.37
7/12/2017,106.33
7/13/2017,106.42
7/14/2017,106.87
7/17/2017,106.91
7/18/2017,107.34
7/19/2017,107.56
7/20/2017,107.89
7/21/2017,108.21
7/24/2017,107.69
7/25/2017,107.26
7/26/2017,107.4
7/27/2017,107.88
7/28/2017,107.73
7/31/2017,107.96
8/1/2017,108.21
8/2/2017,108.51
8/3/2017,108.72
8/4/2017,108.8
8/7/2017,108.85
8/8/2017,108.96
8/9/2017,108.79
8/10/2017,108.56
8/11/2017,108.15
8/14/2017,108.41
8/15/2017,108.25
8/16/2017,108.19
8/17/2017,108.4
8/18/2017,108.35
8/21/2017,108.49
8/22/2017,108.59
8/23/2017,108.65
8/24/2017,108.85
8/25/2017,108.91
8/28/2017,108.76
8/29/2017,109.09
8/30/2017,109.18
8/31/2017,109.66
9/1/2017,109.61
9/4/2017,109.61
9/5/2017,109.59
9/6/2017,109.36
9/7/2017,109.62
9/8/2017,109.92
9/11/2017,109.77
9/12/2017,109.35
9/13/2017,109.18
9/14/2017,109.07
9/15/2017,109.05
9/18/2017,108.75
9/19/2017,108.19
9/20/2017,108
9/21/2017,107.69
9/22/2017,107.93
9/25/2017,107.3
9/26/2017,107.33
9/27/2017,106.89
9/28/2017,106.94
9/29/2017,107.43
9/30/2017,107.12
10/2/2017,107.18
10/3/2017,107.25
10/4/2017,107.26
10/5/2017,107.26
10/6/2017,106.9
10/9/2017,106.9
10/10/2017,106.48
10/11/2017,106.56
10/12/2017,106.84
10/13/2017,106.96
10/16/2017,106.94
10/17/2017,106.72
10/18/2017,106.67
10/19/2017,107.03
10/20/2017,106.56
10/23/2017,106.25
10/24/2017,105.64
10/25/2017,105.24
10/26/2017,104.7
10/27/2017,104.6
10/30/2017,105.46
10/31/2017,105.35
11/1/2017,105.02
11/2/2017,105.07
11/3/2017,104.18
11/6/2017,104.2
11/7/2017,103.54
11/8/2017,103.2
11/9/2017,103.15
11/10/2017,103.01
11/13/2017,103.06
11/14/2017,103.19
11/15/2017,103.48
11/16/2017,103.97
11/17/2017,103.73
11/20/2017,102.95
11/21/2017,102.81
11/22/2017,103.53
11/23/2017,103.53
11/24/2017,104.14
11/27/2017,104.9
11/28/2017,104.37
11/29/2017,104.02
11/30/2017,104.63
12/1/2017,104.67
12/4/2017,105.12
12/5/2017,105.59
12/6/2017,105.65
12/7/2017,105.42
12/8/2017,105.35
12/11/2017,105.62
12/12/2017,105.7
12/13/2017,105.79
12/14/2017,105.71
12/15/2017,105.82
12/18/2017,106.06
12/19/2017,105.98
12/20/2017,105.76
12/21/2017,105.73
12/22/2017,105.74
12/26/2017,105.74
12/27/2017,105.81
12/28/2017,105.95
12/29/2017,106.11
12/31/2017,106.11
1/2/2018,106.45
1/3/2018,106.72
1/4/2018,106.7
1/5/2018,106.97
1/8/2018,106.82
1/9/2018,106.42
1/10/2018,105.9
1/11/2018,106.14
1/12/2018,106.16
1/15/2018,106.16
1/16/2018,106.04
1/17/2018,105.79
1/18/2018,105.53
1/19/2018,105.19
1/22/2018,105.06
1/23/2018,105.33
1/24/2018,105.13
1/25/2018,105.26
1/26/2018,105.41
1/29/2018,104.79
1/30/2018,104.76
1/31/2018,104.74
2/1/2018,104.85
2/2/2018,104.11
2/5/2018,103.62
2/6/2018,103.51
2/7/2018,103.83
2/8/2018,102.96
2/9/2018,102.26
2/12/2018,102.14
2/13/2018,101.97
2/14/2018,101.38
2/15/2018,101.7
2/16/2018,102.5
2/19/2018,102.5
2/20/2018,102.07
2/21/2018,102.22
2/22/2018,101.86
2/23/2018,101.77
2/26/2018,102.16
2/27/2018,102.12
2/28/2018,101.93
3/1/2018,101.77
3/2/2018,101.59
3/5/2018,101.61
3/6/2018,101.82
3/7/2018,101.62
3/8/2018,101.49
3/9/2018,101.4
3/12/2018,101.27
3/13/2018,101.03
3/14/2018,101.23
3/15/2018,101.11
3/16/2018,100.92
3/19/2018,100.58
3/20/2018,100.47
3/21/2018,100.57
3/22/2018,100.8
3/23/2018,100.57
3/26/2018,100.4
3/27/2018,100.43
3/28/2018,100.35
3/29/2018,100.77
3/31/2018,100.7
4/2/2018,100.7
4/3/2018,100.77
4/4/2018,100.59
4/5/2018,100.52
4/6/2018,100.86
4/9/2018,100.46
4/10/2018,100.11
4/11/2018,100.05
4/12/2018,100.31
4/13/2018,100.55
4/16/2018,100.01
4/17/2018,99.92
4/18/2018,100.6
4/19/2018,100.58
4/20/2018,100.37
4/23/2018,99.89
4/24/2018,100.03
4/25/2018,99.86
4/26/2018,100
4/27/2018,99.75
4/30/2018,99.65
5/1/2018,99.13
5/2/2018,98.19
5/3/2018,97.48
5/4/2018,96.72
5/7/2018,96.73
5/8/2018,95.82
5/9/2018,95.28
5/10/2018,96.01
5/11/2018,96.1
5/14/2018,95.76
5/15/2018,93.1
5/16/2018,93.26
5/17/2018,92.96
5/18/2018,92.68
5/21/2018,91.74
5/22/2018,92.37
5/23/2018,92.85
5/24/2018,93.98
5/25/2018,95.01
5/28/2018,95.01
5/29/2018,96.19
5/30/2018,96.26
5/31/2018,95.22
6/1/2018,93.73
6/4/2018,93.9
6/5/2018,93.64
6/6/2018,93.3
6/7/2018,94.22
6/8/2018,93.88
6/11/2018,93.34
6/12/2018,92.61
6/13/2018,92.08
6/14/2018,92.49
6/15/2018,91.82
6/18/2018,90.77
6/19/2018,90.13
6/20/2018,91.35
6/21/2018,91.97
6/22/2018,93.55
6/25/2018,92.61
6/26/2018,92.32
6/27/2018,92.69
6/28/2018,93.16
6/29/2018,93.46
6/30/2018,93.46
7/2/2018,93.22
7/3/2018,93.37
7/4/2018,93.37
7/5/2018,93.81
7/6/2018,94.44
7/9/2018,94.94
7/10/2018,92.46
7/11/2018,91.42
7/12/2018,90.58
7/13/2018,91.42
7/16/2018,91.31
7/17/2018,91.98
7/18/2018,92.32
7/19/2018,92.75
7/20/2018,93.13
7/23/2018,93.33
7/24/2018,91.85
7/25/2018,92.52
7/26/2018,92.67
7/27/2018,92.4
7/30/2018,92.03
7/31/2018,91.66
8/1/2018,91.49
8/2/2018,90.12
8/3/2018,90.96
8/6/2018,90.86
8/7/2018,90.56
8/8/2018,90.28
8/9/2018,89.25
8/10/2018,85.09
8/13/2018,80.62
8/14/2018,83.6
8/15/2018,83.36
8/16/2018,85.75
8/17/2018,85.23
8/20/2018,84.8
8/21/2018,85.94
8/22/2018,87.31
8/23/2018,87.38
8/24/2018,86.95
8/27/2018,86.81
8/28/2018,86.65
8/29/2018,85.18
8/30/2018,83.75
8/31/2018,82.78
9/3/2018,82.78
9/4/2018,81.85
9/5/2018,83.12
9/6/2018,84.66
9/7/2018,85.25
9/10/2018,84.87
9/11/2018,84.8
9/12/2018,85.24
9/13/2018,88.37
9/14/2018,89.47
9/17/2018,88.57
9/18/2018,88.12
9/19/2018,88.9
9/20/2018,89.75
9/21/2018,89.54
9/24/2018,90.1
9/25/2018,90.28
9/26/2018,90.35
9/27/2018,91.09
9/28/2018,91.08
9/30/2018,91.08
10/1/2018,90.84
10/2/2018,90.01
10/3/2018,89.43
10/4/2018,88.77
10/5/2018,87.97
10/8/2018,87.97
10/9/2018,87.93
10/10/2018,88.27
10/11/2018,88.65
10/12/2018,89.58
10/15/2018,89.83
10/16/2018,89.47
10/17/2018,90.03
10/18/2018,89.96
10/19/2018,89.56
10/22/2018,89.65
10/23/2018,89.09
10/24/2018,89.57
10/25/2018,89.9
10/26/2018,90.04
10/29/2018,90.23
10/30/2018,90.28
10/31/2018,89.99
11/1/2018,90
11/2/2018,90.72
11/5/2018,91.26
11/6/2018,91.44
11/7/2018,91.71
11/8/2018,91.15
11/9/2018,91.12
11/12/2018,91.12
11/13/2018,90.94
11/14/2018,91.01
11/15/2018,90.79
11/16/2018,90.66
11/19/2018,90.59
11/20/2018,89.15
11/21/2018,89.28
11/22/2018,89.28
11/23/2018,89.11
11/26/2018,89.12
11/27/2018,88.3
11/28/2018,88.56
11/29/2018,89.64
11/30/2018,89.31
12/3/2018,89.95
12/4/2018,89.74
12/5/2018,89.74
12/6/2018,89.61
12/7/2018,90.27
12/10/2018,90.28
12/11/2018,90.52
12/12/2018,90.78
12/13/2018,91.07
12/14/2018,91.07
12/17/2018,91.47
12/18/2018,91.74
12/19/2018,93.16
12/20/2018,93.88
12/21/2018,93.57
12/24/2018,93.56
12/26/2018,93.57
12/27/2018,93.62
12/28/2018,93.56
12/31/2018,93.63
1/2/2019,93.18
1/3/2019,92.79
1/4/2019,93.24
1/7/2019,93.33
1/8/2019,92.22
1/9/2019,92.28
1/10/2019,92.25
1/11/2019,92.04
1/14/2019,91.42
1/15/2019,92.03
1/16/2019,92.79
1/17/2019,93.2
1/18/2019,94.33
1/21/2019,94.33
1/22/2019,94.02
1/23/2019,94.87
1/24/2019,95.52
1/25/2019,95.27
1/28/2019,94.34
1/29/2019,94.57
1/30/2019,95.07
1/31/2019,96.67
2/1/2019,96.13
2/4/2019,95.83
2/5/2019,96.89
2/6/2019,96.39
2/7/2019,95.72
2/8/2019,95.42
2/11/2019,94.9
2/12/2019,95.45
2/13/2019,95.61
2/14/2019,95.33
2/15/2019,95.39
2/18/2019,95.39
2/19/2019,95.23
2/20/2019,95.03
2/21/2019,94.91
2/22/2019,94.75
2/25/2019,95.24
2/26/2019,95.47
2/27/2019,95.74
2/28/2019,95.81
3/1/2019,95.09
3/4/2019,94.92
3/5/2019,94.72
3/6/2019,94.76
3/7/2019,94.39
3/8/2019,94.07
3/11/2019,94.22
3/12/2019,94.91
3/13/2019,95.13
3/14/2019,95.15
3/15/2019,95.33
3/18/2019,95.5
3/19/2019,95.32
3/20/2019,94.87
3/21/2019,94.45
3/22/2019,92.55
3/25/2019,91.88
3/26/2019,91.86
3/27/2019,90.4
3/28/2019,90.81
3/29/2019,91.91
3/31/2019,92.03
4/1/2019,93.21
4/2/2019,92.59
4/3/2019,92.69
4/4/2019,93.51
4/5/2019,93.46
4/8/2019,92.66
4/9/2019,92.48
4/10/2019,92.45
4/11/2019,91.41
4/12/2019,90.5
4/15/2019,90.01
4/16/2019,90.45
4/17/2019,91.51
4/18/2019,90.85
4/22/2019,90.85
4/23/2019,90.89
4/24/2019,91.17
4/25/2019,90.19
4/26/2019,90.29
4/29/2019,90.69
4/30/2019,91.1
5/1/2019,91.93
5/2/2019,91.9
5/3/2019,91.8
5/6/2019,91.67
5/7/2019,90.97
5/8/2019,90.28
5/9/2019,89.36
5/10/2019,89.63
5/13/2019,89.22
5/14/2019,90.14
5/15/2019,90.22
5/16/2019,90.66
5/17/2019,90.83
5/20/2019,91.04
5/21/2019,90.98
5/22/2019,90.79
5/23/2019,89.57
5/24/2019,89.33
5/27/2019,89.33
5/28/2019,89.5
5/29/2019,89.64
5/30/2019,90.56
5/31/2019,90.76
6/3/2019,90.89
6/4/2019,91.09
6/5/2019,91.8
6/6/2019,91.76
6/7/2019,91.76
6/10/2019,92.19
6/11/2019,92
6/12/2019,92.12
6/13/2019,91.92
6/14/2019,91.36
6/17/2019,91.17
6/18/2019,92.02
6/19/2019,92.23
6/20/2019,93.74
6/21/2019,93.05
6/24/2019,93.82
6/25/2019,94.79
6/26/2019,94.73
6/27/2019,95.45
6/28/2019,95.53
6/30/2019,95.29
7/1/2019,96.7
7/2/2019,96.48
7/3/2019,96.41
7/4/2019,96.41
7/5/2019,96.16
7/8/2019,94.65
7/9/2019,94.57
7/10/2019,94.45
7/11/2019,94.09
7/12/2019,93.01
7/15/2019,93.93
7/16/2019,94.4
7/17/2019,95.17
7/18/2019,95.12
7/19/2019,95.83
7/22/2019,95.74
7/23/2019,96.16
7/24/2019,96.61
7/25/2019,97.08
7/26/2019,97.33
7/29/2019,97.24
7/30/2019,97.2
7/31/2019,97.06
8/1/2019,96.59
8/2/2019,96.59
8/5/2019,96.1
8/6/2019,95.85
8/7/2019,96.67
8/8/2019,96.97
8/9/2019,97.17
8/12/2019,95.97
8/13/2019,96.02
8/14/2019,95.59
8/15/2019,95.25
8/16/2019,95.88
8/19/2019,95.96
8/20/2019,95.22
8/21/2019,95.23
8/22/2019,94.94
8/23/2019,95
8/26/2019,95.05
8/27/2019,95.04
8/28/2019,95.17
8/29/2019,94.98
8/30/2019,95.31
8/31/2019,95.31
9/2/2019,95.31
9/3/2019,96.23
9/4/2019,97.05
9/5/2019,97.09
9/6/2019,96.73
9/9/2019,96.25
9/10/2019,95.49
9/11/2019,95.24
9/12/2019,96.61
9/13/2019,95.99
9/16/2019,95.97
9/17/2019,96.07
9/18/2019,96.51
9/19/2019,96.65
9/20/2019,97
9/23/2019,97.28
9/24/2019,97.54
9/25/2019,97.58
9/26/2019,97.98
9/27/2019,98.5
9/30/2019,98.45
10/1/2019,98.17
10/2/2019,97.77
10/3/2019,98.22
10/4/2019,98.71
10/7/2019,98.4
10/8/2019,97.63
10/9/2019,97.21
10/10/2019,96.17
10/11/2019,96.55
10/14/2019,96.55
10/15/2019,96
10/16/2019,95.63
10/17/2019,96.06
10/18/2019,97.03
10/21/2019,96.27
10/22/2019,96.44
10/23/2019,97.45
10/24/2019,98.25
10/25/2019,99.07
10/28/2019,99.17
10/29/2019,98.85
10/30/2019,98.6
10/31/2019,98.67
11/1/2019,98.76
11/4/2019,98.96
11/5/2019,98.77
11/6/2019,98.91
11/7/2019,99.52
11/8/2019,99.54
11/11/2019,99.54
11/12/2019,99.62
11/13/2019,99.79
11/14/2019,100.4
11/15/2019,100.75
11/18/2019,101.06
11/19/2019,100.72
11/20/2019,100.49
11/21/2019,100.45
11/22/2019,100.46
11/25/2019,100.1
11/26/2019,99.99
11/27/2019,99.44
11/28/2019,99.44
11/29/2019,99.33
11/30/2019,99.37
12/2/2019,99.32
12/3/2019,99.19
12/4/2019,99.65
12/5/2019,100.01
12/6/2019,100.02
12/9/2019,99.96
12/10/2019,100.04
12/11/2019,100.05
12/12/2019,100.35
12/13/2019,100.71
12/16/2019,100.7
12/17/2019,101
12/18/2019,101.02
12/19/2019,100.91
12/20/2019,100.98
12/23/2019,101.01
12/24/2019,101.09
12/26/2019,101.09
12/27/2019,101.2
12/30/2019,101.18
12/31/2019,101.23
1/2/2020,101.76
1/3/2020,101.46
1/6/2020,101.31
1/7/2020,101.6
1/8/2020,101.84
1/9/2020,102.04
1/10/2020,102.21
1/13/2020,102.44
1/14/2020,102.99
1/15/2020,103.97
1/16/2020,103.98
1/17/2020,103.88
1/20/2020,103.88
1/21/2020,103.9
1/22/2020,104.66
1/23/2020,104.94
1/24/2020,105.28
1/27/2020,105.17
1/28/2020,105.7
1/29/2020,105.95
1/30/2020,106.02
1/31/2020,106.24
2/3/2020,106.16
2/4/2020,105.83
2/5/2020,105.88
2/6/2020,106.01
2/7/2020,104.88
2/10/2020,103.46
2/11/2020,104.26
2/12/2020,104.28
2/13/2020,104.08
2/14/2020,104.29
2/17/2020,104.29
2/18/2020,104.51
2/19/2020,104.11
2/20/2020,103.07
2/21/2020,103.49
2/24/2020,102.8
2/25/2020,102.61
2/26/2020,102.44
2/27/2020,101.17
2/28/2020,98.71
2/29/2020,98.3
3/2/2020,99.56
3/3/2020,101.71
3/4/2020,103.14
3/5/2020,102.73
3/6/2020,101.07
3/9/2020,98.76
3/10/2020,100.26
3/11/2020,98.8
3/12/2020,94.8
3/13/2020,95.19
3/16/2020,91.46
3/17/2020,90.46
3/18/2020,86.75
3/19/2020,85.62
3/20/2020,87.49
3/23/2020,86.37
3/24/2020,87.27
3/25/2020,91.28
3/26/2020,91.92
3/27/2020,91.02
3/30/2020,89.02
3/31/2020,89.14
4/1/2020,86.96
4/2/2020,86.18
4/3/2020,84.32
4/6/2020,83.6
4/7/2020,85.85
4/8/2020,86.41
4/9/2020,89.96
4/13/2020,89.96
4/14/2020,89.78
4/15/2020,88.29
4/16/2020,87.73
4/17/2020,87.71
4/20/2020,89.23
4/21/2020,89.11
4/22/2020,89.16
4/23/2020,89.26
4/24/2020,90.33
4/27/2020,91.4
4/28/2020,91.31
4/29/2020,91.39
4/30/2020,91.49
5/1/2020,90.96
5/4/2020,90.6
5/5/2020,91.23
5/6/2020,90.06
5/7/2020,89.48
5/8/2020,89.55
5/11/2020,90.36
5/12/2020,91.45
5/13/2020,91.46
5/14/2020,90.27
5/15/2020,90.87
5/18/2020,91.82
5/19/2020,92.3
5/20/2020,94.16
5/21/2020,94.79
5/22/2020,94.1
5/25/2020,94.1
5/26/2020,94.43
5/27/2020,94.1
5/28/2020,93.72
5/29/2020,93.37
5/31/2020,93.37
6/1/2020,94.21
6/2/2020,95.19
6/3/2020,97.03
6/4/2020,97.09
6/5/2020,97.9
6/8/2020,98.31
6/9/2020,97.63
6/10/2020,97.65
6/11/2020,96.26
6/12/2020,96.4
6/15/2020,95.81
6/16/2020,97.12
6/17/2020,97.43
6/18/2020,97.32
6/19/2020,97.39
6/22/2020,97.09
6/23/2020,96.97
6/24/2020,96.39
6/25/2020,96.01
6/26/2020,96.58
6/29/2020,96.35
6/30/2020,96.25
7/1/2020,96.54
7/2/2020,97.18
7/3/2020,97.18
7/6/2020,97
7/7/2020,96.53
7/8/2020,96.1
7/9/2020,96.04
7/10/2020,95.34
7/13/2020,95.5
7/14/2020,95.25
7/15/2020,95.55
7/16/2020,95.58
7/17/2020,95.65
7/20/2020,95.8
7/21/2020,96.65
7/22/2020,97.09
7/23/2020,97.77
7/24/2020,97.22
7/27/2020,97.32
7/28/2020,95.36
7/29/2020,94.51
7/30/2020,92.47
7/31/2020,93.03
8/3/2020,93.96
8/4/2020,92.77
8/5/2020,92.23
8/6/2020,90.92
8/7/2020,91.83
8/10/2020,92.76
8/11/2020,94.21
8/12/2020,94.6
8/13/2020,94.74
8/14/2020,93.94
8/17/2020,93.43
8/18/2020,93.36
8/19/2020,94.63
8/20/2020,94.26
8/21/2020,94.89
8/24/2020,95.08
8/25/2020,95.05
8/26/2020,95.03
8/27/2020,95.43
8/28/2020,95.58
8/31/2020,95.66
9/1/2020,96.02
9/2/2020,97.1
9/3/2020,96.46
9/4/2020,96.21
9/7/2020,96.21
9/8/2020,95.8
9/9/2020,96.04
9/10/2020,96.42
9/11/2020,96.41
9/14/2020,95.83
9/15/2020,96.09
9/16/2020,96.09
9/17/2020,95.45
9/18/2020,95.1
9/21/2020,93.6
9/22/2020,93.31
9/23/2020,93.23
9/24/2020,93.22
9/25/2020,94.44
9/28/2020,93.88
9/29/2020,93.71
9/30/2020,94.3
10/1/2020,95.02
10/2/2020,94.95
10/5/2020,95.66
10/6/2020,95.82
10/7/2020,94.97
10/8/2020,94.09
10/9/2020,95.05
10/12/2020,95.05
10/13/2020,95.29
10/14/2020,94.87
10/15/2020,94.49
10/16/2020,94.75
10/19/2020,95.23
10/20/2020,95.29
10/21/2020,95.82
10/22/2020,94.86
10/23/2020,94.87
10/26/2020,93.96
10/27/2020,94.11
10/28/2020,93.19
10/29/2020,93.18
10/30/2020,92.98
10/31/2020,93.17
11/2/2020,92.72
11/3/2020,92.58
11/4/2020,93.41
11/5/2020,95.11
11/6/2020,94.47
11/9/2020,97.66
11/10/2020,97.48
11/11/2020,97.48
11/12/2020,100.63
11/13/2020,100.96
11/16/2020,101.19
11/17/2020,100.45
11/18/2020,101.24
11/19/2020,102.13
11/20/2020,101.74
11/23/2020,101.19
11/24/2020,101.05
11/25/2020,100.78
11/26/2020,100.78
11/27/2020,101.47
11/30/2020,101.44
12/1/2020,101.53
12/2/2020,101.83
12/3/2020,102.35
12/4/2020,102.74
12/7/2020,102.52
12/8/2020,102.17
12/9/2020,101.98
12/10/2020,101.69
12/11/2020,101.6
12/14/2020,101.68
12/15/2020,102.42
12/16/2020,103.17
12/17/2020,103.68
12/18/2020,104.14
12/21/2020,103.62
12/22/2020,103.75
12/23/2020,103.8
12/24/2020,103.92
12/28/2020,103.94
12/29/2020,104.68
12/30/2020,104.93
12/31/2020,104.94
1/4/2021,105.19
1/5/2021,104.61
1/6/2021,104.24
1/7/2021,104.43
1/8/2021,104.35
1/11/2021,103.71
1/12/2021,102.87
1/13/2021,103.47
1/14/2021,103.46
1/15/2021,102.74
1/18/2021,102.74
1/19/2021,102.82
1/20/2021,102.89
1/21/2021,103.41
1/22/2021,103.21
1/25/2021,103.25
1/26/2021,103.46
1/27/2021,103.35
1/28/2021,103.65
1/29/2021,104.14
1/31/2021,104.02
2/1/2021,104.36
2/2/2021,104.46
2/3/2021,104.48
2/4/2021,104.61
2/5/2021,105.1
2/8/2021,104.84
2/9/2021,104.82
2/10/2021,104.77
2/11/2021,104.83
2/12/2021,104.98
2/15/2021,104.98
2/16/2021,104.48
2/17/2021,104.14
2/18/2021,104.46
2/19/2021,104.42
2/22/2021,103.76
2/23/2021,103.5
2/24/2021,103.1
2/25/2021,102.83
2/26/2021,101.89
2/28/2021,101.88
3/1/2021,102.73
3/2/2021,102.71
3/3/2021,102.08
3/4/2021,101.25
3/5/2021,100.49
3/8/2021,99.53
3/9/2021,100.09
3/10/2021,100.67
3/11/2021,101.83
3/12/2021,101.05
3/15/2021,101.51
3/16/2021,102.09
3/17/2021,101.22
3/18/2021,101.65
3/19/2021,101.78
3/22/2021,94.14
3/23/2021,93.52
3/24/2021,94.69
3/25/2021,95.01
3/26/2021,94.78
3/29/2021,94.43
3/30/2021,93.72
3/31/2021,94.69
4/1/2021,96
4/5/2021,96.05
4/6/2021,96.92
4/7/2021,96.78
4/8/2021,96.65
4/9/2021,96.65
4/12/2021,96.72
4/13/2021,96.8
4/14/2021,97.41
4/15/2021,98.21
4/16/2021,98.64
4/19/2021,98.94
4/20/2021,98.45
4/21/2021,98.32
4/22/2021,97.84
4/23/2021,97.3
4/26/2021,97.02
4/27/2021,97.47
4/28/2021,97.26
4/29/2021,97.44
4/30/2021,97.57
5/3/2021,97.61
5/4/2021,97.76
5/5/2021,98.25
5/6/2021,98.66
5/7/2021,99.28
5/10/2021,99.54
5/11/2021,99.26
5/12/2021,98.67
5/13/2021,98.2
5/14/2021,98.69
5/17/2021,99.25
5/18/2021,99.3
5/19/2021,98.92
5/20/2021,99.11
5/21/2021,99.25
5/24/2021,99.27
5/25/2021,99.31
5/26/2021,99.31
5/27/2021,99.35
5/28/2021,98.89
5/31/2021,98.89
6/1/2021,98.96
6/2/2021,98.99
6/3/2021,98.84
6/4/2021,98.81
6/7/2021,99.12
6/8/2021,99.54
6/9/2021,100.45
6/10/2021,100.78
6/11/2021,101.24
6/14/2021,100.88
6/15/2021,100.28
6/16/2021,100.33
6/17/2021,99.92
6/18/2021,100.18
6/21/2021,100.04
6/22/2021,100.12
6/23/2021,100.33
6/24/2021,100.35
6/25/2021,100.31
6/28/2021,100.3
6/29/2021,100.17
6/30/2021,100.12
7/1/2021,99.88
7/2/2021,99.79
7/5/2021,99.79
7/6/2021,99.68
7/7/2021,99.75
7/8/2021,99.71
7/9/2021,99.87
7/12/2021,99.98
7/13/2021,100.07
7/14/2021,100.25
7/15/2021,100.75
7/16/2021,100.85
7/19/2021,100.6
7/20/2021,100.56
7/21/2021,100.55
7/22/2021,100.5
7/23/2021,100.47
7/26/2021,100.48
7/27/2021,100.52
7/28/2021,100.49
7/29/2021,100.69
7/30/2021,100.72
7/31/2021,100.72
8/2/2021,101.07
8/3/2021,101
8/4/2021,100.78
8/5/2021,100.53
8/6/2021,100.12
8/9/2021,99.81
8/10/2021,99.8
8/11/2021,99.58
8/12/2021,100.08
8/13/2021,100.5
8/16/2021,100.78
8/17/2021,100.82
8/18/2021,100.67
8/19/2021,100.47
8/20/2021,100.51
8/23/2021,100.57
8/24/2021,101.01
8/25/2021,101.24
8/26/2021,101.27
8/27/2021,101.42
8/30/2021,101.39
8/31/2021,101.87
9/1/2021,101.64
9/2/2021,101.54
9/3/2021,101.44
9/6/2021,101.44
9/7/2021,101.42
9/8/2021,101.26
9/9/2021,101.2
9/10/2021,101.37
9/13/2021,100.98
9/14/2021,100.94
9/15/2021,100.72
9/16/2021,100.09
9/17/2021,99.63
9/20/2021,99.25
9/21/2021,99.81
9/22/2021,99.51
9/23/2021,98.59
9/24/2021,97.77
9/27/2021,97.32
9/28/2021,96.91
9/29/2021,97.7
9/30/2021,97.58
10/1/2021,97.29
10/4/2021,97.49
10/5/2021,97.43
10/6/2021,97.32
10/7/2021,97.74
10/8/2021,97.17
10/11/2021,97.17
10/12/2021,96.94
10/13/2021,97.15
10/14/2021,96.75
10/15/2021,96.67
10/18/2021,96.18
10/19/2021,96.37
10/20/2021,96.55
10/21/2021,95.86
10/22/2021,95.63
10/25/2021,95.72
10/26/2021,96.76
10/27/2021,97.15
10/28/2021,97.05
10/29/2021,96.8
10/31/2021,96.8
11/1/2021,97.07
11/2/2021,97.66
11/3/2021,98.02
11/4/2021,98.76
11/5/2021,99.46
11/8/2021,99.74
11/9/2021,99.56
11/10/2021,99.03
11/11/2021,99.03
11/12/2021,98.59
11/15/2021,98.64
11/16/2021,98.14
11/17/2021,97.58
11/18/2021,96.47
11/19/2021,96.77
11/22/2021,97.03
11/23/2021,95.02
11/24/2021,95.49
11/25/2021,95.49
11/26/2021,94.73
11/29/2021,94.33
11/30/2021,94.21
12/1/2021,93.62
12/2/2021,93.21
12/3/2021,93.16
12/6/2021,93.14
12/7/2021,94.87
12/8/2021,95.58
12/9/2021,95.38
12/10/2021,94.74
12/13/2021,94.02
12/14/2021,93.83
12/15/2021,93.72
12/16/2021,93.65
12/17/2021,92.14
12/20/2021,89.37
12/21/2021,90.6
12/22/2021,90.82
12/23/2021,92.65
12/27/2021,92.54
12/28/2021,92.62
12/29/2021,92.91
12/30/2021,92.93
12/31/2021,93.03
1/3/2022,92.88
1/4/2022,93.13
1/5/2022,92.96
1/6/2022,92.12
1/7/2022,91.63
1/10/2022,90.95
1/11/2022,91.11
1/12/2022,91.98
1/13/2022,92.82
1/14/2022,92.45
1/17/2022,92.45
1/18/2022,91.77
1/19/2022,91.99
1/20/2022,92.92
1/21/2022,93.26
1/24/2022,92.89
1/25/2022,92.58
1/26/2022,92.99
1/27/2022,92.93
1/28/2022,92.5
1/31/2022,92.49
2/1/2022,92.47
2/2/2022,92.81
2/3/2022,92.49
2/4/2022,91.9
2/7/2022,91.75
2/8/2022,91.69
2/9/2022,92.43
2/10/2022,92.93
2/11/2022,92.88
2/14/2022,92.41
2/15/2022,92.29
2/16/2022,92.3
2/17/2022,92.09
2/18/2022,92.07
2/21/2022,92.07
2/22/2022,91.73
2/23/2022,91.04
2/24/2022,88.69
2/25/2022,90.3
2/28/2022,90.11
3/1/2022,90.51
3/2/2022,89.91
3/3/2022,89.09
3/4/2022,87.4
3/7/2022,85.4
3/8/2022,85.73
3/9/2022,87.08
3/10/2022,87.01
3/11/2022,87.57
3/14/2022,87.63
3/15/2022,88.75
3/16/2022,90.56
3/17/2022,89.89
3/18/2022,89.48
3/21/2022,89.54
3/22/2022,89.08
3/23/2022,89.23
3/24/2022,88.96
3/25/2022,89.15
3/28/2022,89.38
3/29/2022,90.65
3/30/2022,90.66
3/31/2022,90.81
4/1/2022,90.41
4/4/2022,90.39
4/5/2022,90.04
4/6/2022,88.94
4/7/2022,89.02
4/8/2022,88.83
4/11/2022,88.43
4/12/2022,88.48
4/13/2022,89.1
4/14/2022,89.25
4/18/2022,89.25
4/19/2022,88.76
4/20/2022,89.63
4/21/2022,89.72
4/22/2022,89.42
4/25/2022,89.17
4/26/2022,89.51
4/27/2022,89.28
4/28/2022,89.26
4/29/2022,88.83
4/30/2022,88.83
5/2/2022,88.63
5/3/2022,87.93
5/4/2022,88.02
5/5/2022,88.02
5/6/2022,86.81
5/9/2022,85.78
5/10/2022,85.44
5/11/2022,85.87
5/12/2022,85.31
5/13/2022,84.71
5/16/2022,84.33
5/17/2022,85.11
5/18/2022,85.04
5/19/2022,84.42
5/20/2022,84.98
5/23/2022,85.91
5/24/2022,85.1
5/25/2022,85.08
5/26/2022,85.52
5/27/2022,86.04
5/30/2022,86.04
5/31/2022,86.03
6/1/2022,85.92
6/2/2022,86.09
6/3/2022,86.16
6/6/2022,85.95
6/7/2022,84.83
6/8/2022,83.02
6/9/2022,82.17
6/10/2022,80.51
6/13/2022,78.54
6/14/2022,79.61
6/15/2022,80.92
6/16/2022,80.31
6/17/2022,80.83
6/20/2022,80.83
6/21/2022,81.58
6/22/2022,81.95
6/23/2022,82.58
6/24/2022,82.95
6/27/2022,83.59
6/28/2022,82.31
6/29/2022,80.56
6/30/2022,79.77
7/1/2022,80.37
7/4/2022,80.37
7/5/2022,79.96
7/6/2022,79.69
7/7/2022,79.26
7/8/2022,78.95
7/11/2022,78.24
7/12/2022,77.45
7/13/2022,77.08
7/14/2022,76.63
7/15/2022,76.72
7/18/2022,78.14
7/19/2022,78.55
7/20/2022,79.66
7/21/2022,79.97
7/22/2022,79.74
7/25/2022,79.38
7/26/2022,78.26
7/27/2022,77.95
7/28/2022,79.2
7/29/2022,80.88
7/31/2022,80.88
8/1/2022,82.24
8/2/2022,82.3
8/3/2022,82.39
8/4/2022,83.82
8/5/2022,84.02
8/8/2022,84.66
8/9/2022,84.81
8/10/2022,85.25
8/11/2022,86.32
8/12/2022,85.89
8/15/2022,85.31
8/16/2022,84.05
8/17/2022,83.29
8/18/2022,82.04
8/19/2022,81.12
8/22/2022,80.51
8/23/2022,81.34
8/24/2022,82.55
8/25/2022,82.98
8/26/2022,83.07
8/29/2022,82.85
8/30/2022,81.92
8/31/2022,81.65
9/1/2022,80.97
9/2/2022,81.9
9/5/2022,81.9
9/6/2022,81.94
9/7/2022,82
9/8/2022,82.69
9/9/2022,83.94
9/12/2022,84.72
9/13/2022,83.3
9/14/2022,82.95
9/15/2022,82.76
9/16/2022,81.78
9/19/2022,81.82
9/20/2022,81.6
9/21/2022,82.15
9/22/2022,81.59
9/23/2022,80.78
9/26/2022,80.12
9/27/2022,80.34
9/28/2022,79.68
9/29/2022,80.13
9/30/2022,80.88
10/3/2022,80.84
10/4/2022,81.82
10/5/2022,80.97
10/6/2022,80.84
10/7/2022,80.25
10/10/2022,80.25
10/11/2022,80.15
10/12/2022,80.4
10/13/2022,79.72
10/14/2022,80.12
10/17/2022,80.37
10/18/2022,81.01
10/19/2022,80.86
10/20/2022,80.59
10/21/2022,80.34
10/24/2022,81.06
10/25/2022,82.23
10/26/2022,82.92
10/27/2022,83.23
10/28/2022,83.2
10/31/2022,83.4
11/1/2022,83.87
11/2/2022,84.09
11/3/2022,83.73
11/4/2022,84.59
11/7/2022,84.86
11/8/2022,85.1
11/9/2022,85.31
11/10/2022,86.74
11/11/2022,86.74
11/14/2022,86.7
11/15/2022,87.06
11/16/2022,86.88
11/17/2022,85.66
11/18/2022,85.65
11/21/2022,85.44
11/22/2022,86.21
11/23/2022,86.95
11/24/2022,86.95
11/25/2022,87.99
11/28/2022,88.04
11/29/2022,88.15
11/30/2022,88.77
12/1/2022,89.46
12/2/2022,89.8
12/5/2022,89.96
12/6/2022,89.46
12/7/2022,89.21
12/8/2022,89.49
12/9/2022,89.76
12/12/2022,89.75
12/13/2022,90.49
12/14/2022,90.07
12/15/2022,89.78
12/16/2022,89.33
12/19/2022,89.15
12/20/2022,88.75
12/21/2022,89.08
12/22/2022,89.26
12/23/2022,89.16
12/27/2022,89.11
12/28/2022,88.93
12/29/2022,88.75
12/30/2022,88.76
12/31/2022,88.82
1/3/2023,89.17
1/4/2023,89.41
1/5/2023,88.8
1/6/2023,88.88
1/9/2023,89.27
1/10/2023,88.34
1/11/2023,88.19
1/12/2023,88.15
1/13/2023,88.25
1/16/2023,88.25
1/17/2023,87.84
1/18/2023,88.41
1/19/2023,87.94
1/20/2023,87.73
1/23/2023,87.98
1/24/2023,88.17
1/25/2023,88.17
1/26/2023,88.13
1/27/2023,88
1/30/2023,87.83
1/31/2023,88.27
2/1/2023,88.91
2/2/2023,90.06
2/3/2023,89.15
2/6/2023,87.91
2/7/2023,87.86
2/8/2023,87.76
2/9/2023,87.87
2/10/2023,87.41
2/13/2023,86.82
2/14/2023,86.86
2/15/2023,86.66
2/16/2023,86.67
2/17/2023,86.34
2/20/2023,86.34
2/21/2023,85.78
2/22/2023,85.93
2/23/2023,86.93
2/24/2023,86.41
2/27/2023,86.92
2/28/2023,87.2
3/1/2023,87.59
3/2/2023,87.23
3/3/2023,87.38
3/6/2023,88.64
3/7/2023,88.81
3/8/2023,88.62
3/9/2023,88.54
3/10/2023,88.79
3/13/2023,89.27
3/14/2023,89.36
3/15/2023,88.98
3/16/2023,89.93
3/17/2023,90.16
3/20/2023,89.96
3/21/2023,90.4
3/22/2023,90.23
3/23/2023,91
3/24/2023,91.2
3/27/2023,91.13
3/28/2023,90.63
3/29/2023,90.74
3/30/2023,90.46
3/31/2023,90.37
4/3/2023,90.44
4/4/2023,90.4
4/5/2023,89.87
4/6/2023,89.7
4/10/2023,89.71
4/11/2023,89.66
4/12/2023,89.95
4/13/2023,90.25
4/14/2023,90.35
4/17/2023,90.04
4/18/2023,89.65
4/19/2023,89.02
4/20/2023,88.71
4/21/2023,88.54
4/24/2023,88.02
4/25/2023,88.59
4/26/2023,89
4/27/2023,89.53
4/28/2023,89.79
4/30/2023,90.12
5/1/2023,90.02
5/2/2023,89.71
5/3/2023,89.98
5/4/2023,90.1
5/5/2023,89.61
5/8/2023,89.59
5/9/2023,89.4
5/10/2023,90.3
5/11/2023,92.35
5/12/2023,92.08
5/15/2023,86.74
5/16/2023,85.19
5/17/2023,83.58
5/18/2023,83.52
5/19/2023,84.23
5/22/2023,82.9
5/23/2023,83.34
5/24/2023,84.42
5/25/2023,83.9
5/26/2023,84.19
5/29/2023,84.19
5/30/2023,86.07
5/31/2023,86.64
6/1/2023,87.06
6/2/2023,87.92
6/5/2023,89.91
6/6/2023,89.98
6/7/2023,89.91
6/8/2023,88.71
6/9/2023,89.3
6/12/2023,89.51
6/13/2023,89.92
6/14/2023,90.25
6/15/2023,90.3
6/16/2023,90.24
6/19/2023,90.24
6/20/2023,89.17
6/21/2023,89.37
6/22/2023,88.8
6/23/2023,88.95
6/26/2023,89.12
6/27/2023,89.52
6/28/2023,89.55
6/29/2023,89.4
6/30/2023,89.38
7/3/2023,89.24
7/4/2023,89.24
7/5/2023,88.86
7/6/2023,87.88
7/7/2023,88.21
7/10/2023,88.47
7/11/2023,89.71
7/12/2023,90.59
7/13/2023,90.92
7/14/2023,90.98
7/17/2023,91.07
7/18/2023,91.43
7/19/2023,91.42
7/20/2023,91.64
7/21/2023,91.65
7/24/2023,91.69
7/25/2023,91.52
7/26/2023,91.53
7/27/2023,91.77
7/28/2023,92.78
7/31/2023,93.21
8/1/2023,92.27
8/2/2023,91.56
8/3/2023,91.74
8/4/2023,92.3
8/7/2023,92.25
8/8/2023,92.3
8/9/2023,92.26
8/10/2023,92.55
8/11/2023,92.23
8/14/2023,91.55
8/15/2023,91.04
8/16/2023,91.16
8/17/2023,90.86
8/18/2023,90.63
8/21/2023,90.68
8/22/2023,90.63
8/23/2023,91.11
8/24/2023,92.11
8/25/2023,91.96
8/28/2023,92.05
8/29/2023,92.62
8/30/2023,92.82
8/31/2023,92.02
9/1/2023,91.86
9/4/2023,91.86
9/5/2023,91.65
9/6/2023,91.25
9/7/2023,91.17
9/8/2023,91.59
9/11/2023,91.46
9/12/2023,91.23
9/13/2023,91.02
9/14/2023,90.97
9/15/2023,90.76
9/18/2023,90.38
9/19/2023,90.43
9/20/2023,91.33
9/21/2023,90.89
9/22/2023,91.14
9/25/2023,91.03
9/26/2023,90.79
9/27/2023,90.71
9/28/2023,89.77
9/29/2023,90.38
9/30/2023,90.38
10/2/2023,89.72
10/3/2023,88.87
10/4/2023,88.94
10/5/2023,89.26
10/6/2023,88.86
10/9/2023,88.86
10/10/2023,89.81
10/11/2023,90.1
10/12/2023,89.84
10/13/2023,89.6
10/16/2023,89.35
10/17/2023,88.99
10/18/2023,88.57
10/19/2023,88.14
10/20/2023,88.34
10/23/2023,88.5
10/24/2023,89.14
10/25/2023,88.97
10/26/2023,88.88
10/27/2023,89.05
10/30/2023,89.13
10/31/2023,89.47
11/1/2023,90.06
11/2/2023,91.12
11/3/2023,91.73
11/6/2023,91.36
11/7/2023,91.25
11/8/2023,91.29
11/9/2023,91.01
11/10/2023,90.48
11/13/2023,90.11
11/14/2023,91.39
11/15/2023,91.63
11/16/2023,92.12
11/17/2023,92.5
11/20/2023,92.61
11/21/2023,92.91
11/22/2023,92.64
11/23/2023,92.64
11/24/2023,92.68
11/27/2023,92.68
11/28/2023,92.53
11/29/2023,93.41
11/30/2023,93.12
12/1/2023,93.31
12/4/2023,93.58
12/5/2023,93.85
12/6/2023,94.09
12/7/2023,94.28
12/8/2023,94.22
12/11/2023,94.24
12/12/2023,94.53
12/13/2023,95.05
12/14/2023,97.26
12/15/2023,97.65
12/18/2023,97.63
12/19/2023,97.66
12/20/2023,97.72
12/21/2023,97.78
12/22/2023,97.8
12/26/2023,97.78
12/27/2023,97.97
12/28/2023,97.96
12/29/2023,97.82
12/31/2023,97.82
1/2/2024,97.25
1/3/2024,95.81
1/4/2024,95.67
1/5/2024,95.77
1/8/2024,95.48
1/9/2024,95.18
1/10/2024,95.53
1/11/2024,95.78
1/12/2024,96.04
1/15/2024,96.04
1/16/2024,95.37
1/17/2024,94.93
1/18/2024,95.17
1/19/2024,94.83
1/22/2024,94.64
1/23/2024,94.62
1/24/2024,95.13
1/25/2024,95.19
1/26/2024,95.25
1/29/2024,95.25
1/30/2024,95
1/31/2024,94.92
2/1/2024,95.18
2/2/2024,94.74
2/5/2024,94.63
2/6/2024,94.81
2/7/2024,95.2
2/8/2024,95.46
2/9/2024,95.68
2/12/2024,96.08
2/13/2024,95.44
2/14/2024,95.54
2/15/2024,95.95
2/16/2024,95.78
2/19/2024,95.78
2/20/2024,95.87
2/21/2024,95.86
2/22/2024,95.94
2/23/2024,96.14
2/26/2024,96.33
2/27/2024,95.94
2/28/2024,95.98
2/29/2024,95.96
3/1/2024,95.5
3/4/2024,94.89
3/5/2024,94.49
3/6/2024,95.1
3/7/2024,95.6
3/8/2024,95.6
3/11/2024,95.78
3/12/2024,95.82
3/13/2024,95.82
3/14/2024,95.42
3/15/2024,95.04
3/18/2024,94.86
3/19/2024,94.83
3/20/2024,95.01
3/21/2024,96.23
3/22/2024,96.44
3/25/2024,96.11
3/26/2024,96.09
3/27/2024,96.33
3/28/2024,96.6
3/31/2024,96.55
4/1/2024,96.53
4/2/2024,96.26
4/3/2024,96.46
4/4/2024,97.03
4/5/2024,96.82
4/8/2024,96.73
4/9/2024,96.96
4/10/2024,96.43
4/11/2024,95.79
4/12/2024,95.53
4/15/2024,95.09
4/16/2024,94.71
4/17/2024,95.19
4/18/2024,95.07
4/19/2024,95.16
4/22/2024,95.29
4/23/2024,95.52
4/24/2024,95.14
4/25/2024,95.04
4/26/2024,95.45
4/29/2024,96.05
4/30/2024,95.76
5/1/2024,95.43
5/2/2024,95.85
5/3/2024,96.42
5/6/2024,96.55
5/7/2024,96.91
5/8/2024,96.68
5/9/2024,96.67
5/10/2024,96.61
5/13/2024,96.74
5/14/2024,96.63
5/15/2024,96.95
5/16/2024,97.1
5/17/2024,96.88
5/20/2024,96.87
5/21/2024,96.93
5/22/2024,96.84
5/23/2024,96.61
5/24/2024,96.64
5/27/2024,96.64
5/28/2024,96.74
5/29/2024,96.36
5/30/2024,96.53
5/31/2024,96.62
6/3/2024,97.07
6/4/2024,96.99
6/5/2024,97.05
6/6/2024,97.19
6/7/2024,96.92
6/10/2024,96.75
6/11/2024,96.82
6/12/2024,97.63
6/13/2024,97.5
6/14/2024,97.08
6/17/2024,96.76
6/18/2024,97.08
6/19/2024,97.08
6/20/2024,97.01
6/21/2024,97.06
6/24/2024,97.19
6/25/2024,97.11
6/26/2024,96.98
6/27/2024,96.97
6/28/2024,96.88
6/30/2024,96.88
7/1/2024,96.51
7/2/2024,96.79
7/3/2024,97.58
7/4/2024,97.58
7/5/2024,97.98
7/8/2024,98
7/9/2024,97.81
7/10/2024,97.94
7/11/2024,98.32
7/12/2024,98.27
7/15/2024,98.26
7/16/2024,98.3
7/17/2024,98.21
7/18/2024,98.11
7/19/2024,97.94
7/22/2024,98.06
7/23/2024,98.19
7/24/2024,98.15
7/25/2024,97.98
7/26/2024,98.13
7/29/2024,98.21
7/30/2024,98.14
7/31/2024,98.23
8/1/2024,98.23
8/2/2024,98.17
8/5/2024,97.85
8/6/2024,97.82
8/7/2024,97.86
8/8/2024,98.02
8/9/2024,98.37
8/12/2024,98.48
8/13/2024,98.68
8/14/2024,98.96
8/15/2024,99.01
8/16/2024,99.23
8/19/2024,99.61
8/20/2024,99.74
8/21/2024,99.8
8/22/2024,99.71
8/23/2024,99.89
8/26/2024,99.88
8/27/2024,99.8
8/28/2024,99.78
8/29/2024,99.7
8/30/2024,99.4
8/31/2024,99.4
9/2/2024,99.4
9/3/2024,99.28
9/4/2024,99.22
9/5/2024,99.65
9/6/2024,99.84
9/9/2024,99.75
9/10/2024,99.73
9/11/2024,99.84
9/12/2024,100.13
9/13/2024,100.32
9/16/2024,100.64
9/17/2024,101.11
9/18/2024,101.03
9/19/2024,101.18
9/20/2024,101.24
9/23/2024,101.04
9/24/2024,101.1
9/25/2024,101.13
9/26/2024,101.15
9/27/2024,101.15
9/30/2024,101.22
10/1/2024,101.22
10/2/2024,100.97
10/3/2024,100.65
10/4/2024,100.25
10/7/2024,100.01
10/8/2024,99.89
10/9/2024,99.86
10/10/2024,99.71
10/11/2024,99.73
10/14/2024,99.73
10/15/2024,100.04
10/16/2024,100.12
10/17/2024,99.93
10/18/2024,99.73
10/21/2024,99.28
10/22/2024,98.79
10/23/2024,98.76
10/24/2024,98.92
10/25/2024,99
10/28/2024,98.84
10/29/2024,98.88
10/30/2024,99.18
10/31/2024,98.72
11/1/2024,98.59
11/4/2024,98.66
11/5/2024,98.51
11/6/2024,98.42
11/7/2024,99.1
11/8/2024,99.36
11/11/2024,99.36
11/12/2024,98.75
11/13/2024,98.73
11/14/2024,98.68
11/15/2024,98.51
11/18/2024,98.48
11/19/2024,98.66
11/20/2024,98.55
11/21/2024,98.57
11/22/2024,98.59
11/25/2024,98.93
11/26/2024,98.84
11/27/2024,99.03
11/28/2024,99.03
11/29/2024,99.24
11/30/2024,99.09
12/2/2024,99.11
12/3/2024,99.11
12/4/2024,99.19
12/5/2024,99.36
12/6/2024,99.61
12/9/2024,99.5
12/10/2024,99.37
12/11/2024,99.24
12/12/2024,99.08
12/13/2024,98.85
12/16/2024,98.75
12/17/2024,98.63
12/18/2024,98.52
12/19/2024,97.64
12/20/2024,97.51
12/23/2024,97.44
12/24/2024,97.32
12/26/2024,97.28
12/27/2024,97.28
12/30/2024,97.21
12/31/2024,97.18
1/2/2025,97.18
1/3/2025,97.27
1/6/2025,97.17
1/7/2025,96.9
1/8/2025,96.67
1/9/2025,96.84
1/10/2025,96.37
1/13/2025,95.89
1/14/2025,95.97
1/15/2025,96.48
1/16/2025,96.47
1/17/2025,96.46
1/20/2025,96.46
1/21/2025,96.62
1/22/2025,97.01
1/23/2025,96.99
1/24/2025,97.27
1/27/2025,97.43
1/28/2025,97.47
1/29/2025,97.65
1/30/2025,97.83
1/31/2025,97.86
2/3/2025,97.64
2/4/2025,97.87
2/5/2025,98.22
2/6/2025,98.13
2/7/2025,97.83
2/10/2025,97.84
2/11/2025,97.7
2/12/2025,97.48
2/13/2025,97.66
2/14/2025,97.97
2/17/2025,97.97
2/18/2025,97.93
2/19/2025,97.71
2/20/2025,97.76
2/21/2025,97.73
2/24/2025,97.81
2/25/2025,98.05
2/26/2025,98.12
2/27/2025,98.12
2/28/2025,98.27
3/3/2025,98.45
3/4/2025,98.49
3/5/2025,98.36
3/6/2025,97.92
3/7/2025,98.03
3/10/2025,98.08
3/11/2025,98.15
3/12/2025,98.18
3/13/2025,98.07
3/14/2025,98.07
3/17/2025,98.2
3/18/2025,98.39
3/19/2025,97.67
3/20/2025,97.93
3/21/2025,96.19
3/24/2025,96.49
3/25/2025,97.1
3/26/2025,97.04
3/27/2025,96.47
3/28/2025,96.44
3/31/2025,96.57
4/1/2025,96.85
4/2/2025,97.15
4/3/2025,97.18
4/4/2025,96.71
4/7/2025,95.6
4/8/2025,95.83
4/9/2025,94.63
4/10/2025,95.85
4/11/2025,94.95
4/14/2025,95.5
4/15/2025,95.9
4/16/2025,95.98
4/17/2025,96.23
4/21/2025,96.22
4/22/2025,95.98
4/23/2025,96.34
4/24/2025,96.21
4/25/2025,96.03
4/28/2025,95.63
4/29/2025,95.65
4/30/2025,95.52
5/1/2025,95.65
5/2/2025,95.77
5/5/2025,95.74
5/6/2025,95.89
5/7/2025,96.3
5/8/2025,96.4
5/9/2025,96.32
5/12/2025,96.69
5/13/2025,96.64
5/14/2025,96.64
5/15/2025,96.61
5/16/2025,96.82
5/19/2025,96.72
5/20/2025,96.85
5/21/2025,96.65
5/22/2025,96.46
5/23/2025,96.46
5/26/2025,96.46
5/27/2025,96.48
5/28/2025,96.2
5/29/2025,96.05
5/30/2025,95.87
5/31/2025,95.87
6/2/2025,96.02
6/3/2025,96.42
6/4/2025,96.79
6/5/2025,96.73
6/6/2025,96.6
6/9/2025,96.73
6/10/2025,96.9
6/11/2025,97.09
6/12/2025,97.06
6/13/2025,96.64
6/16/2025,96.84
6/17/2025,96.98
6/18/2025,96.86
6/19/2025,96.86
6/20/2025,96.64
6/23/2025,96.77
6/24/2025,97.23
6/25/2025,96.94
6/26/2025,97.03
6/27/2025,97.03
6/30/2025,97.84
7/1/2025,98.31
7/2/2025,98.38
7/3/2025,98.69
7/4/2025,98.69
7/7/2025,97.92
7/8/2025,97.82
7/9/2025,98.01
7/10/2025,98.14
7/11/2025,97.82
7/14/2025,97.67
7/15/2025,97.52
7/16/2025,97.3
7/17/2025,97.36
7/18/2025,97.51
7/21/2025,97.84
7/22/2025,98.18
7/23/2025,98.35
7/24/2025,98.34
7/25/2025,98.25
7/28/2025,98.5
7/29/2025,98.6
7/30/2025,98.53
7/31/2025,98.64
8/1/2025,98.75
8/4/2025,99.16
8/5/2025,99.2
8/6/2025,99.13
8/7/2025,99.3
8/8/2025,99.43
8/11/2025,99.67
8/12/2025,99.79
8/13/2025,100.2
8/14/2025,100
8/15/2025,99.97
8/18/2025,100.03
8/19/2025,100.04
8/20/2025,99.86
8/21/2025,99.65
8/22/2025,100.02
8/25/2025,99.81
8/26/2025,99.95
8/27/2025,99.92
8/28/2025,100.06
8/29/2025,99.95
8/31/2025,99.95
9/1/2025,99.95
9/2/2025,99.52
9/3/2025,99.65
9/4/2025,99.83
9/5/2025,100.37
9/8/2025,100.16
9/9/2025,100.03
9/10/2025,100.12
9/11/2025,100.56
9/12/2025,100.43
9/15/2025,100.98
9/16/2025,101.25
9/17/2025,101.36
9/18/2025,101.18
9/19/2025,101.09
9/22/2025,101
9/23/2025,100.89
9/24/2025,100.79
9/25/2025,100.69
9/26/2025,100.63
9/29/2025,100.7
9/30/2025,100.76
10/1/2025,101
10/2/2025,101.11
10/3/2025,101.01
10/6/2025,100.87
10/7/2025,100.87
10/8/2025,100.96
10/9/2025,100.9
10/10/2025,100.74
10/13/2025,100.74
10/14/2025,100.56
10/15/2025,100.93
10/16/2025,100.98
10/17/2025,100.84
10/20/2025,101.07
10/21/2025,101.45
10/22/2025,101.44
10/23/2025,101.32
10/24/2025,101.86
10/27/2025,101.94
10/28/2025,101.9
10/29/2025,101.74
10/30/2025,101.65
10/31/2025,101.72
11/3/2025,101.71
11/4/2025,101.58
11/5/2025,101.49
11/6/2025,101.52
11/7/2025,101.42
11/10/2025,101.46
11/11/2025,101.46
11/12/2025,101.56
11/13/2025,101.72
11/14/2025,101.65
11/17/2025,101.72
11/18/2025,101.75
11/19/2025,101.72
11/20/2025,101.82
11/21/2025,101.81
11/24/2025,101.97
11/25/2025,102.22
11/26/2025,102.44
11/27/2025,102.44
11/28/2025,102.54
11/30/2025,102.48
12/1/2025,102.44
12/2/2025,102.63
12/3/2025,102.78
12/4/2025,102.74
12/5/2025,102.66
12/8/2025,102.34
12/9/2025,102.14
12/10/2025,102.17
12/11/2025,102.32
12/12/2025,102.4
12/15/2025,102.53
12/16/2025,102.56
12/17/2025,102.59
12/18/2025,102.71
12/19/2025,102.65
12/22/2025,102.58
12/23/2025,102.56
12/24/2025,102.66
12/26/2025,102.43
12/29/2025,102.67
12/30/2025,102.69
12/31/2025,102.69
1/2/2026,102.48
1/5/2026,102.55
1/6/2026,102.22
1/7/2026,102.15
1/8/2026,101.89
1/9/2026,101.79
1/12/2026,101.65
1/13/2026,101.55
1/14/2026,101.41
1/15/2026,101.6
1/16/2026,101.68
1/19/2026,101.68
1/20/2026,101.27
1/21/2026,101.51
1/22/2026,101.74
1/23/2026,101.69
1/26/2026,101.77
1/27/2026,101.73
1/28/2026,101.66
1/29/2026,101.52
1/30/2026,101.37
1/31/2026,101.27
2/2/2026,101.35
2/3/2026,101.43
2/4/2026,101.42
2/5/2026,101.49
2/6/2026,101.65
2/9/2026,101.82
2/10/2026,102.17
2/11/2026,102.06
2/12/2026,102.33
2/13/2026,102.32
2/16/2026,102.32
2/17/2026,102.54
2/18/2026,102.46
2/19/2026,102.1
2/20/2026,102.05
2/23/2026,102.09
2/24/2026,102.03
2/25/2026,102.04
2/26/2026,101.91
2/27/2026,101.57
2/28/2026,101.57
3/2/2026,100.95
3/3/2026,100.35
3/4/2026,100.98
3/5/2026,100.93
3/6/2026,100.23
3/9/2026,99.4
3/10/2026,100.28
3/11/2026,100
3/12/2026,99.33
3/13/2026,98.6
3/16/2026,98.32
3/17/2026,98.65
3/18/2026,98.46
3/19/2026,97.66
3/20/2026,97.15
3/23/2026,97.64
3/24/2026,97.52
3/25/2026,98.16
3/26/2026,97.51
3/27/2026,96.64
3/30/2026,96.4
3/31/2026,96.76
4/1/2026,97.86
4/2/2026,97.68
4/3/2026,97.55
4/6/2026,97.44
4/7/2026,97.65
4/8/2026,99.55
4/9/2026,99.75
4/10/2026,99.92
4/13/2026,99.76
4/14/2026,100.44
4/15/2026,100.2
4/16/2026,99.99
4/17/2026,100.55
4/20/2026,100.25
4/21/2026,100.03
4/22/2026,99.98
4/23/2026,99.74
4/24/2026,99.47
4/27/2026,99.32
4/28/2026,99.01
4/29/2026,98.7
4/30/2026,98.62
5/1/2026,98.81
5/4/2026,98.65
5/5/2026,98.66
5/6/2026,99.58
5/7/2026,99.7
5/8/2026,99.62
