Date,TIBR,TIBR1M,TIBR3M,TIBR6M
2018-01-03,7.36,,,
2018-01-04,7.42,,,
2018-01-05,7.42,,,
2018-01-08,7.4,,,
2018-01-09,7.13,,,
2018-01-10,7.0,,,
2018-01-11,7.18,,,
2018-01-12,7.3,,,
2018-01-15,7.39,,,
2018-01-16,7.51,,,
2018-01-17,7.5,,,
2018-01-18,7.34,,,
2018-01-22,7.35,,,
2018-01-23,7.4,,,
2018-01-24,7.36,,,
2018-01-25,7.37,,,
2018-01-26,7.38,,,
2018-01-29,7.37,,,
2018-01-30,7.29,,,
2018-01-31,7.32,,,
2018-02-01,7.19,,,
2018-02-02,7.27,,,
2018-02-05,7.26,,,
2018-02-06,7.24,,,
2018-02-07,7.26,,,
2018-02-08,7.3,,,
2018-02-09,7.31,,,
2018-02-12,7.29,,,
2018-02-13,7.3,,,
2018-02-14,7.3,,,
2018-02-15,7.3,,,
2018-02-16,7.32,,,
2018-02-19,7.35,,,
2018-02-20,7.43,,,
2018-02-21,7.38,,,
2018-02-22,7.31,,,
2018-02-23,7.34,,,
2018-02-26,7.3,,,
2018-02-27,7.32,,,
2018-02-28,7.29,,,
2018-03-01,7.29,,,
2018-03-02,7.3,,,
2018-03-05,7.3,,,
2018-03-06,7.3,,,
2018-03-07,7.3,,,
2018-03-09,7.3,,,
2018-03-12,7.39,,,
2018-03-13,7.34,,,
2018-03-14,7.3,,,
2018-03-15,7.34,,,
2018-03-16,7.26,,,
2018-03-19,7.3,,,
2018-03-20,7.3,,,
2018-03-21,7.29,,,
2018-03-22,7.3,,,
2018-03-23,7.3,,,
2018-03-26,7.3,,,
2018-03-27,7.25,,,
2018-03-28,7.28,,,
2018-03-29,7.28,,,
2018-03-30,7.28,,,
2018-04-02,7.28,,,
2018-04-03,7.28,,,
2018-04-04,7.28,,,
2018-04-05,7.3,,,
2018-04-10,7.29,,,
2018-04-11,7.25,,,
2018-04-12,7.25,,,
2018-04-13,7.25,,,
2018-04-16,7.27,,,
2018-04-17,7.35,,,
2018-04-18,7.36,,,
2018-04-19,7.38,,,
2018-04-20,7.38,,,
2018-04-23,7.35,,,
2018-04-24,7.34,,,
2018-04-25,7.31,,,
2018-04-26,7.31,,,
2018-04-27,7.3,,,
2018-04-30,7.3,,,
2018-05-01,7.31,,,
2018-05-02,7.32,,,
2018-05-04,7.33,,,
2018-05-07,7.33,,,
2018-05-08,7.33,,,
2018-05-10,7.31,,,
2018-05-11,7.31,,,
2018-05-14,7.31,,,
2018-05-15,7.33,,,
2018-05-16,7.33,,,
2018-05-18,7.32,,,
2018-05-21,7.29,,,
2018-05-22,7.27,,,
2018-05-23,7.26,,,
2018-05-24,7.24,,,
2018-05-25,7.29,,,
2018-05-28,7.26,,,
2018-05-29,7.26,,,
2018-05-30,7.25,,,
2018-05-31,7.28,,,
2018-06-01,7.3,,,
2018-06-04,7.29,,,
2018-06-05,7.31,,,
2018-06-06,7.32,,,
2018-06-07,7.32,,,
2018-06-08,7.32,,,
2018-06-11,7.32,,,
2018-06-12,7.32,,,
2018-06-13,7.31,,,
2018-06-14,7.34,,,
2018-06-15,7.35,,,
2018-06-18,7.33,,,
2018-06-19,7.34,,,
2018-06-20,7.34,,,
2018-06-21,7.31,,,
2018-06-22,7.3,,,
2018-06-25,7.32,,,
2018-06-26,7.31,,,
2018-06-27,7.31,,,
2018-06-28,7.31,,,
2018-06-29,7.31,,,
2018-07-02,7.29,,,
2018-07-03,7.27,,,
2018-07-04,7.26,,,
2018-07-05,7.27,,,
2018-07-06,7.27,,,
2018-07-09,7.27,,,
2018-07-10,7.27,,,
2018-07-11,7.27,,,
2018-07-12,7.27,,,
2018-07-13,7.27,,,
2018-07-16,7.3,,,
2018-07-17,7.28,,,
2018-07-18,7.3,,,
2018-07-19,7.3,,,
2018-07-20,7.29,,,
2018-07-23,7.3,,,
2018-07-24,7.3,,,
2018-07-25,7.3,,,
2018-07-26,7.12,,,
2018-07-27,7.1,,,
2018-07-30,7.12,,,
2018-07-31,7.13,,,
2018-08-01,7.11,,,
2018-08-02,7.1,,,
2018-08-03,7.1,,,
2018-08-06,7.11,,,
2018-08-07,7.02,,,
2018-08-08,7.03,,,
2018-08-09,7.08,,,
2018-08-10,7.09,,,
2018-08-13,7.1,,,
2018-08-14,7.1,,,
2018-08-15,7.1,,,
2018-08-16,7.12,,,
2018-08-17,7.12,,,
2018-08-20,7.07,,,
2018-08-21,7.02,,,
2018-08-22,7.0,,,
2018-08-23,7.1,,,
2018-08-24,7.1,,,
2018-08-27,7.1,,,
2018-08-29,7.1,,,
2018-08-30,7.09,,,
2018-08-31,7.04,,,
2018-09-03,7.05,,,
2018-09-04,7.0,,,
2018-09-05,6.99,,,
2018-09-06,7.08,,,
2018-09-07,7.06,,,
2018-09-10,7.08,,,
2018-09-11,7.07,,,
2018-09-12,7.06,,,
2018-09-13,7.0,,,
2018-09-14,7.04,,,
2018-09-17,7.0,,,
2018-09-18,7.03,,,
2018-09-19,7.0,,,
2018-09-20,7.1,,,
2018-09-21,7.1,,,
2018-09-24,7.07,,,
2018-09-25,7.06,,,
2018-09-26,7.05,,,
2018-09-27,7.08,,,
2018-09-28,7.06,,,
2018-10-01,7.05,,,
2018-10-02,7.0,,,
2018-10-03,7.04,,,
2018-10-04,7.03,,,
2018-10-05,7.1,,,
2018-10-08,7.1,,,
2018-10-09,7.1,,,
2018-10-10,7.05,,,
2018-10-11,7.05,,,
2018-10-12,7.0,,,
2018-10-15,7.0,,,
2018-10-16,7.0,,,
2018-10-17,7.0,,,
2018-10-18,7.0,,,
2018-10-19,7.06,,,
2018-10-22,7.04,,,
2018-10-23,7.03,,,
2018-10-24,7.02,,,
2018-10-25,7.07,,,
2018-10-26,7.07,,,
2018-10-29,7.07,,,
2018-10-30,7.06,,,
2018-10-31,7.06,,,
2018-11-01,7.06,,,
2018-11-02,7.08,,,
2018-11-05,7.07,,,
2018-11-06,7.06,,,
2018-11-07,7.06,,,
2018-11-08,7.05,,,
2018-11-09,7.05,,,
2018-11-12,6.98,,,
2018-11-13,6.98,,,
2018-11-14,7.0,,,
2018-11-15,6.99,,,
2018-11-16,7.09,,,
2018-11-19,7.1,,,
2018-11-20,7.1,,,
2018-11-21,7.1,,,
2018-11-22,7.02,,,
2018-11-26,7.07,,,
2018-11-27,7.06,,,
2018-11-29,7.08,,,
2018-11-30,7.07,,,
2018-12-03,7.08,,,
2018-12-04,7.07,,,
2018-12-05,7.08,,,
2018-12-06,7.08,,,
2018-12-07,7.07,,,
2018-12-10,7.08,,,
2018-12-11,7.07,,,
2018-12-12,7.03,,,
2018-12-13,7.08,,,
2018-12-14,7.07,,,
2018-12-17,7.08,,,
2018-12-18,7.09,,,
2018-12-19,7.09,,,
2018-12-20,7.09,,,
2018-12-21,7.09,,,
2018-12-24,7.01,,,
2018-12-25,7.0,,,
2018-12-26,7.0,,,
2018-12-27,7.06,,,
2018-12-28,7.03,,,
2018-12-31,7.03,,,
2019-01-03,7.0,,,
2019-01-04,7.0,,,
2019-01-08,7.0,,,
2019-01-09,7.0,,,
2019-01-10,7.05,,,
2019-01-11,7.05,,,
2019-01-14,7.05,,,
2019-01-15,7.05,,,
2019-01-16,7.07,,,
2019-01-17,7.05,,,
2019-01-18,7.06,,,
2019-01-21,7.06,,,
2019-01-22,7.06,,,
2019-01-23,7.06,,,
2019-01-24,7.01,,,
2019-01-25,7.01,,,
2019-01-28,7.01,,,
2019-01-29,7.0,,,
2019-01-30,6.69,,,
2019-01-31,6.7,,,
2019-02-01,6.63,,,
2019-02-04,6.59,,,
2019-02-05,6.64,,,
2019-02-06,6.62,,,
2019-02-07,6.77,,,
2019-02-08,6.74,,,
2019-02-11,6.75,,,
2019-02-12,6.72,,,
2019-02-13,6.6,,,
2019-02-14,6.69,,,
2019-02-15,6.67,,,
2019-02-18,6.65,,,
2019-02-19,6.32,,,
2019-02-20,6.55,,,
2019-02-21,6.51,,,
2019-02-22,6.46,,,
2019-02-25,6.75,,,
2019-02-26,6.75,,,
2019-02-27,6.75,,,
2019-02-28,6.75,,,
2019-03-01,6.75,,,
2019-03-04,6.75,,,
2019-03-05,6.74,,,
2019-03-06,6.75,,,
2019-03-07,6.75,,,
2019-03-11,6.75,,,
2019-03-12,6.75,,,
2019-03-13,6.6,6.6837,6.9269,7.0826
2019-03-14,6.5,6.6837,6.9215,7.0804
2019-03-15,6.52,6.6769,6.9089,7.075
2019-03-18,6.5,6.6607,6.8963,7.0686
2019-03-19,6.5,6.6553,6.8897,7.0655
2019-03-20,6.5,6.6618,6.883,7.0627
2019-03-21,6.5,6.66,6.8763,7.0593
2019-03-22,6.5,6.6596,6.862,7.0526
2019-03-25,6.33,6.6639,6.8506,7.0457
2019-03-26,6.44,6.6489,6.843,7.0415
2019-03-27,6.35,6.6377,6.8367,7.0381
2019-03-28,6.37,6.6234,6.8287,7.0339
2019-03-29,6.24,6.6097,6.8139,7.0269
2019-04-01,6.12,6.577,6.7865,7.0175
2019-04-02,6.24,6.5409,6.7801,7.0122
2019-04-03,6.12,6.532,6.7753,7.0079
2019-04-04,6.45,6.5197,6.7653,7.0026
2019-04-05,6.48,6.51,6.747,6.9993
2019-04-08,6.5,6.452,6.7416,6.9888
2019-04-10,6.5,6.4573,6.7303,6.9819
2019-04-11,6.5,6.4598,6.724,6.9788
2019-04-12,6.5,6.4517,6.7077,6.9757
2019-04-15,6.5,6.4403,6.6992,6.9672
2019-04-16,6.5,6.4319,6.693,6.9643
2019-04-17,6.5,6.4352,6.6866,6.9615
2019-04-18,6.5,6.4384,6.6804,6.9586
2019-04-19,6.5,6.4384,6.6627,6.9558
2019-04-22,6.5,6.4383,6.6551,6.9462
2019-04-23,6.5,6.4319,6.6487,6.9432
2019-04-24,6.5,6.4352,6.6424,6.9402
2019-04-25,6.5,6.4384,6.6367,6.9372
2019-04-30,6.5,6.4763,6.6079,6.921
2019-05-01,6.45,6.4781,6.6035,6.9157
2019-05-02,6.51,6.4892,6.5984,6.9122
2019-05-03,6.51,6.4983,6.5986,6.9043
2019-05-06,6.5,6.5145,6.5963,6.8992
2019-05-07,6.5,6.5151,6.5949,6.896
2019-05-08,6.5,6.5157,6.5918,6.8928
2019-05-10,6.33,6.5157,6.5834,6.8821
2019-05-13,6.44,6.4962,6.5724,6.8746
2019-05-14,6.42,6.4953,6.5706,6.8715
2019-05-15,6.4,6.4939,6.5675,6.8682
2019-05-16,6.5,6.4906,6.5596,6.8648
2019-05-17,6.5,6.4906,6.5601,6.8562
2019-05-20,6.5,6.4876,6.5609,6.8513
2019-05-21,6.5,6.4891,6.5603,6.8479
2019-05-22,6.5,6.4906,6.5602,6.8444
2019-05-23,6.5,6.4906,6.5607,6.8345
2019-05-24,6.04,6.4906,6.5612,6.8339
2019-05-27,6.03,6.4349,6.5401,6.8214
2019-05-28,6.0,6.4215,6.5319,6.8129
2019-05-29,6.02,6.4035,6.5234,6.8095
2019-05-30,6.5,6.3913,6.5188,6.8035
2019-05-31,6.5,6.396,6.5198,6.7946
2019-06-03,6.5,6.4017,6.5114,6.7933
2019-06-04,6.5,6.3917,6.5124,6.79
2019-06-05,6.5,6.3964,6.5097,6.7868
2019-06-06,6.5,6.4008,6.507,6.7835
2019-06-07,6.5,6.4008,6.5043,6.7802
2019-06-10,6.51,6.4008,6.492,6.7705
2019-06-11,6.5,6.4097,6.4934,6.7672
2019-06-12,6.5,6.4138,6.4906,6.764
2019-06-13,6.5,6.4177,6.4878,6.761
2019-06-14,6.5,6.4197,6.4867,6.7577
2019-06-17,6.5,6.4254,6.4848,6.748
2019-06-18,6.51,6.418,6.4861,6.7447
2019-06-19,6.5,6.4222,6.4862,6.7414
2019-06-20,6.44,6.4258,6.4862,6.738
2019-06-21,6.48,6.4239,6.4855,6.7344
2019-06-24,6.47,6.4218,6.4835,6.724
2019-06-25,6.46,6.461,6.4845,6.7209
2019-06-26,6.47,6.4621,6.486,6.7178
2019-06-27,6.51,6.4634,6.4863,6.7148
2019-06-28,6.51,6.479,6.4881,6.7117
2019-07-01,6.5,6.5094,6.4973,6.6935
2019-07-02,6.5,6.5102,6.5015,6.6936
2019-07-03,6.5,6.511,6.5044,6.6937
2019-07-04,6.5,6.511,6.5087,6.6909
2019-07-05,6.5,6.511,6.5092,6.6789
2019-07-08,6.5,6.5094,6.5099,6.6795
2019-07-09,6.5,6.5102,6.5088,6.6766
2019-07-10,6.5,6.511,6.5099,6.6738
2019-07-11,6.5,6.5107,6.5099,6.6706
2019-07-12,6.5,6.5107,6.5099,6.6607
2019-07-15,6.5,6.5091,6.5099,6.6581
2019-07-16,6.5,6.5099,6.5099,6.655
2019-07-17,6.5,6.5107,6.5099,6.6517
2019-07-18,6.5,6.5107,6.5099,6.6486
2019-07-19,6.5,6.5103,6.5099,6.6382
2019-07-22,6.5,6.513,6.5099,6.6358
2019-07-23,6.5,6.5137,6.5099,6.6326
2019-07-24,6.5,6.5143,6.5099,6.6294
2019-07-25,6.5,6.5153,6.5099,6.6265
2019-07-26,6.5,6.5167,6.5058,6.6167
2019-07-29,6.5,6.5152,6.5089,6.6149
2019-07-30,6.5,6.5158,6.51,6.612
2019-07-31,6.5,6.5163,6.51,6.6109
2019-08-01,6.36,6.5169,6.511,6.6098
2019-08-02,6.5,6.5124,6.51,6.6056
2019-08-05,6.41,6.5123,6.5085,6.6062
2019-08-06,6.5,6.5078,6.5086,6.6049
2019-08-07,6.5,6.5086,6.5086,6.6042
2019-08-08,6.5,6.5095,6.5086,6.6027
2019-08-09,6.5,6.5095,6.5075,6.5974
2019-08-12,6.5,6.5094,6.5132,6.5972
2019-08-13,6.5,6.5078,6.5142,6.5959
2019-08-14,6.5,6.5086,6.5149,6.5953
2019-08-15,6.5,6.5095,6.5158,6.5943
2019-08-16,6.5,6.5095,6.5169,6.59
2019-08-19,6.5,6.5094,6.5159,6.5905
2019-08-20,6.5,6.5078,6.5169,6.5915
2019-08-21,6.5,6.5086,6.5169,6.5912
2019-08-22,6.5,6.5095,6.5169,6.5912
2019-08-23,6.5,6.5095,6.5169,6.5906
2019-08-26,6.5,6.5094,6.5313,6.5904
2019-08-27,6.5,6.5078,6.5321,6.589
2019-08-29,6.5,6.5094,6.5428,6.5862
2019-08-30,6.5,6.5094,6.5481,6.5868
2019-09-02,6.51,6.5139,6.5475,6.5826
2019-09-03,6.51,6.5129,6.5482,6.5834
2019-09-04,6.53,6.514,6.5484,6.5841
2019-09-05,7.0,6.5156,6.5487,6.5829
2019-09-06,7.0,6.5347,6.5542,6.5844
2019-09-09,7.0,6.5833,6.5704,6.5927
2019-09-10,7.0,6.6041,6.5763,6.5879
2019-09-11,7.0,6.6185,6.5817,6.5914
2019-09-12,7.0,6.632,6.5872,6.5928
2019-09-13,7.0,6.6482,6.5928,6.5942
2019-09-16,7.02,6.6968,6.6093,6.6005
2019-09-17,7.02,6.726,6.6151,6.604
2019-09-18,7.02,6.7371,6.6208,6.6076
2019-09-19,7.0,6.7475,6.6264,6.6105
2019-09-20,7.02,6.7637,6.632,6.6133
2019-09-23,7.0,6.8142,6.651,6.621
2019-09-24,7.0,6.8508,6.6561,6.6244
2019-09-25,7.0,6.8571,6.6619,6.6277
2019-09-26,7.51,6.8629,6.6679,6.6314
2019-09-27,7.51,6.8957,6.6794,6.6374
2019-09-30,7.5,6.9939,6.7135,6.6598
2019-10-01,7.51,7.0602,6.7235,6.6657
2019-10-02,7.52,7.0766,6.7346,6.6736
2019-10-03,7.51,7.1104,6.7459,6.6808
2019-10-04,7.5,7.144,6.757,6.6887
2019-10-07,7.5,7.2222,6.7922,6.7061
2019-10-08,7.5,7.2332,6.8012,6.7119
2019-10-09,7.5,7.2435,6.8123,6.7175
2019-10-10,7.5,7.2603,6.8234,6.7232
2019-10-11,7.5,7.277,6.8344,6.7288
2019-10-15,7.51,7.3544,6.8786,6.7514
2019-10-16,7.51,7.361,6.8897,6.7571
2019-10-17,7.53,7.3775,6.9009,6.7628
2019-10-18,7.56,7.3946,6.9123,6.7686
2019-10-21,7.53,7.4773,6.9511,6.7869
2019-10-22,7.54,7.4806,6.9588,6.7924
2019-10-23,7.55,7.4841,6.9703,6.7982
2019-10-24,8.54,7.5025,6.9819,6.8042
2019-10-25,8.3,7.5541,7.0045,6.8157
2019-10-28,8.28,7.6575,7.0691,6.8476
2019-10-29,8.31,7.6807,7.0839,6.857
2019-10-30,8.3,7.7033,7.1039,6.8665
2019-10-31,8.5,7.7302,7.1238,6.8767
2019-11-01,8.51,7.7567,7.146,6.8871
2019-11-04,8.5,7.8536,7.2208,6.9232
2019-11-05,8.51,7.9096,7.2363,6.9334
2019-11-06,8.5,7.9314,7.2596,6.9436
2019-11-07,8.5,7.9515,7.2817,6.9549
2019-11-08,8.5,7.984,7.3038,6.9661
2019-11-11,8.5,8.0812,7.3785,7.0058
2019-11-12,8.5,8.1745,7.3923,7.0155
2019-11-13,8.5,8.1876,7.4145,7.0252
2019-11-14,8.5,8.1998,7.4366,7.0368
2019-11-15,8.52,8.2114,7.4588,7.0485
2019-11-18,8.53,8.3089,7.5358,7.0871
2019-11-19,8.55,8.3909,7.5483,7.0966
2019-11-20,8.58,8.3981,7.571,7.1061
2019-11-21,8.58,8.4059,7.5941,7.1178
2019-11-22,8.57,8.44,7.6171,7.1296
2019-11-25,8.55,8.5074,7.6975,7.1771
2019-11-26,8.52,8.5266,7.7086,7.1863
2019-11-27,8.54,8.5283,7.7309,7.1952
2019-11-28,8.54,8.5306,7.766,7.2093
2019-11-29,8.53,8.5391,7.7762,7.2236
2019-12-02,8.55,8.5532,7.857,7.2664
2019-12-03,8.57,8.5551,7.8798,7.2751
2019-12-04,8.56,8.5575,7.9029,7.2868
2019-12-05,8.55,8.5595,7.9257,7.2985
2019-12-06,8.55,8.5609,7.943,7.3101
2019-12-09,8.55,8.5665,7.9951,7.3482
2019-12-10,8.56,8.5679,8.0125,7.3565
2019-12-11,8.63,8.5696,8.03,7.3681
2019-12-12,9.01,8.5739,8.0482,7.3802
2019-12-13,9.07,8.5911,8.0708,7.3944
2019-12-16,9.06,8.6528,8.1403,7.4419
2019-12-17,9.04,8.6689,8.1632,7.4526
2019-12-18,9.06,8.6833,8.1858,7.467
2019-12-19,9.07,8.7011,8.2087,7.4814
2019-12-20,9.17,8.7186,8.2319,7.496
2019-12-23,9.11,8.789,8.3042,7.5465
2019-12-24,9.1,8.8021,8.3279,7.5569
2019-12-25,9.08,8.8142,8.3514,7.5718
2019-12-26,9.1,8.832,8.3748,7.5866
2019-12-27,9.09,8.8515,8.3926,7.6016
2019-12-30,9.12,8.9298,8.4457,7.6503
2019-12-31,9.16,8.9386,8.4639,7.6603
2020-01-03,9.13,8.9767,8.51,7.7003
2020-01-06,9.14,9.0321,8.5741,7.7557
2020-01-08,9.15,9.0858,8.6006,7.7746
2020-01-09,9.06,9.09,8.6189,7.7896
2020-01-10,9.08,9.1066,8.6362,7.804
2020-01-13,9.1,9.1402,8.7117,7.8597
2020-01-14,9.07,9.1417,8.7181,7.8685
2020-01-15,9.06,9.1415,8.7241,7.8769
2020-01-16,9.05,9.1411,8.7413,7.8914
2020-01-17,9.09,9.1407,8.7584,7.9058
2020-01-20,9.06,9.1438,8.8216,7.9628
2020-01-21,9.07,9.1337,8.8263,7.9708
2020-01-22,9.03,9.1338,8.8434,7.9787
2020-01-23,9.05,9.1326,8.86,7.993
2020-01-24,9.05,9.1307,8.8767,8.0074
2020-01-27,9.04,9.1262,8.9035,8.0648
2020-01-28,9.12,9.1226,8.9072,8.0721
2020-01-29,9.05,9.1247,8.9165,8.0798
2020-01-30,9.05,9.1245,8.9248,8.0942
2020-01-31,9.04,9.1222,8.9331,8.1087
2020-02-03,9.08,9.1105,8.9536,8.1678
2020-02-04,9.04,9.103,8.9572,8.1748
2020-02-05,9.04,9.1031,8.9632,8.1815
2020-02-06,9.05,9.1033,8.9691,8.1964
2020-02-07,9.03,9.0968,8.9752,8.2108
2020-02-10,9.03,9.0917,8.9962,8.2701
2020-02-11,9.04,9.0865,8.9988,8.2763
2020-02-12,9.01,9.0871,9.0048,8.2824
2020-02-13,9.02,9.0868,9.0104,8.2967
2020-02-14,9.02,9.0842,9.0162,8.3109
2020-02-17,9.03,9.08,9.0366,8.3711
2020-02-18,9.02,9.0729,9.0388,8.3767
2020-02-19,9.0,9.0733,9.0442,8.3823
2020-02-20,9.02,9.0731,9.0492,8.3965
2020-02-21,9.01,9.0718,9.0541,8.4107
2020-02-24,9.01,9.0677,9.072,8.4718
2020-02-25,9.05,9.0632,9.0735,8.4768
2020-02-26,9.05,9.0649,9.0791,8.482
2020-02-27,9.05,9.0666,9.085,8.4965
2020-02-28,9.05,9.0669,9.0907,8.5204
2020-03-02,9.05,9.0603,9.1121,8.5738
2020-03-04,9.0,9.061,9.1231,8.6029
2020-03-05,9.03,9.0596,9.128,8.617
2020-03-06,9.03,9.0593,9.1334,8.6287
2020-03-09,9.02,9.0574,9.1496,8.6635
2020-03-10,9.02,9.0583,9.1504,8.6676
2020-03-11,9.02,9.0579,9.16,8.6867
2020-03-12,9.04,9.0572,9.1644,8.6983
2020-03-13,9.05,9.0583,9.1648,8.71
2020-03-16,9.04,9.0606,9.1641,8.7452
2020-03-17,9.05,9.0621,9.1639,8.7568
2020-03-18,9.05,9.0628,9.164,8.7684
2020-03-19,9.05,9.0638,9.1639,8.7801
2020-03-20,9.11,9.0655,9.1636,8.7918
2020-03-23,9.07,9.0757,9.1616,8.8278
2020-03-24,9.08,9.0777,9.1612,8.8396
2020-03-25,9.09,9.0801,9.1609,8.8516
2020-03-26,9.1,9.0815,9.1611,8.8635
2020-03-27,9.09,9.0832,9.1611,8.8727
2020-03-30,9.13,9.0865,9.1611,8.8998
2020-03-31,9.11,9.0902,9.1612,8.9092
2020-04-01,9.14,9.093,9.1561,8.9125
2020-04-02,9.05,9.0968,9.1582,8.9218
2020-04-03,9.06,9.0961,9.1592,8.9365
2020-04-06,9.08,9.0999,9.1569,8.9634
2020-04-07,9.08,9.1021,9.1541,8.9662
2020-04-08,9.09,9.1035,9.1555,8.9752
2020-04-10,9.04,9.1075,9.1552,8.9934
2020-04-13,9.04,9.1086,9.1538,9.0328
2020-04-14,9.04,9.1079,9.1532,9.0351
2020-04-15,9.04,9.1078,9.1528,9.0374
2020-04-16,9.16,9.1078,9.1526,9.0461
2020-04-21,9.15,9.1198,9.1571,9.0921
2020-04-22,9.02,9.1231,9.158,9.1014
2020-04-23,9.11,9.1219,9.1579,9.1098
2020-04-24,9.09,9.1232,9.1586,9.1188
2020-04-27,9.07,9.123,9.1599,9.1334
2020-04-28,9.09,9.1202,9.1603,9.1353
2020-04-29,8.86,9.1214,9.1599,9.1399
2020-04-30,8.84,9.1151,9.1578,9.1431
2020-05-01,8.53,9.1032,9.1526,9.1476
2020-05-04,8.52,9.0421,9.1366,9.1479
2020-05-05,8.53,9.0261,9.1307,9.1481
2020-05-06,8.54,9.0116,9.1249,9.1482
2020-05-07,8.5,8.9935,9.1191,9.1484
2020-05-08,8.52,8.974,9.1106,9.1484
2020-05-11,8.52,8.9052,9.0958,9.1487
2020-05-13,8.51,8.8834,9.0843,9.149
2020-05-14,8.52,8.8656,9.0785,9.149
2020-05-15,8.54,8.8482,9.0696,9.1449
2020-05-18,8.54,8.7424,9.0563,9.1495
2020-05-19,8.53,8.7372,9.0509,9.1495
2020-05-20,8.53,8.732,9.0455,9.1494
2020-05-21,8.53,8.7272,9.04,9.1491
2020-05-22,8.51,8.7064,9.0307,9.1488
2020-05-25,8.49,8.6139,9.0175,9.1478
2020-05-27,8.5,8.6094,9.0048,9.1473
2020-05-28,8.5,8.5903,8.9985,9.1471
2020-05-29,8.51,8.5705,8.9866,9.1468
2020-06-01,8.5,8.5482,8.9769,9.1465
2020-06-02,8.5,8.5445,8.9738,9.1451
2020-06-03,8.5,8.5449,8.9646,9.1448
2020-06-04,8.5,8.5454,8.9616,9.1444
2020-06-05,8.5,8.5448,8.9561,9.144
2020-06-08,8.5,8.5423,8.9352,9.1443
2020-06-09,8.42,8.5393,8.9325,9.1429
2020-06-10,8.5,8.5372,8.9258,9.1422
2020-06-11,8.47,8.538,8.9201,9.1418
2020-06-12,8.46,8.5349,8.914,9.1409
2020-06-15,8.48,8.5307,8.8905,9.1289
2020-06-16,8.5,8.5241,8.8881,9.1274
2020-06-17,8.5,8.5252,8.8821,9.1242
2020-06-18,8.49,8.5263,8.876,9.1211
2020-06-19,8.5,8.5247,8.8697,9.1179
2020-06-22,8.5,8.5216,8.845,9.1043
2020-06-23,8.5,8.5182,8.8433,9.1031
2020-06-24,8.5,8.5195,8.837,9.0997
2020-06-25,8.42,8.5208,8.8305,9.0962
2020-06-26,8.26,8.5176,8.8231,9.0925
2020-06-29,8.26,8.5148,8.7899,9.0759
2020-06-30,8.26,8.4818,8.7861,9.0734
2020-07-01,8.25,8.4763,8.7706,9.0711
2020-07-02,8.27,8.4679,8.7606,9.0578
2020-07-03,8.26,8.4602,8.7518,9.0555
2020-07-06,8.28,8.4275,8.7249,9.0405
2020-07-07,8.26,8.4242,8.7159,9.0327
2020-07-08,8.27,8.4206,8.7067,9.0305
2020-07-09,8.27,8.4129,8.691,9.0255
2020-07-10,8.28,8.4079,8.6884,9.0209
2020-07-13,8.22,8.379,8.6628,9.0072
2020-07-14,8.26,8.3753,8.6536,9.0021
2020-07-15,8.25,8.3733,8.6448,8.9975
2020-07-16,8.25,8.3656,8.6359,8.9928
2020-07-17,8.25,8.3572,8.5927,8.9882
2020-07-20,8.25,8.3165,8.5869,8.9738
2020-07-21,8.25,8.316,8.5851,8.9691
2020-07-22,8.25,8.3156,8.575,8.9644
2020-07-23,8.25,8.3072,8.5663,8.9599
2020-07-24,8.25,8.2988,8.5567,8.9553
2020-07-27,8.27,8.2823,8.5284,8.9416
2020-07-28,8.26,8.2837,8.5195,8.9372
2020-07-29,8.26,8.2847,8.5101,8.9322
2020-07-30,8.26,8.2847,8.5034,8.9277
2020-07-31,8.26,8.2847,8.4969,8.9232
2020-08-03,8.26,8.2856,8.4878,8.9097
2020-08-04,8.24,8.2837,8.4872,8.905
2020-08-05,8.25,8.2841,8.4841,8.9004
2020-08-06,8.0,8.2848,8.481,8.8959
2020-08-07,8.0,8.2757,8.475,8.8899
2020-08-10,8.0,8.2495,8.4553,8.8722
2020-08-11,8.0,8.2341,8.4522,8.8663
2020-08-12,8.0,8.228,8.4437,8.8603
2020-08-13,8.0,8.2224,8.4407,8.8545
2020-08-14,8.0,8.2153,8.435,8.8486
2020-08-17,8.0,8.1904,8.4139,8.8311
2020-08-18,8.0,8.1741,8.4113,8.8252
2020-08-19,8.0,8.17,8.4053,8.8193
2020-08-20,8.0,8.1663,8.3994,8.8136
2020-08-21,8.0,8.1581,8.3935,8.8078
2020-08-24,8.0,8.1336,8.3729,8.7904
2020-08-25,8.0,8.1134,8.3707,8.7846
2020-08-26,8.0,8.1113,8.3619,8.7786
2020-08-27,8.0,8.1094,8.3598,8.7726
2020-08-31,8.03,8.075,8.3335,8.7485
2020-09-01,8.02,8.0507,8.332,8.7465
2020-09-02,8.01,8.0514,8.3267,8.7444
2020-09-03,8.0,8.0518,8.3212,8.7347
2020-09-04,8.01,8.0434,8.3157,8.7326
2020-09-07,8.01,8.0283,8.2953,8.7076
2020-09-08,8.0,8.0272,8.294,8.7057
2020-09-09,8.01,8.0279,8.2884,8.7038
2020-09-10,8.01,8.0291,8.2839,8.698
2020-09-11,8.01,8.0294,8.2784,8.6923
2020-09-14,8.01,8.0302,8.2593,8.6664
2020-09-15,8.0,8.0292,8.2584,8.6647
2020-09-16,8.0,8.03,8.253,8.663
2020-09-17,8.0,8.0307,8.2475,8.6571
2020-09-18,8.0,8.0307,8.2419,8.6511
2020-09-21,8.0,8.0305,8.2205,8.6234
2020-09-22,8.0,8.0292,8.2199,8.6219
2020-09-23,8.02,8.03,8.2143,8.6204
2020-09-24,8.03,8.0313,8.209,8.6144
2020-09-25,8.02,8.0323,8.2038,8.6085
2020-09-28,8.02,8.0327,8.1915,8.5804
2020-09-29,8.01,8.0339,8.1914,8.5792
2020-09-30,8.05,8.0348,8.1886,8.578
2020-10-01,8.03,8.0355,8.1863,8.5668
2020-10-02,8.01,8.0358,8.1838,8.5605
2020-10-05,8.0,8.0345,8.1726,8.5377
2020-10-06,8.0,8.035,8.1725,8.5366
2020-10-07,8.0,8.0355,8.1694,8.5304
2020-10-08,8.0,8.0352,8.1665,8.5243
2020-10-09,8.0,8.0352,8.1635,8.5128
2020-10-12,8.0,8.0323,8.1511,8.495
2020-10-13,8.0,8.0329,8.1512,8.4941
2020-10-15,8.0,8.0331,8.1459,8.4823
2020-10-16,8.0,8.0331,8.1431,8.4763
2020-10-19,8.0,8.0319,8.1317,8.4446
2020-10-20,8.02,8.0325,8.132,8.444
2020-10-21,8.0,8.0338,8.1295,8.4435
2020-10-22,8.01,8.0338,8.1267,8.437
2020-10-23,8.03,8.0341,8.124,8.4312
2020-10-26,8.04,8.0322,8.1134,8.4072
2020-10-27,8.07,8.0342,8.1144,8.407
2020-10-28,8.08,8.0371,8.1122,8.4013
2020-10-29,8.06,8.0391,8.1102,8.3956
2020-10-30,8.07,8.0408,8.108,8.391
2020-11-02,8.07,8.0452,8.0981,8.3786
2020-11-03,8.07,8.0464,8.0995,8.3788
2020-11-04,8.07,8.0489,8.0974,8.379
2020-11-05,8.07,8.0513,8.0955,8.3764
2020-11-06,8.0,8.0535,8.0936,8.3738
2020-11-09,8.05,8.0534,8.0928,8.3594
2020-11-10,8.04,8.0554,8.0941,8.3595
2020-11-11,8.03,8.0566,8.0946,8.3596
2020-11-12,8.04,8.0574,8.0949,8.354
2020-11-13,8.0,8.0587,8.0953,8.3541
2020-11-16,8.02,8.0586,8.0946,8.3392
2020-11-17,8.03,8.0599,8.0955,8.3392
2020-11-18,8.02,8.0607,8.0959,8.3394
2020-11-19,8.02,8.0611,8.0961,8.3364
2020-11-20,8.02,8.0617,8.0963,8.3336
2020-11-24,8.02,8.0608,8.0972,8.3192
2020-11-25,8.02,8.0612,8.0974,8.3194
2020-11-26,8.03,8.0615,8.0976,8.3139
2020-11-27,8.01,8.0612,8.0979,8.3142
2020-11-30,8.05,8.0552,8.0976,8.2997
2020-12-01,8.04,8.0501,8.0978,8.3001
2020-12-02,8.03,8.0514,8.0981,8.2975
2020-12-03,8.02,8.0501,8.0983,8.2948
2020-12-04,8.04,8.0484,8.0985,8.2921
2020-12-07,8.0,8.0476,8.0995,8.2812
2020-12-08,8.0,8.0476,8.0994,8.2814
2020-12-09,8.01,8.0477,8.0994,8.2786
2020-12-10,8.0,8.0464,8.0994,8.2762
2020-12-11,8.0,8.0451,8.0993,8.2734
2020-12-14,8.0,8.0422,8.099,8.2625
2020-12-15,8.0,8.0424,8.0989,8.2629
2020-12-16,8.0,8.0427,8.0989,8.2601
2020-12-17,8.0,8.042,8.0989,8.2573
2020-12-18,8.0,8.041,8.0989,8.2545
2020-12-21,8.0,8.0358,8.0989,8.2427
2020-12-22,8.0,8.0363,8.0989,8.2431
2020-12-23,8.0,8.0367,8.0989,8.2403
2020-12-24,8.0,8.0372,8.0986,8.2374
2020-12-25,8.0,8.0365,8.0983,8.2346
2020-12-28,8.0,8.0327,8.0976,8.2272
2020-12-29,8.0,8.0332,8.0974,8.2278
2020-12-30,8.0,8.0338,8.0973,8.2263
2020-12-31,8.0,8.0321,8.0967,8.2248
2021-01-04,8.0,8.0296,8.096,8.2168
2021-01-05,8.0,8.024,8.0967,8.2174
2021-01-06,8.0,8.0249,8.0967,8.218
2021-01-08,8.0,8.0258,8.0967,8.2149
2021-01-11,8.0,8.0253,8.096,8.2058
2021-01-12,8.0,8.0236,8.0967,8.2065
2021-01-13,8.0,8.0245,8.0967,8.2071
2021-01-14,8.0,8.0254,8.096,8.2059
2021-01-15,8.01,8.0254,8.0967,8.2044
2021-01-18,8.0,8.0262,8.0963,8.1961
2021-01-20,8.0,8.0255,8.097,8.1975
2021-01-21,8.0,8.0264,8.0968,8.1961
2021-01-22,8.0,8.0264,8.0968,8.1947
2021-01-25,8.0,8.0262,8.095,8.1861
2021-01-26,8.0,8.0246,8.0957,8.1868
2021-01-27,8.0,8.0255,8.0952,8.1876
2021-01-28,8.0,8.0264,8.0945,8.1861
2021-01-29,8.0,8.0264,8.0936,8.1846
2021-02-01,8.0,8.0239,8.0898,8.1756
2021-02-02,8.0,8.0248,8.0906,8.1764
2021-02-03,8.0,8.0257,8.0898,8.1773
2021-02-04,8.0,8.0265,8.089,8.1758
2021-02-05,8.0,8.0265,8.0883,8.1744
2021-02-08,8.0,8.0264,8.0867,8.1713
2021-02-09,8.0,8.0248,8.0875,8.1722
2021-02-10,8.0,8.0257,8.0869,8.173
2021-02-11,8.0,8.0266,8.0865,8.173
2021-02-12,8.0,8.0266,8.0862,8.173
2021-02-15,8.0,8.0264,8.0849,8.1713
2021-02-16,8.0,8.0238,8.0857,8.1722
2021-02-17,8.0,8.0247,8.0855,8.173
2021-02-18,8.0,8.0256,8.0852,8.173
2021-02-19,8.0,8.0248,8.0849,8.173
2021-02-22,8.0,8.0255,8.0822,8.1713
2021-02-23,8.0,8.0239,8.083,8.1722
2021-02-24,8.0,8.0248,8.0839,8.173
2021-02-25,8.0,8.0257,8.0837,8.173
2021-02-26,8.0,8.0257,8.0834,8.173
2021-03-01,8.0,8.023,8.0805,8.1703
2021-03-02,8.0,8.023,8.08,8.1702
2021-03-04,8.0,8.0229,8.0794,8.1702
2021-03-05,8.0,8.0229,8.0764,8.1683
2021-03-09,8.0,8.0227,8.078,8.1699
2021-03-10,8.0,8.0227,8.0779,8.1698
2021-03-11,8.0,8.0227,8.0779,8.1698
2021-03-12,8.0,8.0227,8.0762,8.1679
2021-03-15,8.0,8.0227,8.0779,8.1695
2021-03-16,8.0,8.0227,8.0779,8.1695
2021-03-17,8.0,8.0227,8.0779,8.1695
2021-03-18,8.5,8.0227,8.0779,8.1695
2021-03-19,8.5,8.0407,8.082,8.1708
2021-03-22,8.5,8.0945,8.1006,8.181
2021-03-23,8.5,8.1125,8.1062,8.1839
2021-03-24,8.5,8.1305,8.1119,8.1867
2021-03-25,8.5,8.1484,8.1176,8.1894
2021-03-26,8.5,8.1664,8.1225,8.1905
2021-03-29,8.5,8.2203,8.1402,8.2004
2021-03-30,8.5,8.2318,8.1459,8.2032
2021-03-31,8.5,8.2426,8.1516,8.2058
2021-04-01,8.51,8.2527,8.1573,8.2093
2021-04-02,8.5,8.2693,8.1632,8.2121
2021-04-05,8.53,8.3179,8.18,8.2205
2021-04-06,8.56,8.3657,8.1861,8.2235
2021-04-07,8.57,8.3743,8.1928,8.2267
2021-04-08,8.56,8.3827,8.1989,8.23
2021-04-12,8.56,8.4445,8.2242,8.2427
2021-04-13,8.52,8.491,8.2305,8.2459
2021-04-14,8.51,8.4939,8.2364,8.2485
2021-04-15,8.53,8.4963,8.2422,8.2518
2021-04-16,8.5,8.5135,8.2499,8.2549
2021-04-19,8.5,8.5458,8.2661,8.2634
2021-04-20,8.5,8.5451,8.2706,8.2663
2021-04-21,8.5,8.5455,8.2762,8.2691
2021-04-22,8.5,8.546,8.2819,8.2719
2021-04-23,8.5,8.546,8.2905,8.2747
2021-04-26,8.5,8.5458,8.3046,8.2828
2021-04-27,8.5,8.5451,8.3102,8.2854
2021-04-28,8.5,8.5455,8.3159,8.2879
2021-04-29,9.5,8.546,8.3216,8.2903
2021-05-04,9.5,8.7177,8.4091,8.3307
2021-05-05,9.5,8.746,8.4263,8.3389
2021-05-06,9.5,8.7785,8.45,8.3472
2021-05-07,9.5,8.8101,8.4641,8.3561
2021-05-10,9.5,8.9249,8.5123,8.3814
2021-05-11,9.5,8.947,8.5295,8.3898
2021-05-13,9.5,8.9991,8.5731,8.4066
2021-05-14,9.51,9.032,8.5858,8.4162
2021-05-17,9.52,9.1732,8.633,8.4412
2021-05-18,9.5,9.1875,8.6504,8.4498
2021-05-19,9.51,9.2002,8.6676,8.4583
2021-05-20,9.51,9.2341,8.6969,8.4669
2021-05-21,9.51,9.268,8.7084,8.4776
2021-05-24,9.51,9.4274,8.7542,8.5012
2021-05-25,9.5,9.4326,8.7715,8.5106
2021-05-27,9.5,9.4707,8.8206,8.5267
2021-05-28,9.5,9.5043,8.8306,8.5375
2021-05-31,9.5,9.535,8.8593,8.5608
2021-06-01,9.5,9.5362,8.8686,8.5682
2021-06-02,9.5,9.5373,8.8852,8.5766
2021-06-03,9.5,9.5385,8.9099,8.585
2021-06-04,9.5,9.5396,8.9186,8.5934
2021-06-07,9.5,9.5394,8.9862,8.6185
2021-06-08,9.51,9.5373,8.9942,8.6271
2021-06-09,9.53,9.5388,9.0021,8.6358
2021-06-10,9.54,9.5409,9.0191,8.6445
2021-06-11,9.5,9.5422,9.0362,8.6533
2021-06-14,9.5,9.5421,9.0961,8.6791
2021-06-15,9.5,9.5391,9.1029,8.6877
2021-06-16,9.5,9.5402,9.1196,8.6963
2021-06-17,9.5,9.5413,9.1362,8.7049
2021-06-18,9.5,9.5407,9.1529,8.7135
2021-06-21,9.5,9.5398,9.1916,8.7393
2021-06-22,9.52,9.5367,9.1974,8.7479
2021-06-23,9.51,9.5386,9.2087,8.7566
2021-06-24,9.5,9.54,9.2199,8.7652
2021-06-25,9.5,9.5397,9.2311,8.7738
2021-06-28,9.5,9.5396,9.2706,8.7996
2021-06-29,9.5,9.5375,9.2755,8.8082
2021-06-30,9.5,9.5386,9.2866,8.8168
2021-07-01,9.5,9.5386,9.3044,8.8362
2021-07-02,9.5,9.5386,9.3155,8.8422
2021-07-05,9.5,9.5363,9.3492,8.8627
2021-07-06,9.5,9.5375,9.3601,8.8713
2021-07-07,9.5,9.5386,9.3707,8.8829
2021-07-08,9.5,9.5386,9.3811,8.8886
2021-07-09,9.5,9.5383,9.4135,8.9034
2021-07-12,9.5,9.5335,9.4235,8.9232
2021-07-13,9.5,9.5347,9.434,8.9319
2021-07-14,9.5,9.536,9.445,8.9405
2021-07-15,9.5,9.536,9.4562,8.9492
2021-07-16,9.5,9.536,9.4671,8.9644
2021-07-19,9.54,9.5335,9.5008,8.9871
2021-07-20,9.53,9.5361,9.5125,8.9925
2021-07-21,9.5,9.5383,9.5241,9.0013
2021-07-22,9.5,9.5383,9.5353,9.01
2021-07-23,9.51,9.5376,9.5466,9.0261
2021-07-26,9.51,9.536,9.5806,9.0448
2021-07-27,9.51,9.5375,9.592,9.0535
2021-07-28,9.51,9.539,9.6034,9.0622
2021-07-29,9.51,9.5393,9.6147,9.0709
2021-07-30,9.52,9.5396,9.6102,9.0877
2021-08-02,9.51,9.5425,9.6145,9.1059
2021-08-03,9.53,9.541,9.6158,9.1147
2021-08-04,9.5,9.543,9.6174,9.1235
2021-08-05,10.0,9.544,9.6174,9.1321
2021-08-06,10.0,9.5603,9.6229,9.1525
2021-08-09,10.0,9.6088,9.6387,9.1783
2021-08-10,10.0,9.6288,9.6452,9.1899
2021-08-11,10.0,9.6437,9.6508,9.2014
2021-08-12,10.0,9.6578,9.6556,9.213
2021-08-13,10.0,9.674,9.6619,9.2342
2021-08-16,10.0,9.7225,9.6777,9.2592
2021-08-17,10.0,9.7504,9.6838,9.2707
2021-08-18,10.0,9.7613,9.6892,9.2823
2021-08-19,10.0,9.7716,9.6947,9.2938
2021-08-20,10.0,9.7865,9.7002,9.3159
2021-08-23,10.0,9.8341,9.7163,9.34
2021-08-24,10.0,9.8685,9.722,9.3516
2021-08-25,10.0,9.8755,9.7275,9.3632
2021-08-26,10.0,9.8821,9.7331,9.3747
2021-08-27,10.0,9.898,9.7386,9.3977
2021-08-30,10.0,9.9456,9.7556,9.4152
2021-08-31,10.0,9.9866,9.7609,9.421
2021-09-01,10.0,9.9897,9.7665,9.4267
2021-09-02,10.0,9.9927,9.772,9.4381
2021-09-03,10.0,10.0086,9.7776,9.4553
2021-09-06,10.0,10.0399,9.795,9.5019
2021-09-07,10.0,10.0373,9.7999,9.5073
2021-09-08,10.0,10.0387,9.8054,9.5125
2021-09-09,10.0,10.0401,9.8109,9.5178
2021-09-10,10.0,10.0401,9.8161,9.5292
2021-09-13,10.01,10.0399,9.8335,9.5763
2021-09-14,10.0,10.0377,9.838,9.5813
2021-09-15,10.0,10.0391,9.8436,9.5862
2021-09-16,10.0,10.0405,9.8492,9.5976
2021-09-17,10.0,10.0405,9.8547,9.609
2021-09-20,10.0,10.0402,9.873,9.6454
2021-09-21,10.0,10.0377,9.877,9.65
2021-09-22,10.0,10.0391,9.8826,9.6545
2021-09-23,10.0,10.0405,9.8879,9.6631
2021-09-24,10.0,10.0405,9.8934,9.6716
2021-09-27,10.0,10.0402,9.912,9.7059
2021-09-28,10.0,10.0377,9.9156,9.7101
2021-09-29,10.01,10.0391,9.9212,9.7143
2021-09-30,10.0,10.0408,9.9269,9.7229
2021-10-01,10.0,10.0394,9.9325,9.736
2021-10-04,10.0,10.0366,9.9515,9.7663
2021-10-05,10.0,10.038,9.9547,9.7703
2021-10-06,10.0,10.0394,9.9603,9.7787
2021-10-07,10.0,10.0394,9.9659,9.7869
2021-10-08,10.0,10.0394,9.9714,9.7951
2021-10-11,10.0,10.0366,9.9909,9.8245
2021-10-12,10.0,10.038,9.9937,9.8282
2021-10-13,10.0,10.0394,9.9993,9.8364
2021-10-15,10.0,10.039,10.0104,9.8534
2021-10-18,10.0,10.0362,10.0303,9.8843
2021-10-19,10.0,10.0376,10.0327,9.8877
2021-10-20,10.0,10.039,10.0378,9.8963
2021-10-21,10.0,10.039,10.043,9.9049
2021-10-22,10.0,10.039,10.0486,9.9135
2021-10-25,10.0,10.0362,10.0686,9.9449
2021-10-26,9.79,10.0376,10.0705,9.9479
2021-10-27,9.83,10.0319,10.0737,9.9553
2021-10-28,10.0,10.0262,10.0772,9.9629
2021-10-29,10.0,10.0262,10.0827,9.9715
2021-11-01,10.0,10.0274,10.1026,9.9803
2021-11-02,10.0,10.024,10.1042,9.9831
2021-11-03,10.0,10.0259,10.1096,9.9859
2021-11-04,10.0,10.0277,10.1149,9.9887
2021-11-05,10.0,10.0277,10.1205,9.9916
2021-11-08,9.94,10.0274,10.119,10.0004
2021-11-09,10.0,10.0219,10.1198,10.0028
2021-11-10,10.0,10.0238,10.1198,10.0055
2021-11-11,10.0,10.0257,10.1198,10.0084
2021-11-12,10.0,10.0257,10.1198,10.0114
2021-11-15,10.0,10.0256,10.1183,10.0201
2021-11-16,10.0,10.022,10.1198,10.0227
2021-11-17,10.0,10.0239,10.1198,10.0253
2021-11-18,10.0,10.0258,10.1198,10.0281
2021-11-19,10.0,10.0258,10.1198,10.0309
2021-11-22,10.0,10.0256,10.1183,10.0399
2021-11-24,9.89,10.0238,10.1198,10.0449
2021-11-25,10.0,10.0222,10.1185,10.047
2021-11-26,10.0,10.0222,10.1185,10.0503
2021-11-29,10.0,10.0343,10.1171,10.0594
2021-11-30,10.0,10.0313,10.1185,10.0618
2021-12-01,10.0,10.0329,10.1171,10.0646
2021-12-02,9.91,10.0329,10.1171,10.0675
2021-12-03,9.76,10.0299,10.116,10.0699
2021-12-06,9.89,10.0005,10.1079,10.0749
2021-12-07,9.85,9.9994,10.1067,10.0766
2021-12-08,9.83,9.997,10.105,10.0786
2021-12-09,10.49,9.9933,10.1031,10.0804
2021-12-10,10.5,10.0097,10.1086,10.0859
2021-12-13,10.5,10.0588,10.1255,10.1036
2021-12-14,10.5,10.0768,10.131,10.1087
2021-12-15,10.5,10.0937,10.1367,10.1144
2021-12-16,10.5,10.1105,10.1423,10.1201
2021-12-17,10.5,10.1273,10.1479,10.1259
2021-12-20,10.5,10.1847,10.1648,10.144
2021-12-21,10.5,10.1984,10.1704,10.1488
2021-12-22,10.5,10.2113,10.1761,10.1546
2021-12-23,10.5,10.2333,10.1817,10.1602
2021-12-24,10.5,10.245,10.1873,10.1659
2021-12-27,10.5,10.3147,10.2042,10.1842
2021-12-28,10.5,10.3239,10.2099,10.1888
2021-12-29,10.5,10.3327,10.2155,10.1946
2021-12-30,10.5,10.3495,10.221,10.2003
2021-12-31,10.5,10.3663,10.2266,10.2061
2022-01-03,10.5,10.4087,10.2435,10.2246
2022-01-04,10.5,10.4737,10.2492,10.229
2022-01-05,10.5,10.4775,10.2548,10.2334
2022-01-06,10.5,10.4811,10.2604,10.2391
2022-01-10,10.5,10.5437,10.2829,10.2649
2022-01-11,10.5,10.5408,10.2881,10.2692
2022-01-12,10.5,10.5424,10.2937,10.2734
2022-01-13,10.5,10.544,10.2993,10.2791
2022-01-14,10.5,10.544,10.3054,10.2848
2022-01-17,10.5,10.5437,10.3223,10.3054
2022-01-18,10.5,10.5408,10.3272,10.3094
2022-01-20,10.5,10.5439,10.3383,10.3188
2022-01-21,10.5,10.5439,10.3439,10.3244
2022-01-24,10.5,10.5436,10.3617,10.3452
2022-01-25,10.5,10.5407,10.3662,10.349
2022-01-26,10.5,10.5423,10.3717,10.3528
2022-01-27,10.5,10.5439,10.3797,10.3584
2022-01-28,10.5,10.5439,10.3871,10.3641
2022-01-31,10.5,10.5436,10.4054,10.385
2022-02-01,10.5,10.5407,10.4094,10.3886
2022-02-02,10.5,10.5423,10.415,10.3922
2022-02-03,10.5,10.5439,10.4206,10.3979
2022-02-04,10.5,10.5439,10.4261,10.4034
2022-02-07,10.5,10.5395,10.4449,10.4137
2022-02-08,10.5,10.541,10.4484,10.4171
2022-02-09,10.5,10.5426,10.4547,10.4206
2022-02-10,10.5,10.5442,10.4603,10.4234
2022-02-11,10.5,10.5442,10.4658,10.4263
2022-02-14,10.5,10.5439,10.485,10.4339
2022-02-15,10.5,10.541,10.4881,10.4373
2022-02-16,10.5,10.5426,10.4937,10.4406
2022-02-17,10.5,10.5442,10.4993,10.4434
2022-02-18,10.5,10.5442,10.5049,10.4463
2022-02-21,10.5,10.544,10.5244,10.4541
2022-02-22,10.5,10.5411,10.5272,10.4574
2022-02-23,10.5,10.5427,10.5357,10.4606
2022-02-24,10.5,10.5443,10.5384,10.4635
2022-02-25,10.5,10.5443,10.5452,10.4663
2022-02-28,10.5,10.544,10.5652,10.4744
2022-03-01,10.51,10.5396,10.5742,10.477
2022-03-02,10.52,10.5399,10.5801,10.48
2022-03-04,10.52,10.5413,10.609,10.4857
2022-03-07,10.51,10.5434,10.6201,10.4951
2022-03-09,10.5,10.544,10.6354,10.501
2022-03-10,10.5,10.544,10.6355,10.5039
2022-03-11,10.52,10.544,10.6325,10.5067
2022-03-14,10.5,10.5462,10.6362,10.5158
2022-03-15,10.5,10.5462,10.6362,10.5187
2022-03-16,10.5,10.5462,10.6362,10.5216
2022-03-17,10.5,10.5462,10.6362,10.5245
2022-03-18,10.5,10.5462,10.6332,10.5276
2022-03-21,10.5,10.5462,10.6362,10.5361
2022-03-22,10.5,10.5462,10.6362,10.539
2022-03-23,10.5,10.5462,10.6362,10.5419
2022-03-24,10.5,10.5462,10.6362,10.5448
2022-03-25,10.5,10.5462,10.6332,10.5481
2022-03-28,10.5,10.5462,10.6362,10.5565
2022-03-29,10.5,10.5462,10.6362,10.5594
2022-03-30,10.5,10.5475,10.6362,10.5622
2022-03-31,10.83,10.5489,10.6362,10.5651
2022-04-01,11.0,10.561,10.6371,10.5697
2022-04-04,11.0,10.6079,10.657,10.587
2022-04-05,11.0,10.6248,10.6627,10.5928
2022-04-06,11.0,10.6404,10.6684,10.5986
2022-04-07,11.0,10.6551,10.671,10.6044
2022-04-08,10.8,10.6734,10.6779,10.6102
2022-04-11,10.93,10.6998,10.6902,10.624
2022-04-12,10.91,10.7205,10.6951,10.6294
2022-04-13,10.77,10.7299,10.6998,10.6347
2022-04-14,10.87,10.7342,10.7028,10.6398
2022-04-15,11.0,10.7463,10.7057,10.6442
2022-04-18,11.0,10.7948,10.7241,10.6615
2022-04-19,11.05,10.8265,10.7294,10.6673
2022-04-20,11.06,10.8371,10.7362,10.6734
2022-04-21,11.0,10.8475,10.7425,10.6795
2022-04-26,11.0,10.9512,10.7708,10.7083
2022-04-27,11.03,10.956,10.7765,10.7153
2022-04-28,11.0,10.9616,10.7825,10.7222
2022-04-29,11.02,10.9779,10.7886,10.728
2022-05-02,11.0,11.0095,10.8063,10.7469
2022-05-03,11.0,11.0124,10.8121,10.7527
2022-05-04,11.0,11.0152,10.8179,10.7585
2022-05-05,11.0,11.0152,10.8249,10.7644
2022-05-06,10.92,11.0152,10.8301,10.7729
2022-05-10,10.77,11.0218,10.8486,10.7919
2022-05-11,10.82,11.0165,10.8517,10.7964
2022-05-13,11.0,11.0097,10.8601,10.809
2022-05-16,11.0,11.0166,10.8764,10.8233
2022-05-17,11.0,11.0192,10.8821,10.8291
2022-05-18,11.0,11.0218,10.8879,10.835
2022-05-19,11.0,11.0218,10.8965,10.8408
2022-05-20,11.0,11.0201,10.9009,10.8502
2022-05-23,11.0,11.0106,10.9167,10.8659
2022-05-24,11.0,11.0135,10.9225,10.8699
2022-05-25,11.0,11.0162,10.9283,10.8764
2022-05-27,11.0,11.0187,10.9417,10.892
2022-05-30,11.0,11.0101,10.9551,10.9054
2022-05-31,11.0,11.0129,10.9588,10.9113
2022-06-01,11.0,11.0157,10.9625,10.915
2022-06-02,11.0,11.0184,10.968,10.9208
2022-06-03,11.0,11.0184,10.9752,10.9271
2022-06-06,11.0,11.0181,10.9915,10.9487
2022-06-07,11.0,11.022,10.9948,10.9551
2022-06-08,11.0,11.0244,11.0026,10.9618
2022-06-09,11.0,11.0268,11.0058,10.9685
2022-06-10,11.0,11.0292,11.0114,10.9715
2022-06-13,11.0,11.0481,11.0301,10.9802
2022-06-14,11.0,11.045,11.0331,10.9831
2022-06-15,11.0,11.0468,11.0386,10.986
2022-06-16,11.0,11.0485,11.0442,10.9889
2022-06-17,11.0,11.0485,11.0498,10.9918
2022-06-20,11.0,11.0481,11.0696,11.0004
2022-06-21,11.0,11.045,11.0721,11.0033
2022-06-22,11.0,11.0468,11.0777,11.0062
2022-06-23,11.0,11.0485,11.0833,11.0091
2022-06-24,11.0,11.0485,11.0889,11.012
2022-06-27,11.0,11.0483,11.1091,11.0207
2022-06-28,11.0,11.0452,11.1112,11.0236
2022-06-29,11.0,11.0469,11.1168,11.0265
2022-06-30,11.0,11.0486,11.1224,11.0294
2022-07-01,11.0,11.0469,11.128,11.0317
2022-07-04,10.98,11.0434,11.128,11.0408
2022-07-05,10.99,11.0445,11.1277,11.0436
2022-07-06,10.99,11.0459,11.1276,11.0465
2022-07-07,11.0,11.0455,11.1275,11.0491
2022-07-08,11.0,11.0455,11.1275,11.0521
2022-07-11,11.0,11.042,11.1343,11.061
2022-07-12,11.0,11.0438,11.1351,11.0639
2022-07-13,11.0,11.0455,11.1361,11.0668
2022-07-14,11.0,11.0455,11.1387,11.0698
2022-07-15,11.0,11.0455,11.1401,11.0727
2022-07-18,11.0,11.042,11.1401,11.0814
2022-07-19,11.0,11.0438,11.1401,11.0844
2022-07-20,11.0,11.0455,11.1396,11.0872
2022-07-21,11.0,11.0455,11.1389,11.0902
2022-07-22,11.0,11.0455,11.132,11.0934
2022-07-25,11.0,11.042,11.1374,11.1018
2022-07-26,11.0,11.0438,11.1392,11.1047
2022-07-27,11.0,11.0455,11.1392,11.1076
2022-07-28,11.0,11.0455,11.1388,11.1105
2022-07-29,11.0,11.0455,11.1388,11.114
2022-08-01,11.0,11.047,11.1382,11.1222
2022-08-02,11.0,11.0438,11.14,11.1251
2022-08-03,11.0,11.0455,11.14,11.128
2022-08-04,11.0,11.0473,11.14,11.1309
2022-08-05,11.0,11.0479,11.14,11.1346
2022-08-08,11.0,11.0483,11.1401,11.1426
2022-08-09,11.0,11.0452,11.1419,11.1455
2022-08-10,11.0,11.0469,11.1437,11.1484
2022-08-11,11.0,11.0486,11.1462,11.1513
2022-08-12,11.0,11.0486,11.1486,11.1552
2022-08-15,11.0,11.0483,11.1486,11.163
2022-08-16,11.0,11.0452,11.1503,11.1659
2022-08-17,11.0,11.0469,11.1503,11.1688
2022-08-18,11.0,11.0486,11.1503,11.1717
2022-08-19,11.0,11.0486,11.1503,11.1758
2022-08-22,11.02,11.0483,11.1486,11.1834
2022-08-23,11.0,11.0458,11.1505,11.1864
2022-08-24,11.0,11.0475,11.1505,11.1893
2022-08-25,11.0,11.0492,11.1505,11.1922
2022-08-26,11.0,11.0492,11.1488,11.1965
2022-08-29,11.0,11.0489,11.1488,11.2039
2022-08-30,11.0,11.0458,11.1505,11.2061
2022-08-31,11.0,11.0475,11.1505,11.2084
2022-09-01,11.0,11.0492,11.1505,11.2106
2022-09-02,11.0,11.0492,11.1505,11.2134
2022-09-05,11.0,11.0489,11.1488,11.2229
2022-09-06,11.0,11.0458,11.1505,11.2251
2022-09-07,11.0,11.0475,11.1505,11.2272
2022-09-08,10.92,11.0492,11.1505,11.2307
2022-09-09,11.0,11.0466,11.1496,11.2324
2022-09-12,10.9,11.0463,11.1479,11.2423
2022-09-13,11.0,11.0396,11.1485,11.2438
2022-09-14,11.0,11.0415,11.1485,11.2458
2022-09-15,11.0,11.0434,11.1485,11.2487
2022-09-16,11.0,11.0434,11.1485,11.2516
2022-09-19,11.0,11.043,11.1468,11.262
2022-09-20,11.0,11.0396,11.1485,11.264
2022-09-21,11.0,11.0415,11.1485,11.2659
2022-09-22,11.0,11.0434,11.1485,11.2688
2022-09-23,11.0,11.0427,11.1485,11.2716
2022-09-26,11.0,11.0424,11.1468,11.2823
2022-09-27,11.0,11.0389,11.1485,11.2842
2022-09-28,11.0,11.0408,11.1485,11.286
2022-09-29,11.0,11.0427,11.1485,11.2889
2022-09-30,11.0,11.0427,11.1485,11.2917
2022-10-03,11.0,11.037,11.1468,11.292
2022-10-04,11.0,11.0389,11.1485,11.2938
2022-10-05,11.0,11.0408,11.1488,11.2938
2022-10-06,11.0,11.0408,11.1489,11.2938
2022-10-07,11.0,11.0408,11.149,11.2938
2022-10-10,11.0,11.0398,11.1473,11.2955
2022-10-11,11.0,11.0417,11.149,11.2973
2022-10-12,11.0,11.0435,11.149,11.2977
2022-10-13,11.0,11.0469,11.149,11.2982
2022-10-17,11.0,11.0431,11.1471,11.2984
2022-10-18,11.0,11.0448,11.1489,11.3002
2022-10-19,11.0,11.0465,11.1489,11.3002
2022-10-20,11.0,11.0465,11.1489,11.2999
2022-10-21,11.0,11.0465,11.1489,11.2996
2022-10-24,11.0,11.0431,11.1471,11.2962
2022-10-25,11.0,11.0448,11.1489,11.2979
2022-10-26,11.0,11.0465,11.1489,11.2997
2022-10-27,11.0,11.0465,11.1489,11.2997
2022-10-28,11.0,11.0465,11.1489,11.2995
2022-10-31,11.0,11.0431,11.1471,11.2974
2022-11-01,11.0,11.0448,11.1489,11.2992
2022-11-02,11.0,11.0465,11.1489,11.3009
2022-11-03,11.0,11.0483,11.1489,11.3009
2022-11-04,11.0,11.0483,11.1489,11.3009
2022-11-07,11.0,11.0479,11.1471,11.2976
2022-11-08,11.0,11.0448,11.1489,11.2993
2022-11-09,11.0,11.0465,11.1489,11.3011
2022-11-10,11.0,11.0483,11.1489,11.3028
2022-11-11,11.0,11.0483,11.1489,11.3042
2022-11-14,11.0,11.0434,11.1471,11.3028
2022-11-15,11.0,11.0452,11.1489,11.3045
2022-11-16,11.0,11.0469,11.1489,11.3062
2022-11-17,11.0,11.0486,11.1489,11.3062
2022-11-18,11.0,11.0486,11.1489,11.3062
2022-11-21,10.92,11.0483,11.1471,11.3028
2022-11-22,10.97,11.0424,11.148,11.304
2022-11-24,11.0,11.0439,11.147,11.3054
2022-11-25,11.0,11.0439,11.147,11.3054
2022-11-28,11.0,11.0436,11.1453,11.302
2022-11-29,11.0,11.0402,11.147,11.3037
2022-11-30,11.0,11.042,11.147,11.3054
2022-12-01,11.0,11.042,11.1453,11.3054
2022-12-02,11.0,11.042,11.1453,11.3037
2022-12-05,11.0,11.0383,11.1453,11.302
2022-12-06,11.0,11.0402,11.1453,11.3037
2022-12-07,11.0,11.042,11.1453,11.3037
2022-12-08,11.0,11.042,11.1453,11.3037
2022-12-09,11.0,11.042,11.1462,11.3037
2022-12-12,11.0,11.0383,11.1462,11.302
2022-12-13,11.0,11.0402,11.1473,11.3037
2022-12-14,11.0,11.042,11.1473,11.3037
2022-12-15,11.0,11.042,11.1473,11.3037
2022-12-16,11.0,11.042,11.1473,11.3037
2022-12-19,11.0,11.0383,11.1473,11.302
2022-12-20,11.0,11.0402,11.1473,11.3037
2022-12-21,11.0,11.042,11.1473,11.3037
2022-12-22,11.0,11.0447,11.1473,11.3037
2022-12-23,11.0,11.0452,11.1473,11.3037
2022-12-26,10.95,11.0434,11.1473,11.302
2022-12-27,11.0,11.0434,11.1468,11.3034
2022-12-28,11.0,11.0452,11.1468,11.3034
2022-12-29,10.97,11.0452,11.1468,11.3034
2022-12-30,11.0,11.0442,11.1464,11.3032
2023-01-03,11.0,11.042,11.148,11.3032
2023-01-04,10.98,11.0438,11.148,11.3049
2023-01-05,11.0,11.045,11.1478,11.3049
2023-01-06,11.0,11.045,11.1478,11.305
2023-01-09,11.0,11.0447,11.1461,11.3016
2023-01-10,11.0,11.0413,11.1478,11.3033
2023-01-11,11.0,11.0432,11.1478,11.305
2023-01-12,11.0,11.045,11.1478,11.305
2023-01-13,11.0,11.045,11.1478,11.305
2023-01-16,11.0,11.0447,11.1462,11.3016
2023-01-17,11.0,11.0413,11.1479,11.3033
2023-01-18,11.0,11.0432,11.1479,11.305
2023-01-20,11.0,11.0449,11.1479,11.305
2023-01-23,11.0,11.0446,11.1462,11.3015
2023-01-24,11.0,11.0412,11.1479,11.3033
2023-01-25,11.0,11.0431,11.1479,11.305
2023-01-26,11.0,11.0449,11.1479,11.305
2023-01-27,11.0,11.0465,11.1479,11.305
2023-01-30,11.0,11.0472,11.1462,11.3015
2023-01-31,11.0,11.0426,11.1479,11.3033
2023-02-01,11.0,11.0443,11.1479,11.305
2023-02-02,11.0,11.0461,11.1479,11.305
2023-02-03,11.0,11.0478,11.1479,11.305
2023-02-06,11.0,11.0481,11.1462,11.3015
2023-02-07,11.0,11.045,11.1479,11.3033
2023-02-08,11.0,11.0468,11.1479,11.305
2023-02-09,11.0,11.0485,11.1479,11.305
2023-02-10,11.0,11.0485,11.1479,11.305
2023-02-13,11.0,11.0481,11.1462,11.3015
2023-02-14,11.0,11.045,11.1479,11.3033
2023-02-15,11.0,11.0468,11.1479,11.305
2023-02-16,11.0,11.0485,11.1479,11.305
2023-02-17,11.0,11.0485,11.1479,11.305
2023-02-20,11.03,11.0483,11.1462,11.3015
2023-02-21,11.0,11.0462,11.1482,11.3035
2023-02-22,11.0,11.0479,11.1491,11.3052
2023-02-23,11.0,11.0496,11.1481,11.3051
2023-02-24,11.0,11.0496,11.1498,11.3051
2023-02-27,11.0,11.0492,11.1481,11.3016
2023-02-28,11.0,11.0462,11.1498,11.3033
2023-03-01,11.0,11.0445,11.1464,11.2999
2023-03-02,11.0,11.0445,11.1464,11.2999
2023-03-06,11.0,11.0442,11.1463,11.2998
2023-03-07,11.0,11.0442,11.1463,11.2998
2023-03-09,11.0,11.044,11.1463,11.3002
2023-03-10,11.0,11.044,11.1429,11.2968
2023-03-13,11.0,11.044,11.1463,11.3008
2023-03-14,11.0,11.044,11.1463,11.3008
2023-03-15,11.0,11.044,11.1463,11.3008
2023-03-16,11.0,11.044,11.1463,11.3008
2023-03-17,11.0,11.044,11.1429,11.2974
2023-03-20,11.0,11.044,11.1463,11.3008
2023-03-21,11.0,11.043,11.1463,11.3008
2023-03-22,11.0,11.043,11.1463,11.3008
2023-03-23,11.0,11.043,11.1463,11.3008
2023-03-24,11.0,11.043,11.1429,11.2974
2023-03-27,11.0,11.043,11.1468,11.3008
2023-03-28,11.0,11.043,11.1468,11.3008
2023-03-29,11.0,11.043,11.1468,11.3008
2023-03-30,11.0,11.0447,11.1472,11.3008
2023-03-31,11.0,11.0464,11.1423,11.2974
2023-04-03,11.0,11.0433,11.1473,11.3026
2023-04-04,11.0,11.045,11.1473,11.3026
2023-04-05,11.0,11.0468,11.1475,11.3026
2023-04-06,11.0,11.0485,11.1475,11.3026
2023-04-07,11.0,11.0485,11.1442,11.3026
2023-04-10,11.0,11.0483,11.1475,11.3026
2023-04-11,11.0,11.0452,11.1475,11.3026
2023-04-12,11.0,11.0469,11.1475,11.3026
2023-04-13,11.0,11.0486,11.1475,11.3026
2023-04-18,11.0,11.0443,11.1472,11.3025
2023-04-19,11.01,11.0461,11.1456,11.3025
2023-04-20,11.02,11.0481,11.1474,11.3025
2023-04-21,11.02,11.0488,11.1443,11.3027
2023-04-24,11.05,11.0504,11.1483,11.303
2023-04-25,11.01,11.0492,11.1489,11.3033
2023-04-26,11.0,11.0511,11.149,11.3034
2023-04-27,11.02,11.0527,11.149,11.3034
2023-04-28,11.0,11.0534,11.146,11.3035
2023-05-01,11.0,11.0487,11.1475,11.3017
2023-05-02,11.01,11.0503,11.1475,11.3017
2023-05-03,11.0,11.0521,11.1477,11.3018
2023-05-04,11.0,11.0521,11.1444,11.3018
2023-05-05,11.0,11.0521,11.1461,11.2984
2023-05-08,11.0,11.0491,11.1477,11.3018
2023-05-10,11.0,11.052,11.1476,11.3018
2023-05-11,10.59,11.052,11.1444,11.3018
2023-05-15,10.57,10.9868,11.1286,11.2922
2023-05-16,10.57,10.975,11.1236,11.2897
2023-05-17,10.57,10.9641,11.1187,11.2872
2023-05-18,10.53,10.954,11.1097,11.2846
2023-05-19,10.5,10.9382,11.1063,11.2783
2023-05-22,10.5,10.8699,11.0907,11.2736
2023-05-23,10.5,10.8601,11.0849,11.2692
2023-05-24,10.5,10.8511,11.0791,11.2682
2023-05-25,10.52,10.8327,11.0684,11.2652
2023-05-29,10.52,10.7436,11.0511,11.254
2023-05-30,10.5,10.7389,11.0484,11.2512
2023-05-31,10.5,10.7339,11.0455,11.2483
2023-06-01,10.5,10.7293,11.0427,11.2474
2023-06-02,10.5,10.713,11.0371,11.2445
2023-06-05,10.51,10.6636,11.0174,11.2358
2023-06-06,10.5,10.6172,11.015,11.233
2023-06-07,10.5,10.6163,11.0094,11.2301
2023-06-08,10.5,10.6155,11.0006,11.2272
2023-06-09,10.5,10.5827,10.9983,11.2243
2023-06-12,10.5,10.5518,10.978,11.2156
2023-06-13,10.5,10.553,10.976,11.2127
2023-06-14,10.5,10.5542,10.9704,11.2098
2023-06-15,10.5,10.5553,10.9648,11.2069
2023-06-16,10.5,10.5531,10.9592,11.204
2023-06-19,10.5,10.5472,10.9385,11.1953
2023-06-20,10.5,10.5446,10.9369,11.1924
2023-06-21,10.5,10.5461,10.9313,11.1895
2023-06-22,10.5,10.5475,10.9257,11.1866
2023-06-23,10.5,10.5475,10.9201,11.1837
2023-06-26,10.5,10.5407,10.8991,11.175
2023-06-27,10.5,10.5422,10.8978,11.1724
2023-06-28,10.5,10.5437,10.8922,11.1695
2023-06-29,10.5,10.5452,10.8867,11.1666
2023-06-30,10.5,10.5446,10.8811,11.1638
2023-07-03,10.5,10.5399,10.8596,11.1527
2023-07-04,10.48,10.5415,10.8539,11.1498
2023-07-05,10.49,10.5424,10.8481,11.1469
2023-07-06,10.49,10.5417,10.8423,11.1439
2023-07-07,10.5,10.5414,10.8366,11.1358
2023-07-10,10.5,10.5381,10.8196,11.1322
2023-07-11,10.5,10.5397,10.814,11.1293
2023-07-12,10.44,10.5414,10.8084,11.1264
2023-07-13,10.48,10.5393,10.802,11.1231
2023-07-14,10.47,10.5387,10.774,11.1147
2023-07-17,10.46,10.532,10.7728,11.1108
2023-07-18,10.47,10.5324,10.7724,11.1077
2023-07-19,10.47,10.5333,10.7664,11.1018
2023-07-20,10.5,10.5323,10.7603,11.1015
2023-07-21,10.5,10.5323,10.7545,11.093
2023-07-24,10.5,10.5284,10.7369,11.0899
2023-07-25,10.5,10.5304,10.7307,11.0869
2023-07-26,10.5,10.5323,10.7249,11.084
2023-07-27,10.5,10.5323,10.7193,11.0811
2023-07-28,10.5,10.5323,10.7134,11.0724
2023-07-31,10.5,10.5284,10.6965,11.0695
2023-08-01,10.5,10.5304,10.6974,11.0666
2023-08-02,10.5,10.5323,10.6919,11.0636
2023-08-03,10.25,10.5342,10.6862,11.0607
2023-08-04,10.25,10.526,10.6778,11.0504
2023-08-07,10.25,10.5027,10.6457,11.0433
2023-08-08,10.25,10.4883,10.6443,11.0389
2023-08-09,10.25,10.4832,10.6288,11.0345
2023-08-10,10.25,10.4785,10.6276,11.0301
2023-08-11,10.25,10.4704,10.6193,11.0195
2023-08-14,10.25,10.4483,10.6051,11.0127
2023-08-15,10.25,10.4334,10.6042,11.0083
2023-08-16,10.25,10.4301,10.6006,11.0039
2023-08-17,10.25,10.4272,10.5971,10.9996
2023-08-18,10.25,10.4203,10.5935,10.9886
2023-08-21,10.25,10.3976,10.5827,10.9819
2023-08-22,10.25,10.3761,10.582,10.9776
2023-08-23,10.25,10.3747,10.5792,10.9732
2023-08-24,10.25,10.3735,10.5764,10.9688
2023-08-25,10.25,10.3654,10.5736,10.9575
2023-08-29,10.25,10.315,10.5616,10.947
2023-08-30,10.25,10.3156,10.5586,10.9462
2023-08-31,10.25,10.3163,10.5558,10.9454
2023-09-01,10.25,10.3082,10.553,10.9447
2023-09-04,10.25,10.2916,10.5421,10.9245
2023-09-05,10.25,10.2889,10.5419,10.9239
2023-09-06,10.25,10.2904,10.539,10.9233
2023-09-07,10.25,10.2919,10.5362,10.919
2023-09-08,10.25,10.2919,10.5334,10.9109
2023-09-11,10.25,10.2916,10.5223,10.8941
2023-09-12,10.25,10.2889,10.5222,10.8937
2023-09-13,10.25,10.2904,10.5194,10.8932
2023-09-14,10.0,10.2838,10.5111,10.8832
2023-09-18,10.03,10.2591,10.4913,10.858
2023-09-19,10.0,10.2465,10.4891,10.8564
2023-09-20,10.0,10.241,10.4835,10.8547
2023-09-21,10.0,10.236,10.478,10.849
2023-09-22,10.0,10.2278,10.4724,10.8432
2023-09-25,10.0,10.2032,10.4522,10.8176
2023-09-26,10.0,10.1809,10.4501,10.8161
2023-09-27,10.0,10.1773,10.4445,10.8146
2023-09-28,10.0,10.1741,10.4389,10.8089
2023-09-29,10.0,10.1712,10.4334,10.8031
2023-10-02,10.0,10.1269,10.4127,10.7771
2023-10-03,10.0,10.1252,10.4111,10.7758
2023-10-04,10.0,10.1237,10.4055,10.77
2023-10-05,10.0,10.1153,10.4001,10.7643
2023-10-06,10.0,10.1069,10.3947,10.7585
2023-10-09,10.0,10.064,10.3737,10.7366
2023-10-10,10.0,10.0644,10.3725,10.7355
2023-10-11,10.0,10.0649,10.3669,10.7297
2023-10-12,10.0,10.0565,10.3613,10.724
2023-10-13,10.0,10.0481,10.3564,10.7182
2023-10-16,10.0,10.037,10.3362,10.6913
2023-10-17,10.0,10.0384,10.3354,10.6905
2023-10-18,10.0,10.0397,10.3302,10.6896
2023-10-19,10.0,10.0387,10.325,10.6838
2023-10-20,10.0,10.0387,10.3198,10.678
2023-10-23,10.0,10.0359,10.2979,10.6552
2023-10-24,10.0,10.0373,10.2975,10.6546
2023-10-25,10.0,10.0387,10.2919,10.6485
2023-10-26,10.0,10.0387,10.2863,10.6427
2023-10-27,10.0,10.0387,10.2807,10.6369
2023-10-30,10.0,10.0359,10.2585,10.6143
2023-10-31,10.0,10.0373,10.2585,10.6138
2023-11-01,10.0,10.0387,10.2529,10.6134
2023-11-02,10.0,10.0401,10.2473,10.6077
2023-11-03,10.0,10.0401,10.2417,10.6019
2023-11-06,10.0,10.0399,10.2303,10.5738
2023-11-07,10.0,10.0373,10.2306,10.5735
2023-11-08,10.0,10.0387,10.2278,10.5733
2023-11-09,10.0,10.0401,10.225,10.562
2023-11-10,10.0,10.0401,10.2222,10.5618
2023-11-13,10.0,10.0399,10.2106,10.5428
2023-11-14,10.0,10.0373,10.2111,10.5428
2023-11-15,10.0,10.0387,10.2083,10.5427
2023-11-16,10.0,10.0401,10.2055,10.5394
2023-11-17,10.0,10.0401,10.2027,10.5362
2023-11-20,10.0,10.0399,10.1909,10.5212
2023-11-21,10.0,10.0373,10.1916,10.5212
2023-11-22,10.0,10.0387,10.1888,10.5213
2023-11-24,10.0,10.04,10.1832,10.5155
2023-11-27,10.0,10.0398,10.1675,10.5006
2023-11-28,10.0,10.0372,10.1684,10.5007
2023-11-29,10.0,10.0386,10.1694,10.5008
2023-11-30,10.0,10.04,10.1666,10.4979
2023-12-01,10.0,10.0386,10.16,10.492
2023-12-04,10.0,10.0358,10.1516,10.4802
2023-12-05,10.0,10.0372,10.1487,10.4805
2023-12-06,10.0,10.0386,10.1459,10.4775
2023-12-07,10.0,10.0386,10.1431,10.4747
2023-12-08,10.0,10.0386,10.1403,10.4718
2023-12-11,10.0,10.0358,10.1318,10.46
2023-12-12,10.0,10.0372,10.129,10.4603
2023-12-13,10.0,10.0386,10.1262,10.4574
2023-12-14,10.0,10.0386,10.1234,10.4545
2023-12-15,10.0,10.0386,10.1234,10.4517
2023-12-18,10.0,10.0358,10.1234,10.4397
2023-12-19,10.0,10.0372,10.1231,10.4402
2023-12-20,10.0,10.0386,10.1231,10.4373
2023-12-21,9.5,10.0386,10.1231,10.4344
2023-12-22,9.5,10.0218,10.1174,10.4287
2023-12-25,9.5,9.964,10.1005,10.408
2023-12-26,9.5,9.9505,10.0949,10.4057
2023-12-27,9.5,9.938,10.0893,10.3999
2023-12-28,9.5,9.9212,10.0837,10.3942
2023-12-29,9.5,9.9044,10.078,10.3884
2024-01-03,9.5,9.8198,10.0519,10.3633
2024-01-04,9.5,9.812,10.0463,10.3576
2024-01-05,9.55,9.7957,10.0407,10.352
2024-01-08,9.55,9.7516,10.0232,10.3281
2024-01-09,9.55,9.7137,10.0207,10.3265
2024-01-10,9.5,9.7107,10.0157,10.325
2024-01-11,9.5,9.7063,10.0101,10.3193
2024-01-12,9.5,9.6901,10.0045,10.3136
2024-01-15,9.5,9.6411,9.9849,10.2892
2024-01-16,9.5,9.5939,9.9822,10.2876
2024-01-17,9.5,9.5931,9.9767,10.286
2024-01-18,9.5,9.5925,9.9711,10.2805
2024-01-22,9.5,9.5433,9.9455,10.2494
2024-01-23,9.5,9.5415,9.9432,10.2479
2024-01-24,9.5,9.5425,9.9376,10.2465
2024-01-25,9.5,9.5435,9.932,10.2408
2024-01-26,9.5,9.5435,9.9265,10.2351
2024-01-29,9.5,9.5433,9.9061,10.209
2024-01-30,9.5,9.5402,9.9042,10.2077
2024-01-31,9.48,9.5411,9.8986,10.2065
2024-02-01,9.0,9.5414,9.8929,10.2007
2024-02-02,9.0,9.5256,9.8817,10.1921
2024-02-05,9.0,9.4782,9.844,10.1627
2024-02-06,9.0,9.4494,9.8372,10.1588
2024-02-07,9.0,9.4367,9.826,10.155
2024-02-08,9.0,9.4248,9.8149,10.1479
2024-02-09,9.0,9.4069,9.8038,10.1407
2024-02-12,9.0,9.3563,9.7652,10.1122
2024-02-13,9.0,9.3244,9.7593,10.1086
2024-02-14,9.0,9.3158,9.7481,10.1051
2024-02-15,9.0,9.3078,9.737,10.0979
2024-02-16,9.0,9.2916,9.7259,10.0908
2024-02-19,9.0,9.2081,9.6864,10.0617
2024-02-20,9.0,9.2031,9.6813,10.0584
2024-02-21,9.0,9.1985,9.6702,10.0551
2024-02-22,9.0,9.1943,9.6591,10.048
2024-02-23,9.0,9.1781,9.6415,10.0408
2024-02-26,9.0,9.1291,9.6077,10.0072
2024-02-27,9.0,9.0816,9.6035,10.0041
2024-02-28,9.0,9.081,9.5923,10.0011
2024-02-29,9.0,9.0806,9.5812,9.9981
2024-03-01,9.0,9.0302,9.5627,9.9825
2024-03-04,9.0,9.0291,9.529,9.9609
2024-03-05,9.0,9.0302,9.5178,9.9537
2024-03-06,9.0,9.0302,9.5065,9.9465
2024-03-07,9.0,9.0302,9.4953,9.9393
2024-03-11,9.0,9.0288,9.4502,9.9104
2024-03-12,9.0,9.03,9.439,9.9032
2024-03-13,9.0,9.03,9.4277,9.896
2024-03-14,8.25,9.03,9.4165,9.8888
2024-03-15,8.25,9.0039,9.3968,9.8787
2024-03-18,8.25,8.921,9.3378,9.8485
2024-03-19,8.25,8.8998,9.3182,9.8382
2024-03-20,8.25,8.8738,9.2985,9.8281
2024-03-21,8.25,8.8477,9.2788,9.818
2024-03-22,8.25,8.8217,9.2648,9.8079
2024-03-25,8.25,8.7323,9.2226,9.7777
2024-03-26,8.25,8.7176,9.2086,9.7676
2024-03-27,8.25,8.6916,9.1945,9.7576
2024-03-28,8.25,8.6655,9.1805,9.7475
2024-03-29,8.25,8.6395,9.1664,9.7374
2024-04-01,8.25,8.5935,9.1113,9.7072
2024-04-02,8.25,8.5354,9.1038,9.7014
2024-04-03,8.25,8.5278,9.0964,9.6914
2024-04-04,8.25,8.5207,9.0824,9.6813
2024-04-05,8.25,8.4963,9.0683,9.6713
2024-04-08,8.25,8.3553,9.0246,9.6366
2024-04-10,8.26,8.3518,8.9953,9.6212
2024-04-11,8.25,8.3506,8.9814,9.6112
2024-04-12,8.25,8.3263,8.9674,9.6012
2024-04-15,8.25,8.2774,8.9253,9.5662
2024-04-16,8.25,8.2757,8.9112,9.5612
2024-04-17,8.25,8.2766,8.8972,9.5511
2024-04-18,8.25,8.2776,8.8831,9.5411
2024-04-19,8.25,8.2776,8.8408,9.5311
2024-04-22,8.25,8.2774,8.8271,9.4957
2024-04-23,8.25,8.2757,8.8131,9.4911
2024-04-24,8.25,8.2766,8.799,9.481
2024-04-25,8.25,8.2776,8.785,9.471
2024-04-26,8.25,8.2776,8.771,9.461
2024-04-29,8.25,8.2774,8.7289,9.4253
2024-04-30,8.25,8.2757,8.7149,9.421
2024-05-01,8.25,8.2766,8.6899,9.4051
2024-05-02,8.25,8.2766,8.6814,9.3951
2024-05-03,8.25,8.2766,8.6612,9.385
2024-05-07,8.25,8.2755,8.6388,9.3448
2024-05-08,8.25,8.2764,8.6303,9.3347
2024-05-10,8.25,8.2764,8.6003,9.3146
2024-05-13,8.25,8.2742,8.5877,9.2844
2024-05-14,8.25,8.2751,8.5792,9.2743
2024-05-15,8.25,8.2761,8.5707,9.2643
2024-05-16,8.25,8.2761,8.5622,9.2542
2024-05-17,8.25,8.2761,8.5394,9.2442
2024-05-20,8.26,8.2742,8.5282,9.214
2024-05-21,8.25,8.2755,8.5198,9.204
2024-05-22,8.25,8.2764,8.5113,9.194
2024-05-23,8.0,8.2764,8.5028,9.1769
2024-05-24,8.0,8.268,8.4758,9.1724
2024-05-27,8.0,8.2386,8.4575,9.138
2024-05-28,8.0,8.2321,8.4461,9.1265
2024-05-29,8.0,8.2261,8.4348,9.115
2024-05-30,8.0,8.2177,8.4234,9.1035
2024-05-31,8.0,8.2093,8.4206,9.0921
2024-06-03,8.0,8.1879,8.387,9.0576
2024-06-04,8.0,8.1669,8.3846,9.0538
2024-06-05,8.0,8.1629,8.3735,9.0424
2024-06-06,8.0,8.1592,8.3624,9.031
2024-06-07,8.0,8.1558,8.3513,9.0196
2024-06-10,8.0,8.1313,8.3086,8.9773
2024-06-11,8.0,8.1109,8.307,8.9739
2024-06-12,8.0,8.109,8.2959,8.9625
2024-06-13,8.0,8.1072,8.2848,8.9511
2024-06-14,8.0,8.099,8.2737,8.9396
2024-06-17,8.0,8.0745,8.2637,8.897
2024-06-18,8.0,8.0502,8.2626,8.894
2024-06-19,8.0,8.0503,8.2599,8.8826
2024-06-20,8.0,8.0504,8.2571,8.8712
2024-06-21,8.0,8.0419,8.2543,8.8598
2024-06-24,8.0,8.0255,8.2441,8.8281
2024-06-25,8.0,8.0239,8.2432,8.8255
2024-06-26,8.0,8.0248,8.2405,8.817
2024-06-27,8.0,8.0257,8.2377,8.8084
2024-06-28,8.0,8.0257,8.2349,8.7999
2024-07-01,8.0,8.023,8.2245,8.7553
2024-07-02,8.0,8.0239,8.2217,8.7531
2024-07-03,8.0,8.0248,8.2189,8.7508
2024-07-04,8.0,8.0248,8.2161,8.7422
2024-07-05,8.0,8.0248,8.2133,8.7336
2024-07-08,8.0,8.023,8.2049,8.707
2024-07-09,8.0,8.0239,8.1997,8.6981
2024-07-10,8.0,8.0248,8.1993,8.6892
2024-07-11,8.0,8.0248,8.1964,8.6806
2024-07-12,8.0,8.0248,8.1936,8.672
2024-07-15,8.0,8.023,8.1852,8.6463
2024-07-16,8.0,8.0239,8.1823,8.6377
2024-07-17,8.0,8.0248,8.1795,8.6291
2024-07-18,8.0,8.0248,8.1767,8.6205
2024-07-19,8.0,8.0248,8.1739,8.5903
2024-07-22,8.0,8.023,8.1655,8.5862
2024-07-23,8.0,8.0239,8.1627,8.5776
2024-07-24,8.0,8.0248,8.1599,8.569
2024-07-25,8.0,8.0248,8.1571,8.5604
2024-07-26,8.0,8.0248,8.1543,8.5518
2024-07-29,8.0,8.023,8.1459,8.526
2024-07-30,8.0,8.0239,8.1431,8.5175
2024-07-31,8.0,8.0248,8.1403,8.5089
2024-08-01,8.0,8.0257,8.1406,8.5004
2024-08-02,8.0,8.0257,8.1378,8.4947
2024-08-05,8.0,8.0255,8.1232,8.4775
2024-08-06,8.0,8.0239,8.1236,8.4718
2024-08-07,8.0,8.0248,8.124,8.466
2024-08-08,8.0,8.0257,8.1212,8.4603
2024-08-09,8.0,8.0257,8.1152,8.4546
2024-08-12,8.01,8.0255,8.1068,8.4374
2024-08-13,8.0,8.0242,8.1075,8.4318
2024-08-14,8.0,8.0251,8.1047,8.426
2024-08-15,8.0,8.026,8.1019,8.4203
2024-08-16,8.0,8.026,8.0992,8.4146
2024-08-19,8.0,8.0258,8.0873,8.3974
2024-08-20,8.0,8.0242,8.0881,8.3917
2024-08-21,8.0,8.0251,8.0852,8.386
2024-08-22,8.0,8.026,8.0824,8.3803
2024-08-23,8.0,8.026,8.0797,8.3745
2024-08-26,8.0,8.0258,8.0788,8.3574
2024-08-27,8.0,8.0242,8.0797,8.3517
2024-08-29,8.0,8.0259,8.0796,8.3402
2024-08-30,8.0,8.0259,8.0796,8.3345
2024-09-02,8.0,8.0258,8.0787,8.3173
2024-09-03,8.0,8.0242,8.0796,8.3174
2024-09-04,8.0,8.025,8.0796,8.3175
2024-09-05,8.0,8.0259,8.0796,8.3118
2024-09-06,8.0,8.0259,8.0796,8.3062
2024-09-09,8.0,8.0258,8.0787,8.2773
2024-09-10,8.0,8.0242,8.0796,8.2776
2024-09-11,8.0,8.025,8.0796,8.2779
2024-09-12,8.0,8.0259,8.0796,8.2723
2024-09-13,8.0,8.0256,8.0796,8.2666
2024-09-16,8.0,8.0254,8.0787,8.2545
2024-09-17,8.0,8.0238,8.0796,8.2549
2024-09-18,8.0,8.0247,8.0796,8.2553
2024-09-19,8.0,8.0256,8.0796,8.2539
2024-09-20,8.0,8.0256,8.0796,8.2524
2024-09-23,8.0,8.0254,8.0787,8.2444
2024-09-24,8.0,8.0238,8.0796,8.2449
2024-09-25,8.01,8.0247,8.0796,8.2454
2024-09-26,8.0,8.0259,8.0798,8.244
2024-09-27,8.0,8.0259,8.0798,8.2426
2024-09-30,8.0,8.0258,8.0789,8.2345
2024-10-01,8.0,8.0242,8.0798,8.235
2024-10-02,8.0,8.0251,8.0798,8.2336
2024-10-03,8.0,8.0251,8.0798,8.2322
2024-10-04,8.0,8.0251,8.0798,8.2307
2024-10-07,8.0,8.0233,8.0789,8.2245
2024-10-08,8.0,8.0242,8.0798,8.2251
2024-10-09,8.0,8.0251,8.0798,8.2216
2024-10-10,8.0,8.0251,8.0798,8.2222
2024-10-11,8.0,8.0251,8.0798,8.2207
2024-10-15,8.0,8.024,8.0797,8.215
2024-10-16,8.0,8.0249,8.0797,8.2136
2024-10-17,8.0,8.0249,8.0797,8.2122
2024-10-18,8.0,8.0249,8.0797,8.2108
2024-10-21,8.0,8.0231,8.0788,8.2044
2024-10-22,8.0,8.024,8.0797,8.2051
2024-10-23,8.02,8.0256,8.0799,8.2038
2024-10-24,8.0,8.0256,8.0799,8.2023
2024-10-25,8.0,8.0256,8.0799,8.2009
2024-10-28,8.0,8.0235,8.079,8.1945
2024-10-29,8.0,8.0244,8.0799,8.1952
2024-10-30,8.04,8.0266,8.0804,8.194
2024-10-31,8.17,8.0323,8.0822,8.1936
2024-11-01,8.02,8.0336,8.0825,8.1944
2024-11-04,8.02,8.0354,8.0823,8.184
2024-11-05,8.04,8.0358,8.0836,8.185
2024-11-06,8.08,8.039,8.0845,8.1862
2024-11-07,8.0,8.0395,8.0845,8.187
2024-11-08,8.04,8.0408,8.0849,8.1858
2024-11-11,8.04,8.0445,8.0854,8.1778
2024-11-12,8.04,8.0456,8.0867,8.1788
2024-11-13,8.17,8.0516,8.0885,8.1806
2024-11-14,8.17,8.0573,8.0903,8.1802
2024-11-15,8.11,8.0607,8.0916,8.1794
2024-11-18,8.13,8.0732,8.0952,8.1728
2024-11-19,8.17,8.0808,8.0978,8.1746
2024-11-20,8.08,8.0825,8.0987,8.1759
2024-11-21,8.22,8.0887,8.1011,8.1757
2024-11-22,8.24,8.0965,8.1038,8.1756
2024-11-25,8.25,8.12,8.1115,8.1768
2024-11-26,8.42,8.1394,8.1167,8.18
2024-11-27,8.5,8.1532,8.1223,8.1837
2024-11-28,8.5,8.1663,8.1275,8.1865
2024-11-29,8.5,8.1825,8.1334,8.1893
2024-12-02,8.5,8.2399,8.1499,8.1964
2024-12-03,8.5,8.2507,8.1555,8.1999
2024-12-04,8.38,8.2569,8.1597,8.2021
2024-12-05,8.43,8.27,8.1646,8.2045
2024-12-06,8.5,8.2841,8.1702,8.2074
2024-12-09,8.5,8.3488,8.187,8.2153
2024-12-10,8.5,8.3559,8.1926,8.2188
2024-12-11,8.5,8.3626,8.1982,8.2216
2024-12-12,8.5,8.378,8.2038,8.2245
2024-12-13,8.5,8.3891,8.2094,8.2273
2024-12-16,8.5,8.4429,8.2262,8.2353
2024-12-17,8.5,8.4468,8.2318,8.2387
2024-12-18,8.49,8.4501,8.2373,8.2415
2024-12-19,8.49,8.4609,8.2428,8.2442
2024-12-20,8.49,8.4746,8.2483,8.2483
2024-12-23,8.5,8.5151,8.2651,8.2552
2024-12-24,8.5,8.5165,8.2707,8.2584
2024-12-25,8.5,8.5179,8.2763,8.2613
2024-12-26,8.5,8.5206,8.2818,8.2641
2024-12-27,8.5,8.5206,8.2874,8.2669
2024-12-30,8.47,8.5148,8.3032,8.2747
2024-12-31,8.49,8.5158,8.3087,8.2777
2025-01-03,8.49,8.5174,8.3234,8.2863
2025-01-06,8.5,8.5234,8.3419,8.2944
2025-01-08,8.5,8.5223,8.3511,8.3005
2025-01-09,8.5,8.5235,8.3567,8.3033
2025-01-10,8.49,8.5232,8.3621,8.3061
2025-01-13,8.46,8.5191,8.3822,8.3137
2025-01-14,8.44,8.5145,8.3847,8.3163
2025-01-15,8.42,8.5133,8.387,8.3188
2025-01-16,8.44,8.5128,8.3919,8.3212
2025-01-17,8.45,8.5112,8.3969,8.3238
2025-01-20,8.49,8.511,8.4159,8.3321
2025-01-21,8.49,8.5076,8.4186,8.3349
2025-01-22,8.49,8.5089,8.4241,8.3377
2025-01-23,8.41,8.5076,8.4284,8.34
2025-01-24,8.39,8.504,8.4327,8.3422
2025-01-27,8.4,8.4941,8.4491,8.3491
2025-01-28,8.39,8.4892,8.4504,8.3513
2025-01-29,8.4,8.4881,8.4548,8.3535
2025-01-30,8.3,8.4839,8.4577,8.3551
2025-01-31,8.25,8.4761,8.4586,8.3566
2025-02-03,8.28,8.4557,8.4703,8.3616
2025-02-04,8.28,8.4412,8.4701,8.3631
2025-02-05,8.3,8.4383,8.473,8.3646
2025-02-06,8.24,8.4338,8.4748,8.366
2025-02-07,8.25,8.4213,8.4775,8.3674
2025-02-10,8.25,8.4015,8.4876,8.372
2025-02-11,8.25,8.3864,8.4869,8.3732
2025-02-12,8.26,8.384,8.4893,8.3745
2025-02-13,8.22,8.3806,8.4899,8.3757
2025-02-14,8.23,8.3737,8.4905,8.377
2025-02-17,8.25,8.3554,8.4969,8.3818
2025-02-18,8.25,8.334,8.4961,8.3829
2025-02-19,8.25,8.333,8.497,8.3841
2025-02-20,8.26,8.3325,8.499,8.3856
2025-02-21,8.26,8.325,8.4994,8.387
2025-02-24,8.25,8.3073,8.5003,8.3919
2025-02-25,8.27,8.2927,8.4997,8.3931
2025-02-26,8.28,8.2941,8.4982,8.3944
2025-02-27,8.26,8.2948,8.4955,8.3959
2025-02-28,8.26,8.2906,8.4929,8.3977
2025-03-04,8.29,8.2832,8.4805,8.405
2025-03-05,8.27,8.2821,8.4787,8.4066
2025-03-06,8.3,8.2843,8.4764,8.4083
2025-03-07,8.33,8.2872,8.47,8.4111
2025-03-10,8.32,8.2947,8.4684,8.4157
2025-03-11,8.28,8.2958,8.4659,8.4173
2025-03-12,8.32,8.2979,8.4638,8.4192
2025-03-13,8.28,8.3001,8.4613,8.4208
2025-03-14,8.27,8.3015,8.4539,8.4234
2025-03-17,8.3,8.3069,8.4519,8.4275
2025-03-18,8.31,8.3091,8.4499,8.4293
2025-03-19,8.35,8.3127,8.4483,8.4313
2025-03-20,8.25,8.3123,8.4456,8.4327
2025-03-21,8.26,8.3123,8.4377,8.4354
2025-03-24,8.28,8.3155,8.4354,8.4391
2025-03-25,8.28,8.3159,8.4329,8.4407
2025-03-26,8.3,8.3166,8.4306,8.4424
2025-03-27,8.28,8.3173,8.4281,8.444
2025-03-28,8.28,8.318,8.4211,8.4469
2025-03-31,8.27,8.3152,8.4189,8.4502
2025-04-01,8.27,8.3154,8.4109,8.4511
2025-04-02,8.26,8.3153,8.4111,8.4526
2025-04-03,8.28,8.3159,8.4115,8.4542
2025-04-04,8.27,8.3163,8.403,8.4558
2025-04-07,8.27,8.3132,8.398,8.4604
2025-04-08,8.27,8.3073,8.3985,8.462
2025-04-10,8.22,8.3052,8.3922,8.4645
2025-04-11,8.2,8.3026,8.3839,8.4656
2025-04-14,8.2,8.2936,8.3807,8.4698
2025-04-15,8.2,8.2861,8.3782,8.4702
2025-04-16,8.2,8.285,8.3755,8.4714
2025-04-17,8.1,8.2808,8.3715,8.4719
2025-04-22,8.0,8.2263,8.3436,8.4719
2025-04-23,8.1,8.2239,8.3401,8.4723
2025-04-24,8.02,8.219,8.3359,8.4724
2025-04-25,8.0,8.21,8.326,8.4724
2025-04-28,8.0,8.1819,8.3179,8.4724
2025-04-29,8.0,8.1628,8.3133,8.4724
2025-04-30,8.0,8.1591,8.3099,8.4722
2025-05-01,8.0,8.1501,8.3024,8.4719
2025-05-02,8.0,8.1414,8.3007,8.4731
2025-05-05,8.0,8.099,8.2925,8.4713
2025-05-06,8.0,8.0973,8.2897,8.4708
2025-05-07,8.0,8.0957,8.2868,8.4708
2025-05-08,8.0,8.0867,8.2811,8.4706
2025-05-13,8.0,8.0445,8.2697,8.4686
2025-05-14,8.0,8.0447,8.2671,8.4677
2025-05-15,8.0,8.038,8.2609,8.467
2025-05-16,8.0,8.0313,8.2597,8.4663
2025-05-19,8.0,8.0261,8.2528,8.4638
2025-05-20,8.0,8.0268,8.2498,8.4633
2025-05-21,8.0,8.0276,8.2468,8.4621
2025-05-22,8.0,8.0284,8.2401,8.4607
2025-05-23,8.0,8.025,8.2392,8.4578
2025-05-27,8.0,8.0233,8.2289,8.4511
2025-05-28,8.0,8.0242,8.2259,8.4482
2025-05-29,8.0,8.0242,8.2147,8.4453
2025-05-30,8.0,8.0242,8.214,8.4379
2025-06-02,8.0,8.0249,8.2121,8.4361
2025-06-03,8.0,8.0233,8.2116,8.4333
2025-06-04,8.0,8.0242,8.211,8.4311
2025-06-05,8.0,8.0251,8.208,8.4286
2025-06-06,8.0,8.0251,8.2047,8.4258
2025-06-09,8.0,8.0219,8.1907,8.4172
2025-06-10,8.0,8.0228,8.1904,8.4143
2025-06-11,8.0,8.0237,8.1873,8.4115
2025-06-12,8.0,8.0246,8.1838,8.4086
2025-06-13,8.0,8.0255,8.1807,8.4057
2025-06-16,8.0,8.0253,8.1677,8.3971
2025-06-17,8.0,8.0237,8.1677,8.3943
2025-06-18,8.0,8.0246,8.1642,8.3915
2025-06-19,8.0,8.0255,8.1604,8.3887
2025-06-20,8.0,8.0255,8.1576,8.3859
2025-06-23,8.0,8.0253,8.1452,8.3773
2025-06-24,8.0,8.023,8.1454,8.3744
2025-06-25,8.0,8.0239,8.1423,8.3716
2025-06-26,8.0,8.0248,8.139,8.3687
2025-06-27,8.0,8.0257,8.1359,8.3658
2025-06-30,8.0,8.0255,8.1233,8.3578
2025-07-01,8.0,8.0239,8.1203,8.3469
2025-07-02,8.0,8.0248,8.1174,8.3468
2025-07-03,8.0,8.0248,8.1143,8.3467
2025-07-04,8.0,8.0248,8.1112,8.3382
2025-07-07,8.0,8.023,8.1022,8.3323
2025-07-08,8.0,8.0239,8.0991,8.3323
2025-07-09,8.0,8.0248,8.0935,8.3294
2025-07-10,8.0,8.0248,8.0942,8.3266
2025-07-11,8.0,8.0248,8.092,8.3186
2025-07-14,8.0,8.023,8.0853,8.3162
2025-07-15,8.0,8.0239,8.083,8.3137
2025-07-16,8.0,8.0248,8.0808,8.3112
2025-07-17,8.0,8.0248,8.0797,8.3086
2025-07-18,8.0,8.0248,8.0763,8.2999
2025-07-21,8.0,8.023,8.0789,8.2974
2025-07-22,8.0,8.0239,8.0798,8.2945
2025-07-23,8.0,8.0248,8.0787,8.2922
2025-07-24,8.0,8.0248,8.0785,8.2899
2025-07-25,8.0,8.0248,8.0785,8.2826
2025-07-28,8.0,8.023,8.0785,8.2808
2025-07-29,8.0,8.0239,8.0785,8.2785
2025-07-30,8.0,8.0248,8.0785,8.2768
2025-07-31,8.0,8.0248,8.0785,8.2753
2025-08-01,8.0,8.0257,8.0794,8.2699
2025-08-04,8.0,8.0255,8.0785,8.2689
2025-08-05,8.0,8.0239,8.0794,8.2672
2025-08-06,8.0,8.0248,8.0794,8.2658
2025-08-07,8.0,8.0257,8.0794,8.2644
2025-08-08,8.0,8.0257,8.0794,8.2594
2025-08-11,8.0,8.0255,8.0777,8.2586
2025-08-12,8.0,8.0239,8.0786,8.2571
2025-08-13,8.0,8.0248,8.0795,8.2558
2025-08-14,8.0,8.0257,8.0795,8.2545
2025-08-15,8.0,8.0257,8.0795,8.2494
2025-08-18,8.0,8.0255,8.0786,8.2488
2025-08-19,8.0,8.0239,8.0795,8.2473
2025-08-20,8.0,8.0248,8.0795,8.2458
2025-08-21,8.0,8.0257,8.0795,8.2444
2025-08-22,8.0,8.0257,8.0795,8.2391
2025-08-25,8.0,8.0255,8.0778,8.2385
2025-08-26,8.0,8.0239,8.0787,8.2369
2025-08-27,8.0,8.0248,8.0795,8.2354
2025-08-29,8.0,8.0256,8.0795,8.2257
2025-09-01,8.0,8.0254,8.0786,8.2272
2025-09-02,8.0,8.0238,8.0795,8.2278
2025-09-03,8.0,8.0247,8.0795,8.2283
2025-09-04,8.0,8.0256,8.0795,8.2289
2025-09-05,8.0,8.0256,8.0795,8.2274
2025-09-08,8.0,8.0254,8.0786,8.2172
2025-09-09,8.0,8.0238,8.0795,8.2178
2025-09-10,8.0,8.0247,8.0795,8.2184
2025-09-11,8.0,8.0256,8.0795,8.2168
2025-09-12,8.0,8.0256,8.0795,8.215
2025-09-15,8.0,8.0254,8.0786,8.2054
2025-09-16,8.0,8.0238,8.0795,8.2061
2025-09-17,8.0,8.0247,8.0795,8.2068
2025-09-18,8.0,8.0256,8.0795,8.205
2025-09-19,8.0,8.0256,8.0795,8.203
2025-09-22,8.0,8.0254,8.0786,8.1939
2025-09-23,8.0,8.0238,8.0795,8.1947
2025-09-24,8.0,8.0247,8.0795,8.1954
2025-09-25,8.0,8.0256,8.0795,8.1938
2025-09-26,8.0,8.0256,8.0795,8.1921
2025-09-29,8.0,8.0255,8.0786,8.1828
2025-09-30,8.0,8.0239,8.0795,8.1836
2025-10-01,8.0,8.0248,8.0795,8.182
2025-10-02,8.0,8.0248,8.0795,8.1806
2025-10-03,8.0,8.0248,8.0795,8.179
2025-10-06,8.0,8.023,8.0786,8.172
2025-10-07,8.0,8.0239,8.0795,8.1728
2025-10-08,8.0,8.0248,8.0795,8.1713
2025-10-09,8.0,8.0248,8.0795,8.1679
2025-10-10,8.0,8.0248,8.0795,8.1688
2025-10-13,8.0,8.023,8.0786,8.1634
2025-10-15,8.0,8.0247,8.0795,8.1631
2025-10-16,8.0,8.0247,8.0795,8.162
2025-10-17,8.0,8.0247,8.0795,8.1614
2025-10-20,8.0,8.0229,8.0786,8.1597
2025-10-21,8.0,8.0238,8.0795,8.1606
2025-10-22,8.0,8.0247,8.0795,8.1615
2025-10-23,8.0,8.0247,8.0795,8.1609
2025-10-24,8.0,8.0247,8.0795,8.1608
2025-10-27,8.0,8.0229,8.0786,8.1599
2025-10-28,8.0,8.0238,8.0795,8.1608
2025-10-29,8.0,8.0247,8.0795,8.1608
2025-10-30,8.0,8.0247,8.0795,8.1608
2025-10-31,8.0,8.0247,8.0795,8.1608
2025-11-03,8.0,8.0254,8.0786,8.1599
2025-11-04,8.0,8.0238,8.0795,8.1608
2025-11-05,8.0,8.0247,8.0795,8.1617
2025-11-06,8.0,8.0256,8.0795,8.1617
2025-11-07,8.0,8.0256,8.0795,8.1617
2025-11-10,8.0,8.0254,8.0786,8.1591
2025-11-11,8.0,8.0238,8.0795,8.16
2025-11-12,8.0,8.0247,8.0795,8.1609
2025-11-13,8.0,8.0256,8.0795,8.1618
2025-11-14,8.0,8.0248,8.0795,8.1618
2025-11-17,8.0,8.0255,8.0786,8.16
2025-11-18,8.0,8.0239,8.0795,8.1609
2025-11-19,8.0,8.0248,8.0795,8.1618
2025-11-20,8.0,8.0257,8.0795,8.1618
2025-11-21,8.0,8.0257,8.0795,8.1618
2025-11-24,8.0,8.0255,8.0786,8.1591
2025-11-25,8.0,8.0239,8.0795,8.16
2025-11-26,8.0,8.0248,8.0795,8.1609
2025-11-27,8.0,8.0257,8.0795,8.1618
2025-11-28,8.0,8.0257,8.0786,8.1618
2025-12-01,8.0,8.023,8.0786,8.16
2025-12-02,8.0,8.0239,8.0786,8.1609
2025-12-03,8.0,8.0248,8.0786,8.1609
2025-12-04,8.0,8.0248,8.0786,8.1609
2025-12-05,8.0,8.0248,8.0786,8.1609
2025-12-08,8.0,8.023,8.0786,8.16
2025-12-09,8.0,8.0239,8.0786,8.1609
2025-12-10,8.0,8.0248,8.0786,8.1609
2025-12-11,8.0,8.0248,8.0786,8.1609
2025-12-12,8.0,8.0248,8.0786,8.1609
2025-12-15,8.0,8.023,8.0786,8.16
2025-12-16,8.0,8.0239,8.0786,8.1609
2025-12-17,8.0,8.0248,8.0786,8.1609
2025-12-18,8.0,8.0248,8.0786,8.1609
2025-12-19,8.0,8.0248,8.0786,8.1609
2025-12-22,8.0,8.023,8.0786,8.16
2025-12-23,8.0,8.0239,8.0786,8.1609
2025-12-24,8.0,8.0248,8.0786,8.1609
2025-12-25,8.0,8.0248,8.0786,8.1609
2025-12-26,8.0,8.0248,8.0786,8.1609
2025-12-29,8.0,8.023,8.0786,8.16
2025-12-30,8.0,8.0239,8.0786,8.1609
2025-12-31,8.0,8.0248,8.0786,8.1609
2026-01-05,8.0,8.0251,8.0785,8.1599
2026-01-06,8.0,8.0234,8.0794,8.1608
2026-01-08,8.0,8.0252,8.0794,8.1617
2026-01-09,8.0,8.0252,8.0794,8.1617
2026-01-12,8.0,8.025,8.0785,8.1599
2026-01-13,8.0,8.0234,8.0794,8.1608
2026-01-14,8.0,8.0243,8.0785,8.1617
2026-01-15,8.0,8.0252,8.0794,8.1617
2026-01-16,8.0,8.0252,8.0794,8.1617
2026-01-20,8.0,8.0232,8.0793,8.1608
2026-01-21,8.0,8.0241,8.0793,8.1617
2026-01-22,8.0,8.025,8.0793,8.1617
2026-01-23,8.0,8.025,8.0793,8.1617
2026-01-26,8.0,8.0249,8.0784,8.1599
2026-01-27,8.0,8.0232,8.0793,8.1608
2026-01-28,8.0,8.0241,8.0793,8.1617
2026-01-29,8.0,8.025,8.0793,8.1617
2026-01-30,8.0,8.025,8.0793,8.1617
2026-02-02,8.0,8.0227,8.0784,8.1599
2026-02-03,8.0,8.0236,8.0793,8.1608
2026-02-04,8.0,8.0245,8.0793,8.1617
2026-02-05,8.0,8.0254,8.0793,8.1617
2026-02-06,8.0,8.0254,8.0793,8.1617
2026-02-09,8.0,8.0253,8.0784,8.1599
2026-02-10,8.0,8.0237,8.0793,8.1608
2026-02-11,8.0,8.0246,8.0793,8.1617
2026-02-12,8.0,8.0255,8.0793,8.1617
2026-02-13,8.0,8.0255,8.0793,8.1617
2026-02-16,8.0,8.0253,8.0784,8.1599
2026-02-17,8.0,8.023,8.0793,8.1608
2026-02-18,8.0,8.0239,8.0793,8.1617
2026-02-19,8.0,8.0248,8.0793,8.1617
2026-02-20,8.0,8.0257,8.0793,8.1617
2026-02-23,8.0,8.0255,8.0784,8.1599
2026-02-24,8.0,8.0239,8.0793,8.1608
2026-02-25,8.0,8.0248,8.0793,8.1617
2026-02-26,8.0,8.0257,8.0793,8.1617
2026-02-27,8.0,8.0257,8.0793,8.1617
2026-03-02,8.0,8.023,8.0775,8.159
2026-03-04,8.0,8.0229,8.0775,8.159
2026-03-05,8.0,8.0229,8.0775,8.159
2026-03-06,8.0,8.0229,8.0758,8.1572
2026-03-09,8.0,8.0229,8.0775,8.159
2026-03-10,8.0,8.0229,8.0775,8.159
2026-03-11,8.0,8.0229,8.0775,8.159
2026-03-12,8.0,8.0229,8.0775,8.159
2026-03-13,8.0,8.0229,8.0758,8.1572
2026-03-16,8.0,8.0229,8.0775,8.159
2026-03-17,8.0,8.0229,8.0775,8.159
2026-03-18,8.0,8.0229,8.0775,8.159
2026-03-19,8.0,8.0229,8.0775,8.159
2026-03-20,8.0,8.0229,8.0758,8.1572
2026-03-23,8.0,8.0229,8.0775,8.159
2026-03-24,8.0,8.0229,8.0775,8.159
2026-03-25,8.0,8.0229,8.0775,8.159
2026-03-26,8.0,8.0229,8.0775,8.159
2026-03-27,8.0,8.0229,8.0758,8.1572
2026-03-30,8.0,8.0229,8.0775,8.159
2026-03-31,8.0,8.0238,8.0775,8.159
2026-04-01,8.0,8.0247,8.0741,8.1599
2026-04-02,8.0,8.0256,8.075,8.1599
2026-04-03,8.0,8.0248,8.0759,8.1599
2026-04-06,8.0,8.0255,8.0777,8.1599
2026-04-07,8.0,8.0239,8.0768,8.1599
2026-04-08,8.0,8.0248,8.0777,8.1599
2026-04-14,8.0,8.0231,8.0774,8.1589
2026-04-15,8.0,8.0241,8.0774,8.1598
2026-04-16,8.0,8.025,8.0774,8.1598
2026-04-17,8.0,8.025,8.0749,8.1598
2026-04-20,8.0,8.0248,8.0775,8.1598
2026-04-21,8.0,8.0231,8.0775,8.1598
2026-04-22,8.0,8.0241,8.0775,8.1598
2026-04-23,8.0,8.025,8.0775,8.1598
2026-04-24,8.0,8.025,8.0758,8.1598
2026-04-27,8.0,8.0248,8.0775,8.1598
2026-04-28,8.0,8.0231,8.0775,8.1598
2026-04-29,8.0,8.0241,8.0775,8.1598
2026-04-30,8.0,8.025,8.0775,8.1598
2026-05-01,8.0,8.0241,8.0758,8.1571
2026-05-04,8.0,8.0222,8.0766,8.1589
2026-05-05,8.0,8.0231,8.0766,8.1589
2026-05-06,8.0,8.0241,8.0766,8.1589
2026-05-07,8.25,8.0325,8.0778,8.1603
